cd,exp,T,F,K,cp,oi,px,iv,gamma,g1pct
202610,2026-10-21,0.057534246575342465,48325.0,33900.0,call,0,14410.0,0.20495858202376888,7.160374066333936e-16,0.0
202610,2026-10-21,0.057534246575342465,48325.0,33900.0,put,378,5.8,0.5491575678112334,1.3998253690035763e-06,0.25570400041782976
202610,2026-10-21,0.057534246575342465,48325.0,34000.0,call,0,14310.0,0.20495858202376888,1.1026657632745285e-15,0.0
202610,2026-10-21,0.057534246575342465,48325.0,34000.0,put,132,5.9,0.5459321004008898,1.4354180261957832e-06,0.09156388047300282
202610,2026-10-21,0.057534246575342465,48325.0,34100.0,call,0,14210.0,0.20495858202376888,1.6898542295353588e-15,0.0
202610,2026-10-21,0.057534246575342465,48325.0,34100.0,put,12,6.0,0.5426927071031052,1.4717104245731137e-06,0.008534448752099487
202610,2026-10-21,0.057534246575342465,48325.0,34200.0,call,0,14120.0,0.20495858202376888,2.577321654824816e-15,0.0
202610,2026-10-21,0.057534246575342465,48325.0,34200.0,put,119,6.2,0.5403489435502181,1.5243558432445238e-06,0.08766075038850202
202610,2026-10-21,0.057534246575342465,48325.0,34300.0,call,0,14020.0,0.20495858202376888,3.912178923425599e-15,0.0
202610,2026-10-21,0.057534246575342465,48325.0,34300.0,put,6,6.2,0.5361742994369736,1.5464723916914277e-06,0.0044839966997092945
202610,2026-10-21,0.057534246575342465,48325.0,34400.0,call,0,13920.0,0.20495858202376888,5.910388240277116e-15,0.0
202610,2026-10-21,0.057534246575342465,48325.0,34400.0,put,2,6.3,0.5328962981839676,1.5849824223118998e-06,0.0015318855111644512
202610,2026-10-21,0.057534246575342465,48325.0,34500.0,call,0,13820.0,0.20495858202376888,8.88744370483373e-15,0.0
202610,2026-10-21,0.057534246575342465,48325.0,34500.0,put,11,6.4,0.5296064002957647,1.6242731703568166e-06,0.008634230105324249
202610,2026-10-21,0.057534246575342465,48325.0,34600.0,call,0,13720.0,0.20495858202376888,1.3302015184660276e-14,0.0
202610,2026-10-21,0.057534246575342465,48325.0,34600.0,put,9,6.5,0.5263050537525229,1.664366475196128e-06,0.0072387458922467595
202610,2026-10-21,0.057534246575342465,48325.0,34700.0,call,0,13620.0,0.20495858202376888,1.9817722572546303e-14,0.0
202610,2026-10-21,0.057534246575342465,48325.0,34700.0,put,0,6.6,0.5229926854474289,1.7052848706672362e-06,0.0
202610,2026-10-21,0.057534246575342465,48325.0,34800.0,call,0,13520.0,0.20495858202376888,2.9390137691286046e-14,0.0
202610,2026-10-21,0.057534246575342465,48325.0,34800.0,put,42,6.8,0.520485036857016,1.763350691688539e-06,0.035789847313856434
202610,2026-10-21,0.057534246575342465,48325.0,34900.0,call,0,13420.0,0.20495858202376888,4.338871111483541e-14,0.0
202610,2026-10-21,0.057534246575342465,48325.0,34900.0,put,15,6.9,0.5171376082589335,1.8061114058462854e-06,0.013092050053128261
202610,2026-10-21,0.057534246575342465,48325.0,35000.0,call,0,13320.0,0.20495858202376888,6.376680429542735e-14,0.0
202610,2026-10-21,0.057534246575342465,48325.0,35000.0,put,166,7.0,0.5137806787927583,1.8497724551690462e-06,0.1483878214674333
202610,2026-10-21,0.057534246575342465,48325.0,35100.0,call,0,13220.0,0.20495858202376888,9.329764808487299e-14,0.0
202610,2026-10-21,0.057534246575342465,48325.0,35100.0,put,13,7.1,0.510414587731763,1.8943595104287915e-06,0.011900840034391276
202610,2026-10-21,0.057534246575342465,48325.0,35200.0,call,0,13120.0,0.20495858202376888,1.3590019795518562e-13,0.0
202610,2026-10-21,0.057534246575342465,48325.0,35200.0,put,10,7.3,0.5077925329099056,1.956595079816965e-06,0.009455245723215483
202610,2026-10-21,0.057534246575342465,48325.0,35300.0,call,0,13020.0,0.20495858202376888,1.970869598259698e-13,0.0
202610,2026-10-21,0.057534246575342465,48325.0,35300.0,put,14,7.3,0.5036562021287575,1.9864186749412174e-06,0.013439115545314805
202610,2026-10-21,0.057534246575342465,48325.0,35400.0,call,0,12920.0,0.20495858202376888,2.845764812116481e-13,0.0
202610,2026-10-21,0.057534246575342465,48325.0,35400.0,put,4,7.5,0.5009924055286413,2.050915374687901e-06,0.003964419419271713
202610,2026-10-21,0.057534246575342465,48325.0,35500.0,call,0,12820.0,0.20495858202376888,4.0912704621816155e-13,0.0
202610,2026-10-21,0.057534246575342465,48325.0,35500.0,put,32,7.6,0.49758070520854103,2.0996224404683858e-06,0.032468561419403116
202610,2026-10-21,0.057534246575342465,48325.0,35600.0,call,0,12720.0,0.20495858202376888,5.856660590177865e-13,0.0
202610,2026-10-21,0.057534246575342465,48325.0,35600.0,put,10,7.8,0.4948590398335369,2.1665498483388046e-06,0.010469852142097273
202610,2026-10-21,0.057534246575342465,48325.0,35700.0,call,0,12620.0,0.20495858202376888,8.34812736816114e-13,0.0
202610,2026-10-21,0.057534246575342465,48325.0,35700.0,put,6,7.8,0.4907353294909101,2.200282661928283e-06,0.006379719578261056
202610,2026-10-21,0.057534246575342465,48325.0,35800.0,call,0,12520.0,0.20495858202376888,1.1849213970868833e-12,0.0
202610,2026-10-21,0.057534246575342465,48325.0,35800.0,put,11,8.0,0.48797717383744876,2.2697491568423227e-06,0.012065419080484576
202610,2026-10-21,0.057534246575342465,48325.0,35900.0,call,0,12420.0,0.20495858202376888,1.6748104467253629e-12,0.0
202610,2026-10-21,0.057534246575342465,48325.0,35900.0,put,8,8.2,0.4851847364654812,2.3405917087140527e-06,0.009048727545888528
202610,2026-10-21,0.057534246575342465,48325.0,36000.0,call,0,12320.0,0.20495858202376888,2.357390139883279e-12,0.0
202610,2026-10-21,0.057534246575342465,48325.0,36000.0,put,128,8.2,0.4810694643940734,2.3776420544631273e-06,0.14707142692087122
202610,2026-10-21,0.057534246575342465,48325.0,36100.0,call,0,12220.0,0.20495858202376888,3.304462644698264e-12,0.0
202610,2026-10-21,0.057534246575342465,48325.0,36100.0,put,7,8.3,0.477606434001844,2.4334371998000326e-06,0.008231709687623559
202610,2026-10-21,0.057534246575342465,48325.0,36200.0,call,0,12120.0,0.20495858202376888,4.613043785810137e-12,0.0
202610,2026-10-21,0.057534246575342465,48325.0,36200.0,put,52,8.5,0.4747651446260082,2.508503576685543e-06,0.06303618637853102
202610,2026-10-21,0.057534246575342465,48325.0,36300.0,call,0,12020.0,0.20495858202376888,6.413650372104162e-12,0.0
202610,2026-10-21,0.057534246575342465,48325.0,36300.0,put,13,8.7,0.4718933973135272,2.5851291645165494e-06,0.016240427693784094
202610,2026-10-21,0.057534246575342465,48325.0,36400.0,call,0,11920.0,0.20495858202376888,8.88111422849504e-12,0.0
202610,2026-10-21,0.057534246575342465,48325.0,36400.0,put,60,8.8,0.4683942203374411,2.6452390549379993e-06,0.0766987063979273
202610,2026-10-21,0.057534246575342465,48325.0,36500.0,call,0,11820.0,0.20495858202376888,1.2248628529979623e-11,0.0
202610,2026-10-21,0.057534246575342465,48325.0,36500.0,put,31,9.0,0.4654791767392714,2.725067774908047e-06,0.04082355906895373
202610,2026-10-21,0.057534246575342465,48325.0,36600.0,call,0,11720.0,0.20495858202376888,1.682590910167791e-11,0.0
202610,2026-10-21,0.057534246575342465,48325.0,36600.0,put,13,9.2,0.46253679317780255,2.8066161673914845e-06,0.017631864417595153
202610,2026-10-21,0.057534246575342465,48325.0,36700.0,call,0,11620.0,0.20495858202376888,2.3022569082357286e-11,0.0
202610,2026-10-21,0.057534246575342465,48325.0,36700.0,put,3,9.3,0.45900563318508375,2.8714691489096705e-06,0.004162912398631795
202610,2026-10-21,0.057534246575342465,48325.0,36800.0,call,0,11520.0,0.20495858202376888,3.137806664127321e-11,0.0
202610,2026-10-21,0.057534246575342465,48325.0,36800.0,put,5,9.5,0.4560243573563284,2.9565439656536e-06,0.007143749357010511
202610,2026-10-21,0.057534246575342465,48325.0,36900.0,call,0,11420.0,0.20495858202376888,4.2599900012029656e-11,0.0
202610,2026-10-21,0.057534246575342465,48325.0,36900.0,put,18,9.7,0.4530183936387751,3.0435157845973796e-06,0.026474022052320304
202610,2026-10-21,0.057534246575342465,48325.0,37000.0,call,0,11320.0,0.20495858202376888,5.7612100519750866e-11,0.0
202610,2026-10-21,0.057534246575342465,48325.0,37000.0,put,216,9.8,0.4494587598174125,3.1135904032075283e-06,0.32500279346760824
202610,2026-10-21,0.057534246575342465,48325.0,37100.0,call,0,11220.0,0.20495858202376888,7.761652189098171e-11,0.0
202610,2026-10-21,0.057534246575342465,48325.0,37100.0,put,18,10.0,0.44641765354019797,3.2044483859277775e-06,0.027873894284992776
202610,2026-10-21,0.057534246575342465,48325.0,37200.0,call,0,11120.0,0.20495858202376888,1.0416995304780418e-10,0.0
202610,2026-10-21,0.057534246575342465,48325.0,37200.0,put,4,10.0,0.4423287618965569,3.2589603856188476e-06,0.006299570425401233
202610,2026-10-21,0.057534246575342465,48325.0,37300.0,call,0,11020.0,0.20495858202376888,1.3928070251726828e-10,0.0
202610,2026-10-21,0.057534246575342465,48325.0,37300.0,put,3,10.5,0.4407656050316981,3.411708580794454e-06,0.004946124515006759
202610,2026-10-21,0.057534246575342465,48325.0,37400.0,call,0,10920.0,0.20495858202376888,1.855290267002147e-10,0.0
202610,2026-10-21,0.057534246575342465,48325.0,37400.0,put,7,10.5,0.4366735300909071,3.4704737830309213e-06,0.011739745189547849
202610,2026-10-21,0.057534246575342465,48325.0,37500.0,call,0,10820.0,0.20495858202376888,2.462166129119356e-10,0.0
202610,2026-10-21,0.057534246575342465,48325.0,37500.0,put,80,11.0,0.43498612593983393,3.6283346651805717e-06,0.1402714181558809
202610,2026-10-21,0.057534246575342465,48325.0,37600.0,call,0,10720.0,0.20495858202376888,3.2555129259251363e-10,0.0
202610,2026-10-21,0.057534246575342465,48325.0,37600.0,put,8,11.0,0.4308913037737581,3.6916373341136405e-06,0.014271869933683335
202610,2026-10-21,0.057534246575342465,48325.0,37700.0,call,0,10620.0,0.20495858202376888,4.28874261134715e-10,0.0
202610,2026-10-21,0.057534246575342465,48325.0,37700.0,put,59,11.5,0.4290892791052425,3.8550271000413945e-06,0.10991356891960523
202610,2026-10-21,0.057534246575342465,48325.0,37800.0,call,0,10520.0,0.20495858202376888,5.629383281293698e-10,0.0
202610,2026-10-21,0.057534246575342465,48325.0,37800.0,put,7,11.5,0.4249920778819609,3.923177567634612e-06,0.013271128916915984
202610,2026-10-21,0.057534246575342465,48325.0,37900.0,call,0,10420.0,0.20495858202376888,7.362471236114629e-10,0.0
202610,2026-10-21,0.057534246575342465,48325.0,37900.0,put,59,11.5,0.4209026103941892,3.993055123429855e-06,0.11384898941545116
202610,2026-10-21,0.057534246575342465,48325.0,38000.0,call,0,10320.0,0.20495858202376888,9.594667479257178e-10,0.0
202610,2026-10-21,0.057534246575342465,48325.0,38000.0,put,256,12.0,0.41898463057101637,4.165874615954316e-06,0.5153686804889402
202610,2026-10-21,0.057534246575342465,48325.0,38100.0,call,0,10220.0,0.20495858202376888,1.2459230778259107e-09,0.0
202610,2026-10-21,0.057534246575342465,48325.0,38100.0,put,67,12.0,0.414892935069779,4.241101704342029e-06,0.13731733070776012
202610,2026-10-21,0.057534246575342465,48325.0,38200.0,call,0,10130.0,0.3718874513413593,2.548744049519869e-06,0.0
202610,2026-10-21,0.057534246575342465,48325.0,38200.0,put,6,12.5,0.41287670417561406,4.420569136065679e-06,0.012817440210022438
202610,2026-10-21,0.057534246575342465,48325.0,38300.0,call,0,10030.0,0.36813535738332714,2.5968403100760616e-06,0.0
202610,2026-10-21,0.057534246575342465,48325.0,38300.0,put,2,12.5,0.40878302882796635,4.501532037543262e-06,0.004350730714285563
202610,2026-10-21,0.057534246575342465,48325.0,38400.0,call,0,9930.0,0.36439032492669743,2.6462433280051083e-06,0.0
202610,2026-10-21,0.057534246575342465,48325.0,38400.0,put,10,13.0,0.40667515226828366,4.688169895429153e-06,0.02265558101966138
202610,2026-10-21,0.057534246575342465,48325.0,38500.0,call,0,9830.0,0.36065227748117346,2.697001453333667e-06,0.0
202610,2026-10-21,0.057534246575342465,48325.0,38500.0,put,150,13.0,0.40257969476972433,4.775291827352707e-06,0.34614896633522935
202610,2026-10-21,0.057534246575342465,48325.0,38600.0,call,0,9730.0,0.35692113828080047,2.749165323506555e-06,0.0
202610,2026-10-21,0.057534246575342465,48325.0,38600.0,put,28,13.5,0.4003860601611078,4.969662167205033e-06,0.0672444987844513
202610,2026-10-21,0.057534246575342465,48325.0,38700.0,call,0,9630.0,0.3531968302571548,2.8027879959115708e-06,0.0
202610,2026-10-21,0.057534246575342465,48325.0,38700.0,put,29,13.5,0.3962889717029063,5.063407400706355e-06,0.07095985716534903
202610,2026-10-21,0.057534246575342465,48325.0,38800.0,call,0,9530.0,0.349479276011888,2.857925089542401e-06,0.0
202610,2026-10-21,0.057534246575342465,48325.0,38800.0,put,59,14.0,0.3940148443798455,5.266117093838798e-06,0.15014621405025835
202610,2026-10-21,0.057534246575342465,48325.0,38900.0,call,1,9430.0,0.3457683977878692,2.91463493649839e-06,0.001408497333062847
202610,2026-10-21,0.057534246575342465,48325.0,38900.0,put,428,14.5,0.39167313495838835,5.4731049731999695e-06,1.132007774711923
202610,2026-10-21,0.057534246575342465,48325.0,39000.0,call,0,9330.0,0.3420641174401369,2.9729787441788007e-06,0.0
202610,2026-10-21,0.057534246575342465,48325.0,39000.0,put,710,14.5,0.3875663353254666,5.5787021982808086e-06,1.9140945644966327
202610,2026-10-21,0.057534246575342465,48325.0,39100.0,call,0,9230.0,0.3383663564045186,3.0330207689427692e-06,0.0
202610,2026-10-21,0.057534246575342465,48325.0,39100.0,put,8,15.0,0.3851528889505061,5.795071558138834e-06,0.02240374664376473
202610,2026-10-21,0.057534246575342465,48325.0,39200.0,call,0,9130.0,0.3346750356660293,3.094828502291793e-06,0.0
202610,2026-10-21,0.057534246575342465,48325.0,39200.0,put,21,15.5,0.38267926420581766,6.016337858286706e-06,0.06105530067035807
202610,2026-10-21,0.057534246575342465,48325.0,39300.0,call,0,9030.0,0.3309900757257061,3.1584728705571698e-06,0.0
202610,2026-10-21,0.057534246575342465,48325.0,39300.0,put,25,15.5,0.3785635192778609,6.135189892393764e-06,0.07412076288748216
202610,2026-10-21,0.057534246575342465,48325.0,39400.0,call,0,8930.0,0.3273113965656748,3.2240284492237414e-06,0.0
202610,2026-10-21,0.057534246575342465,48325.0,39400.0,put,11,16.0,0.3760253388576561,6.367015506943199e-06,0.033845462681033306
202610,2026-10-21,0.057534246575342465,48325.0,39500.0,call,1,8830.0,0.3236389176132775,3.291573693190663e-06,0.001590652987234388
202610,2026-10-21,0.057534246575342465,48325.0,39500.0,put,271,16.5,0.37343309687794357,6.60442820040043e-06,0.8649208704455907
202610,2026-10-21,0.057534246575342465,48325.0,39600.0,call,0,8730.0,0.3199725577038248,3.3611911843280934e-06,0.0
202610,2026-10-21,0.057534246575342465,48325.0,39600.0,put,34,17.0,0.370789353574652,6.847694701395373e-06,0.11251104779127669
202610,2026-10-21,0.057534246575342465,48325.0,39700.0,call,0,8630.0,0.3163122350405423,3.4329678977595322e-06,0.0
202610,2026-10-21,0.057534246575342465,48325.0,39700.0,put,43,17.0,0.3666580849092614,6.987478415384306e-06,0.14519805460208204
202610,2026-10-21,0.057534246575342465,48325.0,39800.0,call,0,8530.0,0.31265786715468397,3.5069954887118484e-06,0.0
202610,2026-10-21,0.057534246575342465,48325.0,39800.0,put,52,17.0,0.36253288358442326,7.131477081605595e-06,0.17920688758366699
202610,2026-10-21,0.057534246575342465,48325.0,39900.0,call,4,8430.0,0.30900937086160835,3.5833706015172282e-06,0.0069266553727328015
202610,2026-10-21,0.057534246575342465,48325.0,39900.0,put,57,18.0,0.3612116363691956,7.505505775800877e-06,0.2067410329708791
202610,2026-10-21,0.057534246575342465,48325.0,40000.0,call,1,8330.0,0.30536666221733577,3.662195203068391e-06,0.0017697558318828
202610,2026-10-21,0.057534246575342465,48325.0,40000.0,put,1168,18.5,0.3584201793212857,7.774830232504546e-06,4.3883940771139365
202610,2026-10-21,0.057534246575342465,48325.0,40100.0,call,0,8230.0,0.3017296564702315,3.743576942619938e-06,0.0
202610,2026-10-21,0.057534246575342465,48325.0,40100.0,put,52,19.0,0.3555857285348925,8.051457894771482e-06,0.2023250854377126
202610,2026-10-21,0.057534246575342465,48325.0,40200.0,call,0,8130.0,0.2980982680131585,3.827629540749326e-06,0.0
202610,2026-10-21,0.057534246575342465,48325.0,40200.0,put,89,19.5,0.3527099813705505,8.335728493824197e-06,0.35851343072300834
202610,2026-10-21,0.057534246575342465,48325.0,40300.0,call,0,8030.0,0.29447241033128835,3.914473209889339e-06,0.0
202610,2026-10-21,0.057534246575342465,48325.0,40300.0,put,33,20.0,0.3497945113516284,8.627997319964668e-06,0.13759283026080654
202610,2026-10-21,0.057534246575342465,48325.0,40400.0,call,0,7940.0,0.3322310368426927,7.568865777027266e-06,0.0
202610,2026-10-21,0.057534246575342465,48325.0,40400.0,put,25,20.0,0.3456293259259759,8.815331440164769e-06,0.10650022296149063
202610,2026-10-21,0.057534246575342465,48325.0,40500.0,call,0,7840.0,0.32820036612289594,7.737179516015762e-06,0.0
202610,2026-10-21,0.057534246575342465,48325.0,40500.0,put,73,20.5,0.3426693381700386,9.124296981278646e-06,0.3218801056828121
202610,2026-10-21,0.057534246575342465,48325.0,40600.0,call,0,7740.0,0.32417491556468125,7.911085551797283e-06,0.0
202610,2026-10-21,0.057534246575342465,48325.0,40600.0,put,36,21.0,0.3396725261662407,9.442387918800533e-06,0.1642692226233729
202610,2026-10-21,0.057534246575342465,48325.0,40700.0,call,0,7640.0,0.32015457378355106,8.090840689160078e-06,0.0
202610,2026-10-21,0.057534246575342465,48325.0,40700.0,put,28,21.5,0.3366401402250841,9.770035293527035e-06,0.1321983475567143
202610,2026-10-21,0.057534246575342465,48325.0,40800.0,call,1,7540.0,0.31613922770023667,8.276716951601111e-06,0.003999723466861237
202610,2026-10-21,0.057534246575342465,48325.0,40800.0,put,36,22.0,0.3335733439201804,1.0107692569941973e-05,0.17584352763928052
202610,2026-10-21,0.057534246575342465,48325.0,40900.0,call,0,7440.0,0.3121287624523162,8.46900269423075e-06,0.0
202610,2026-10-21,0.057534246575342465,48325.0,40900.0,put,43,22.5,0.3304732208024114,1.045583734689649e-05,0.21726968610917233
202610,2026-10-21,0.057534246575342465,48325.0,41000.0,call,0,7340.0,0.30812306129032824,8.66800381282739e-06,0.0
202610,2026-10-21,0.057534246575342465,48325.0,41000.0,put,449,23.5,0.32838465065560063,1.0931546923555702e-05,2.371918852812924
202610,2026-10-21,0.057534246575342465,48325.0,41100.0,call,0,7240.0,0.30412200547580465,8.874045060761048e-06,0.0
202610,2026-10-21,0.057534246575342465,48325.0,41100.0,put,30,24.5,0.32620198391191674,1.1418506136428375e-05,0.1655397927128704
202610,2026-10-21,0.057534246575342465,48325.0,41200.0,call,0,7140.0,0.30012547417028024,9.087471483806667e-06,0.0
202610,2026-10-21,0.057534246575342465,48325.0,41200.0,put,33,25.0,0.32296078554854374,1.1802742391494486e-05,0.18822128360276044
202610,2026-10-21,0.057534246575342465,48325.0,41300.0,call,5,7040.0,0.2961333443182918,9.308649985600222e-06,0.02249202552770654
202610,2026-10-21,0.057534246575342465,48325.0,41300.0,put,25,25.5,0.31969140556907916,1.2199743894627626e-05,0.14738815592697
202610,2026-10-21,0.057534246575342465,48325.0,41400.0,call,0,6940.0,0.2921454905234247,9.537971037590661e-06,0.0
202610,2026-10-21,0.057534246575342465,48325.0,41400.0,put,25,26.0,0.3163945240534154,1.2610140306565641e-05,0.15234625757869616
202610,2026-10-21,0.057534246575342465,48325.0,41500.0,call,0,6840.0,0.28816178491685956,9.775850549085024e-06,0.0
202610,2026-10-21,0.057534246575342465,48325.0,41500.0,put,186,27.0,0.31397730155866826,1.3151867296777153e-05,1.1821490160371662
202610,2026-10-21,0.057534246575342465,48325.0,41600.0,call,6,6740.0,0.28418209701773167,1.0022731914908086e-05,0.029060911187275995
202610,2026-10-21,0.057534246575342465,48325.0,41600.0,put,38,27.5,0.31060732221579745,1.3592024959285515e-05,0.24959715033983956
202610,2026-10-21,0.057534246575342465,48325.0,41700.0,call,2,6640.0,0.2802062935848835,1.0279088260447032e-05,0.009934738803722056
202610,2026-10-21,0.057534246575342465,48325.0,41700.0,put,23,28.0,0.3072121783461557,1.4047749361723538e-05,0.1561372222182167
202610,2026-10-21,0.057534246575342465,48325.0,41800.0,call,4,6550.0,0.2976418562488369,1.3643569497046331e-05,0.02637301983779056
202610,2026-10-21,0.057534246575342465,48325.0,41800.0,put,23,29.5,0.3054614524707266,1.4755596021574934e-05,0.16400476088080002
202610,2026-10-21,0.057534246575342465,48325.0,41900.0,call,0,6450.0,0.29343464085224413,1.3992133129857247e-05,0.0
202610,2026-10-21,0.057534246575342465,48325.0,41900.0,put,14,30.0,0.3019818493248341,1.5247027362639645e-05,0.10315376362193851
202610,2026-10-21,0.057534246575342465,48325.0,42000.0,call,1,6350.0,0.28923061123258803,1.435434827864704e-05,0.006936738805656183
202610,2026-10-21,0.057534246575342465,48325.0,42000.0,put,553,30.5,0.2984793361065352,1.575667525703015e-05,4.210770564831781
202610,2026-10-21,0.057534246575342465,48325.0,42100.0,call,0,6250.0,0.2850296027669988,1.473096189493956e-05,0.0
202610,2026-10-21,0.057534246575342465,48325.0,42100.0,put,44,31.5,0.2957251393355774,1.6404459998110787e-05,0.34880803293982965
202610,2026-10-21,0.057534246575342465,48325.0,42200.0,call,2,6150.0,0.28083144654525677,1.5122774052932597e-05,0.014616161122159355
202610,2026-10-21,0.057534246575342465,48325.0,42200.0,put,182,32.0,0.29216179532330344,1.6954707169052643e-05,1.4911919275789334
202610,2026-10-21,0.057534246575342465,48325.0,42300.0,call,0,6050.0,0.27663596911542504,1.553064263594922e-05,0.0
202610,2026-10-21,0.057534246575342465,48325.0,42300.0,put,31,33.0,0.2893091814469572,1.7646247918443916e-05,0.2643540285042287
202610,2026-10-21,0.057534246575342465,48325.0,42400.0,call,3,5950.0,0.27244299221070084,1.595548851945368e-05,0.02313146948107797
202610,2026-10-21,0.057534246575342465,48325.0,42400.0,put,36,34.0,0.2863987186930798,1.836147125786002e-05,0.3194345154729908
202610,2026-10-21,0.057534246575342465,48325.0,42500.0,call,0,5850.0,0.26825233245664837,1.6398301312538804e-05,0.0
202610,2026-10-21,0.057534246575342465,48325.0,42500.0,put,194,35.0,0.2834325151931502,1.910179804406417e-05,1.790803117530038
202610,2026-10-21,0.057534246575342465,48325.0,42600.0,call,1,5750.0,0.2640638010593403,1.6860145728991033e-05,0.008147665423534917
202610,2026-10-21,0.057534246575342465,48325.0,42600.0,put,32,36.5,0.2810776550571019,1.998701688004368e-05,0.30907922903299545
202610,2026-10-21,0.057534246575342465,48325.0,42700.0,call,1,5660.0,0.2746996190346819,2.017691836950665e-05,0.00975049580206409
202610,2026-10-21,0.057534246575342465,48325.0,42700.0,put,30,37.0,0.27734042012409604,2.0663903804605526e-05,0.29957494540726864
202610,2026-10-21,0.057534246575342465,48325.0,42800.0,call,5,5560.0,0.27033534001156534,2.0749686530558894e-05,0.05013643007946293
202610,2026-10-21,0.057534246575342465,48325.0,42800.0,put,175,39.0,0.2754711752298906,2.1724547316660574e-05,1.837217810885839
202610,2026-10-21,0.057534246575342465,48325.0,42900.0,call,5,5460.0,0.2659722077173554,2.1347848989741692e-05,0.05158174012146337
202610,2026-10-21,0.057534246575342465,48325.0,42900.0,put,90,41.0,0.2734677228809802,2.2812544121935342e-05,0.9921745752232729
202610,2026-10-21,0.057534246575342465,48325.0,43000.0,call,3,5360.0,0.26160998814701963,2.197299208669298e-05,0.03185534527768315
202610,2026-10-21,0.057534246575342465,48325.0,43000.0,put,1118,42.0,0.2701848019218806,2.37040350862566e-05,12.806662000174654
202610,2026-10-21,0.057534246575342465,48325.0,43100.0,call,0,5260.0,0.2572484390759016,2.262683173183655e-05,0.0
202610,2026-10-21,0.057534246575342465,48325.0,43100.0,put,36,42.0,0.26571772593072934,2.4399777089694474e-05,0.42448292202941484
202610,2026-10-21,0.057534246575342465,48325.0,43200.0,call,0,5160.0,0.25288730950701727,2.3311226597801054e-05,0.0
202610,2026-10-21,0.057534246575342465,48325.0,43200.0,put,73,45.5,0.26512687277626806,2.5937163151320645e-05,0.9149917887799263
202610,2026-10-21,0.057534246575342465,48325.0,43300.0,call,0,5070.0,0.2600752742133533,2.6603989259386935e-05,0.0
202610,2026-10-21,0.057534246575342465,48325.0,43300.0,put,89,47.5,0.26272273882301445,2.7166437112534645e-05,1.1684080853822807
202610,2026-10-21,0.057534246575342465,48325.0,43400.0,call,0,4970.0,0.2555660358712224,2.7420053364873198e-05,0.0
202610,2026-10-21,0.057534246575342465,48325.0,43400.0,put,95,48.0,0.2586934542074392,2.810777154851358e-05,1.2903926570778228
202610,2026-10-21,0.057534246575342465,48325.0,43500.0,call,210,4870.0,0.2510559721483043,2.827576699563289e-05,2.8694955241343147
202610,2026-10-21,0.057534246575342465,48325.0,43500.0,put,479,53.0,0.2590548312755027,3.0065205996963778e-05,6.959396172257685
202610,2026-10-21,0.057534246575342465,48325.0,43600.0,call,70,4770.0,0.24654476906383854,2.9173863257024403e-05,0.986878859326993
202610,2026-10-21,0.057534246575342465,48325.0,43600.0,put,115,56.0,0.2572271527576882,3.162429092629137e-05,1.7574804378649853
202610,2026-10-21,0.057534246575342465,48325.0,43700.0,call,35,4680.0,0.2516671540935413,3.242053069009686e-05,0.5483527509596258
202610,2026-10-21,0.057534246575342465,48325.0,43700.0,put,75,57.0,0.25347353642739867,3.283041286570108e-05,1.1898972763012536
202610,2026-10-21,0.057534246575342465,48325.0,43800.0,call,225,4580.0,0.24702441866735955,3.3469511769081696e-05,3.6391818515419643
202610,2026-10-21,0.057534246575342465,48325.0,43800.0,put,82,59.0,0.25055584539284903,3.429359425920538e-05,1.358935112912402
202610,2026-10-21,0.057534246575342465,48325.0,43900.0,call,70,4480.0,0.24237905865350307,3.457282605604105e-05,1.1695122734107286
202610,2026-10-21,0.057534246575342465,48325.0,43900.0,put,91,62.0,0.24839327989793414,3.6010217750630606e-05,1.583576333247294
202610,2026-10-21,0.057534246575342465,48325.0,44000.0,call,226,4390.0,0.2460955864966479,3.778221266199053e-05,4.126365464772965
202610,2026-10-21,0.057534246575342465,48325.0,44000.0,put,840,67.0,0.24768359468863116,3.814993688992665e-05,15.486203881727926
202610,2026-10-21,0.057534246575342465,48325.0,44100.0,call,55,4290.0,0.2413294806904829,3.9055455469236035e-05,1.0380451870529572
202610,2026-10-21,0.057534246575342465,48325.0,44100.0,put,110,68.0,0.2436701491740047,3.961478354000412e-05,2.1058228560277694
202610,2026-10-21,0.057534246575342465,48325.0,44200.0,call,5,4190.0,0.23655902930148162,4.0397993488685484e-05,0.09761165176703629
202610,2026-10-21,0.057534246575342465,48325.0,44200.0,put,92,73.0,0.24259974990801095,4.186064325130731e-05,1.8610823383098716
202610,2026-10-21,0.057534246575342465,48325.0,44300.0,call,1,4100.0,0.23917632504879258,4.365405182548809e-05,0.021095820544667118
202610,2026-10-21,0.057534246575342465,48325.0,44300.0,put,39,78.0,0.24129334463512436,4.414803426568515e-05,0.8320469647968016
202610,2026-10-21,0.057534246575342465,48325.0,44400.0,call,20,4000.0,0.2342915787305811,4.519339004616841e-05,0.43679411479621766
202610,2026-10-21,0.057534246575342465,48325.0,44400.0,put,176,86.0,0.24175567833518635,4.6928765984795546e-05,3.991385404538831
202610,2026-10-21,0.057534246575342465,48325.0,44500.0,call,71,3910.0,0.23611113961581587,4.844369307576117e-05,1.6621394421991726
202610,2026-10-21,0.057534246575342465,48325.0,44500.0,put,602,92.0,0.24057699480933495,4.943392221817426e-05,14.381143632983493
202610,2026-10-21,0.057534246575342465,48325.0,44600.0,call,165,3810.0,0.23111709456164753,5.0200504246023145e-05,4.002799956686963
202610,2026-10-21,0.057534246575342465,48325.0,44600.0,put,236,93.0,0.23613572881319117,5.134418315809537e-05,5.855650056631302
202610,2026-10-21,0.057534246575342465,48325.0,44700.0,call,74,3720.0,0.2322659745422644,5.349490499794296e-05,1.9130045501789392
202610,2026-10-21,0.057534246575342465,48325.0,44700.0,put,59,99.0,0.23463836201527768,5.400747349154758e-05,1.5398475823226316
202610,2026-10-21,0.057534246575342465,48325.0,44800.0,call,340,3630.0,0.23292941071540463,5.673781806352269e-05,9.322307196927095
202610,2026-10-21,0.057534246575342465,48325.0,44800.0,put,194,100.0,0.2300814701152981,5.614087128914163e-05,5.2632347537926725
202610,2026-10-21,0.057534246575342465,48325.0,44900.0,call,204,3530.0,0.22773513908543927,5.887953320788213e-05,5.8045210222326435
202610,2026-10-21,0.057534246575342465,48325.0,44900.0,put,220,106.0,0.22828897540735052,5.89948993986898e-05,6.272042729571706
202610,2026-10-21,0.057534246575342465,48325.0,45000.0,call,566,3440.0,0.22788478007949645,6.224289317488206e-05,17.02464501974715
202610,2026-10-21,0.057534246575342465,48325.0,45000.0,put,931,118.0,0.22944982057607718,6.253687939086948e-05,28.135701625008675
202610,2026-10-21,0.057534246575342465,48325.0,45100.0,call,1,3350.0,0.22766167574474458,6.560851671497887e-05,0.03170531570251354
202610,2026-10-21,0.057534246575342465,48325.0,45100.0,put,77,135.0,0.23256110029112942,6.640303486831611e-05,2.4708735282087595
202610,2026-10-21,0.057534246575342465,48325.0,45200.0,call,1,3260.0,0.22710310986971244,6.899655943058384e-05,0.03334258734482964
202610,2026-10-21,0.057534246575342465,48325.0,45200.0,put,99,136.0,0.22757734963495926,6.90688821736832e-05,3.3043761937328084
202610,2026-10-21,0.057534246575342465,48325.0,45300.0,call,8,3170.0,0.22623902228272724,7.242509076983669e-05,0.27999540091618863
202610,2026-10-21,0.057534246575342465,48325.0,45300.0,put,69,145.0,0.2262390222827282,7.24250907698368e-05,2.414960332902131
202610,2026-10-21,0.057534246575342465,48325.0,45400.0,call,2,3080.0,0.225093772976144,7.591083576164856e-05,0.07336782276363334
202610,2026-10-21,0.057534246575342465,48325.0,45400.0,put,63,153.0,0.22422035392620585,7.581003209704821e-05,2.3080174746866087
202610,2026-10-21,0.057534246575342465,48325.0,45500.0,call,64,2990.0,0.2236873831689399,7.946973226730768e-05,2.4578398795632923
202610,2026-10-21,0.057534246575342465,48325.0,45500.0,put,256,167.0,0.22452279076614687,7.954531145432878e-05,9.840709570637923
202610,2026-10-21,0.057534246575342465,48325.0,45600.0,call,48,2900.0,0.22203642909660268,8.311737098528383e-05,1.9279905373746438
202610,2026-10-21,0.057534246575342465,48325.0,45600.0,put,95,185.0,0.226027185853748,8.336359512005559e-05,3.8271184474678526
202610,2026-10-21,0.057534246575342465,48325.0,45700.0,call,67,2810.0,0.22015469824059347,8.686936176956679e-05,2.812634478034591
202610,2026-10-21,0.057534246575342465,48325.0,45700.0,put,76,188.0,0.22131876825629995,8.69206956602885e-05,3.192336389515416
202610,2026-10-21,0.057534246575342465,48325.0,45800.0,call,63,2720.0,0.21805367863838238,9.074165596585609e-05,2.7626070304664974
202610,2026-10-21,0.057534246575342465,48325.0,45800.0,put,118,203.0,0.22104152382069892,9.078842872749538e-05,5.177073965542333
202610,2026-10-21,0.057534246575342465,48325.0,45900.0,call,16,2620.0,0.2120707475131887,9.474056436609184e-05,0.7325340436786222
202610,2026-10-21,0.057534246575342465,48325.0,45900.0,put,85,216.0,0.2197122555613259,9.470124989397461e-05,3.889972215957375
202610,2026-10-21,0.057534246575342465,48325.0,46000.0,call,127,2550.0,0.216732691940293,9.87755825026238e-05,6.062129131037905
202610,2026-10-21,0.057534246575342465,48325.0,46000.0,put,616,232.0,0.21915425195459984,9.865383713164537e-05,29.36747154502246
202610,2026-10-21,0.057534246575342465,48325.0,46100.0,call,76,2470.0,0.2172781961893274,0.00010274284814461986,3.7734365838074533
202610,2026-10-21,0.057534246575342465,48325.0,46100.0,put,80,255.0,0.22059174629410652,0.00010244013344498504,3.9603355589831213
202610,2026-10-21,0.057534246575342465,48325.0,46200.0,call,31,2390.0,0.21742002243667768,0.00010668536064757508,1.5982267165211606
202610,2026-10-21,0.057534246575342465,48325.0,46200.0,put,62,264.0,0.21709897884828477,0.00010672573222257118,3.1976630259865666
202610,2026-10-21,0.057534246575342465,48325.0,46300.0,call,41,2300.0,0.21407764967791262,0.00011113625178255695,2.2019703406307465
202610,2026-10-21,0.057534246575342465,48325.0,46300.0,put,79,282.0,0.2162597699256079,0.00011078436491710482,4.229387003349081
202610,2026-10-21,0.057534246575342465,48325.0,46400.0,call,348,2220.0,0.213604050197005,0.00011521554849647289,19.37591400620034
202610,2026-10-21,0.057534246575342465,48325.0,46400.0,put,33,300.0,0.2151128139737791,0.000114911347678831,1.8325199892712376
202610,2026-10-21,0.057534246575342465,48325.0,46500.0,call,112,2140.0,0.2127953240643558,0.0001193405724429069,6.459189142899893
202610,2026-10-21,0.057534246575342465,48325.0,46500.0,put,517,320.0,0.21425786211242298,0.00011898496524579278,29.727233463250187
202610,2026-10-21,0.057534246575342465,48325.0,46600.0,call,196,2060.0,0.21166975911089497,0.0001235339745021881,11.700767462923748
202610,2026-10-21,0.057534246575342465,48325.0,46600.0,put,98,343.0,0.21394063926783152,0.00012288506701133432,5.819652446056277
202610,2026-10-21,0.057534246575342465,48325.0,46700.0,call,92,1990.0,0.21300337219290594,0.00012690914832561267,5.642253825408413
202610,2026-10-21,0.057534246575342465,48325.0,46700.0,put,66,366.0,0.2132786207223728,0.00012681854535799545,4.044814094920586
202610,2026-10-21,0.057534246575342465,48325.0,46800.0,call,117,1910.0,0.21121616165763563,0.00013120720864415544,7.41848837854271
202610,2026-10-21,0.057534246575342465,48325.0,46800.0,put,126,386.0,0.2114846557519771,0.00013110714456008817,7.983048478691488
202610,2026-10-21,0.057534246575342465,48325.0,46900.0,call,110,1840.0,0.21177076665573713,0.0001345467985579461,7.15217144434402
202610,2026-10-21,0.057534246575342465,48325.0,46900.0,put,63,425.0,0.21437737117523922,0.00013346865806873305,4.06341992773806
202610,2026-10-21,0.057534246575342465,48325.0,47000.0,call,904,1760.0,0.2093813329346447,0.00013903450687141668,60.73833660283335
202610,2026-10-21,0.057534246575342465,48325.0,47000.0,put,370,436.0,0.20963694909871877,0.0001389167346430591,24.838659446015576
202610,2026-10-21,0.057534246575342465,48325.0,47100.0,call,382,1690.0,0.20923171089896594,0.00014242906615604114,26.29261925600443
202610,2026-10-21,0.057534246575342465,48325.0,47100.0,put,43,470.0,0.21047948953822068,0.00014180338685411875,2.9466389279818745
202610,2026-10-21,0.057534246575342465,48325.0,47200.0,call,441,1610.0,0.20627405699515114,0.0001471858833799201,31.367261961215757
202610,2026-10-21,0.057534246575342465,48325.0,47200.0,put,84,496.0,0.20896670244565152,0.0001457103407076123,5.914819860344107
202610,2026-10-21,0.057534246575342465,48325.0,47300.0,call,65,1560.0,0.21026261784396466,0.0001479046842755061,4.645871013948991
202610,2026-10-21,0.057534246575342465,48325.0,47300.0,put,89,555.0,0.21503952824039393,0.0001451921857674014,6.244607015716609
202610,2026-10-21,0.057534246575342465,48325.0,47400.0,call,61,1490.0,0.20903076378430885,0.00015134458256254777,4.461373440924424
202610,2026-10-21,0.057534246575342465,48325.0,47400.0,put,63,570.0,0.21020658973335507,0.00015062226264124035,4.5856571305469025
202610,2026-10-21,0.057534246575342465,48325.0,47500.0,call,212,1420.0,0.2074753969642793,0.0001548594175910616,15.86519247278667
202610,2026-10-21,0.057534246575342465,48325.0,47500.0,put,475,590.0,0.20631677739767562,0.0001556246441117235,35.72266440182043
202610,2026-10-21,0.057534246575342465,48325.0,47600.0,call,44,1360.0,0.2078838868235667,0.0001568847213026477,3.335839829058198
202610,2026-10-21,0.057534246575342465,48325.0,47600.0,put,60,635.0,0.20788388682356676,0.00015688472130264767,4.548872494170269
202610,2026-10-21,0.057534246575342465,48325.0,47700.0,call,71,1300.0,0.20791696934994025,0.00015890164804651215,5.4520347207118665
202610,2026-10-21,0.057534246575342465,48325.0,47700.0,put,70,665.0,0.20566339363064604,0.00016052336008794138,5.430103963374837
202610,2026-10-21,0.057534246575342465,48325.0,47800.0,call,83,1250.0,0.2098133868071341,0.0001592950594809965,6.3892850120179
202610,2026-10-21,0.057534246575342465,48325.0,47800.0,put,88,730.0,0.21092668391936611,0.0001584930482604388,6.740075370323421
202610,2026-10-21,0.057534246575342465,48325.0,47900.0,call,25,1180.0,0.2068986491540587,0.00016296171507275485,1.9687812202227195
202610,2026-10-21,0.057534246575342465,48325.0,47900.0,put,81,755.0,0.20689864915405945,0.00016296171507275428,6.378851153521589
202610,2026-10-21,0.057534246575342465,48325.0,48000.0,call,763,1120.0,0.2058595665776431,0.00016502541042553455,60.848128075750495
202610,2026-10-21,0.057534246575342465,48325.0,48000.0,put,537,785.0,0.20366852715310646,0.0001667681189948305,43.277202411783236
202610,2026-10-21,0.057534246575342465,48325.0,48100.0,call,115,1040.0,0.20011370591429262,0.00017072888445000917,9.488044342203697
202610,2026-10-21,0.057534246575342465,48325.0,48100.0,put,75,840.0,0.20555917217412215,0.00016624454063350047,6.025325569585432
202610,2026-10-21,0.057534246575342465,48325.0,48200.0,call,217,1010.0,0.2048978772658071,0.00016747151064043823,17.561941831187216
202610,2026-10-21,0.057534246575342465,48325.0,48200.0,put,120,910.0,0.21032012566810004,0.00016316282872270237,9.46181243762951
202610,2026-10-21,0.057534246575342465,48325.0,48300.0,call,222,960.0,0.20495858202376888,0.00016781904702208334,18.003879093099634
202610,2026-10-21,0.057534246575342465,48325.0,48300.0,put,94,935.0,0.20495858202376888,0.00016781904702208334,7.623264120501647
202610,2026-10-21,0.057534246575342465,48325.0,48400.0,call,215,905.0,0.20357459344170128,0.00016905954679038296,17.565075587087303
202610,2026-10-21,0.057534246575342465,48325.0,48400.0,put,53,985.0,0.20465586829687907,0.00016816670079125695,4.307127582340871
202610,2026-10-21,0.057534246575342465,48325.0,48500.0,call,348,865.0,0.20507260701820063,0.00016762865288386136,28.19027818413185
202610,2026-10-21,0.057534246575342465,48325.0,48500.0,put,178,1040.0,0.20507260701820207,0.0001676286528838602,14.419165278090329
202610,2026-10-21,0.057534246575342465,48325.0,48600.0,call,218,825.0,0.20621540661823734,0.00016622463854025163,17.5115163332577
202610,2026-10-21,0.057534246575342465,48325.0,48600.0,put,80,1090.0,0.20404399399954415,0.00016797100581963996,6.49375908498728
202610,2026-10-21,0.057534246575342465,48325.0,48700.0,call,234,780.0,0.20591768518145162,0.0001656947769440034,18.73684822421638
202610,2026-10-21,0.057534246575342465,48325.0,48700.0,put,29,1150.0,0.20482693572612717,0.0001665558921172822,2.3341559111046224
202610,2026-10-21,0.057534246575342465,48325.0,48800.0,call,134,725.0,0.20306257110687526,0.00016687189569294982,10.80587304154481
202610,2026-10-21,0.057534246575342465,48325.0,48800.0,put,19,1200.0,0.20306257110687548,0.00016687189569294963,1.5321760282787402
202610,2026-10-21,0.057534246575342465,48325.0,48900.0,call,115,685.0,0.2031239938541588,0.0001654455162395607,9.194427758118286
202610,2026-10-21,0.057534246575342465,48325.0,48900.0,put,7,1260.0,0.20312399385415839,0.00016544551623956099,0.5596608200593749
202610,2026-10-21,0.057534246575342465,48325.0,49000.0,call,595,645.0,0.20282512727167304,0.0001640151299526631,47.159885372026544
202610,2026-10-21,0.057534246575342465,48325.0,49000.0,put,53,1320.0,0.20282512727167396,0.0001640151299526624,4.200796512130077
202610,2026-10-21,0.057534246575342465,48325.0,49100.0,call,767,615.0,0.20442174161756807,0.0001609571149397569,59.65919728448697
202610,2026-10-21,0.057534246575342465,48325.0,49100.0,put,3,1380.0,0.20215841581212596,0.000162567425674276,0.23568212537128164
202610,2026-10-21,0.057534246575342465,48325.0,49200.0,call,160,590.0,0.20684501642537045,0.00015721255660642076,12.155674876808453
202610,2026-10-21,0.057534246575342465,48325.0,49200.0,put,9,1450.0,0.20340811977891396,0.0001595145799273883,0.6937687867491936
202610,2026-10-21,0.057534246575342465,48325.0,49300.0,call,88,535.0,0.20200564509387045,0.00015802189497899914,6.720039105876918
202610,2026-10-21,0.057534246575342465,48325.0,49300.0,put,2,1510.0,0.20200564509386815,0.00015802189497900063,0.1527281614972041
202610,2026-10-21,0.057534246575342465,48325.0,49400.0,call,80,500.0,0.20138180087948027,0.00015572428478728904,6.020300849876595
202610,2026-10-21,0.057534246575342465,48325.0,49400.0,put,2,1580.0,0.20256773417783652,0.0001549996569560972,0.14980716844806796
202610,2026-10-21,0.057534246575342465,48325.0,49500.0,call,574,484.0,0.20496216896375077,0.00015077717574899966,41.82340228372415
202610,2026-10-21,0.057534246575342465,48325.0,49500.0,put,2,1650.0,0.20279188555633096,0.00015200075333444233,0.14690872809773853
202610,2026-10-21,0.057534246575342465,48325.0,49600.0,call,108,439.0,0.20118765372147754,0.000149784092034512,7.817381547373216
202610,2026-10-21,0.057534246575342465,48325.0,49600.0,put,1,1720.0,0.20266796498120093,0.00014900486309652968,0.07200660009139798
202610,2026-10-21,0.057534246575342465,48325.0,49700.0,call,77,411.0,0.20117267078105036,0.00014647539549570086,5.450386085243903
202610,2026-10-21,0.057534246575342465,48325.0,49700.0,put,1,1790.0,0.20218213341701669,0.0001459892255848432,0.07054929326387548
202610,2026-10-21,0.057534246575342465,48325.0,49800.0,call,108,386.0,0.2015747490082073,0.0001428151397869118,7.453664960618713
202610,2026-10-21,0.057534246575342465,48325.0,49800.0,put,3,1860.0,0.20131614981917426,0.00014292764271395467,0.20720935002455582
202610,2026-10-21,0.057534246575342465,48325.0,49900.0,call,67,356.0,0.20031244061225228,0.00013968613045836395,4.522722610448293
202610,2026-10-21,0.057534246575342465,48325.0,49900.0,put,2,1930.0,0.20004636985360352,0.00013978910513592386,0.13510617011387044
202610,2026-10-21,0.057534246575342465,48325.0,50000.0,call,1170,336.0,0.20135388897181636,0.00013552061204278438,76.6236928505204
202610,2026-10-21,0.057534246575342465,48325.0,50000.0,put,25,2010.0,0.2010810471492108,0.00013561292227492688,1.6383736172339605
202610,2026-10-21,0.057534246575342465,48325.0,50100.0,call,94,327.0,0.205167931707119,0.00013052680740483988,5.9292454897685545
202610,2026-10-21,0.057534246575342465,48325.0,50100.0,put,1,2090.0,0.201818008681321,0.000131506838381791,0.06355067964800051
202610,2026-10-21,0.057534246575342465,48325.0,50200.0,call,100,299.0,0.2033983662856684,0.00012716615336597932,6.145304361410951
202610,2026-10-21,0.057534246575342465,48325.0,50200.0,put,2,2170.0,0.2022453816744016,0.00012744720227752537,0.12317772100122827
202610,2026-10-21,0.057534246575342465,48325.0,50300.0,call,54,280.0,0.2038344319868303,0.00012311630122291975,3.2127814385627027
202610,2026-10-21,0.057534246575342465,48325.0,50300.0,put,0,2250.0,0.20234789369336265,0.00012340903221595787,0.0
202610,2026-10-21,0.057534246575342465,48325.0,50400.0,call,38,251.0,0.20086922630840529,0.00011954394151748284,2.195245170056296
202610,2026-10-21,0.057534246575342465,48325.0,50400.0,put,1,2330.0,0.20210613421608178,0.00011936513453969546,0.05768320126630783
202610,2026-10-21,0.057534246575342465,48325.0,50500.0,call,260,230.0,0.1998881716486948,0.00011543665360487625,14.504038342184677
202610,2026-10-21,0.057534246575342465,48325.0,50500.0,put,0,2410.0,0.20149551546924688,0.00011528495760382122,0.0
202610,2026-10-21,0.057534246575342465,48325.0,50600.0,call,90,223.0,0.2031412035794462,0.00011099062309405402,4.827259674918144
202610,2026-10-21,0.057534246575342465,48325.0,50600.0,put,1,2490.0,0.20048478914194426,0.00011113303227240803,0.05370503784564118
202610,2026-10-21,0.057534246575342465,48325.0,50700.0,call,47,207.0,0.2031896499353261,0.00010684190609512314,2.426673502662008
202610,2026-10-21,0.057534246575342465,48325.0,50700.0,put,0,2570.0,0.1990338825286686,0.00010686675720587621,0.0
202610,2026-10-21,0.057534246575342465,48325.0,50800.0,call,330,185.0,0.20073996781287937,0.00010261267502864004,16.363899818504798
202610,2026-10-21,0.057534246575342465,48325.0,50800.0,put,3,2660.0,0.20073996781288095,0.00010261267502864011,0.148762725622771
202610,2026-10-21,0.057534246575342465,48325.0,50900.0,call,64,169.0,0.19997242923231917,9.830810998679187e-05,3.0404732256714992
202610,2026-10-21,0.057534246575342465,48325.0,50900.0,put,0,2740.0,0.19845125941547107,9.817322523403697e-05,0.0
202610,2026-10-21,0.057534246575342465,48325.0,51000.0,call,582,159.0,0.20115269102750152,9.420344834881527e-05,26.49486115327682
202610,2026-10-21,0.057534246575342465,48325.0,51000.0,put,4,2830.0,0.1995738573694158,9.401347948244399e-05,0.18172805583956425
202610,2026-10-21,0.057534246575342465,48325.0,51100.0,call,22,144.0,0.20003177232191727,8.986815635243413e-05,0.9554333042609036
202610,2026-10-21,0.057534246575342465,48325.0,51100.0,put,0,2920.0,0.20044521812497207,8.993328665289098e-05,0.0
202610,2026-10-21,0.057534246575342465,48325.0,51200.0,call,65,139.0,0.202762230199649,8.622086268070378e-05,2.7083050728792566
202610,2026-10-21,0.057534246575342465,48325.0,51200.0,put,1,3010.0,0.20104906502648523,8.591167219777566e-05,0.04151681558957508
202610,2026-10-21,0.057534246575342465,48325.0,51300.0,call,52,129.0,0.2031577471166182,8.230204237708272e-05,2.0681680228937114
202610,2026-10-21,0.057534246575342465,48325.0,51300.0,put,1,3100.0,0.2013652987540044,8.192667675044117e-05,0.03959106653965069
202610,2026-10-21,0.057534246575342465,48325.0,51400.0,call,25,111.0,0.19945755506597848,7.747559391573084e-05,0.9360020189944233
202610,2026-10-21,0.057534246575342465,48325.0,51400.0,put,0,3180.0,0.1965318729311581,7.669322671304784e-05,0.0
202610,2026-10-21,0.057534246575342465,48325.0,51500.0,call,420,103.0,0.20002308484075904,7.369149975080553e-05,14.956795246922246
202610,2026-10-21,0.057534246575342465,48325.0,51500.0,put,0,3280.0,0.20102851328205862,7.396901397556223e-05,0.0
202610,2026-10-21,0.057534246575342465,48325.0,51600.0,call,60,93.0,0.19923611389585608,6.961408155330491e-05,2.018460294638076
202610,2026-10-21,0.057534246575342465,48325.0,51600.0,put,0,3380.0,0.20549280440934836,7.141292396960409e-05,0.0
202610,2026-10-21,0.057534246575342465,48325.0,51700.0,call,17,84.0,0.19857377243439503,6.564029645943159e-05,0.5392514454883454
202610,2026-10-21,0.057534246575342465,48325.0,51700.0,put,1,3460.0,0.19914313643325932,6.58289857130778e-05,0.03181185734584485
202610,2026-10-21,0.057534246575342465,48325.0,51800.0,call,53,78.0,0.1992942174369857,6.223251664166181e-05,1.5939147743554027
202610,2026-10-21,0.057534246575342465,48325.0,51800.0,put,0,3550.0,0.19747640523333654,6.15919975642022e-05,0.0
202610,2026-10-21,0.057534246575342465,48325.0,51900.0,call,34,77.0,0.202865329173501,5.995192588689589e-05,0.985040118284643
202610,2026-10-21,0.057534246575342465,48325.0,51900.0,put,0,3640.0,0.19520784831506013,5.71683461960445e-05,0.0
202610,2026-10-21,0.057534246575342465,48325.0,52000.0,call,952,68.0,0.2012577120091533,5.600646312599277e-05,25.765997386965477
202610,2026-10-21,0.057534246575342465,48325.0,52000.0,put,0,3740.0,0.19925377661983074,5.52671734609752e-05,0.0
202610,2026-10-21,0.057534246575342465,48325.0,52100.0,call,29,64.0,0.20258768738680352,5.322376048213246e-05,0.7458910853367249
202610,2026-10-21,0.057534246575342465,48325.0,52100.0,put,0,3830.0,0.1961271125086986,5.0739816810105864e-05,0.0
202610,2026-10-21,0.057534246575342465,48325.0,52200.0,call,73,58.0,0.20227273565900464,4.9960618012306216e-05,1.7624732117746296
202610,2026-10-21,0.057534246575342465,48325.0,52200.0,put,1,3930.0,0.20003185763496525,4.910245852532725e-05,0.023728763082364396
202610,2026-10-21,0.057534246575342465,48325.0,52300.0,call,18,50.0,0.19997725539846808,4.6038443052870964e-05,0.40046539689539806
202610,2026-10-21,0.057534246575342465,48325.0,52300.0,put,0,4020.0,0.19581755845888543,4.4354162934209645e-05,0.0
202610,2026-10-21,0.057534246575342465,48325.0,52400.0,call,87,46.0,0.2004373319426547,4.330393527693933e-05,1.8206165248645412
202610,2026-10-21,0.057534246575342465,48325.0,52400.0,put,0,4120.0,0.19957458720505378,4.296025660524599e-05,0.0
202610,2026-10-21,0.057534246575342465,48325.0,52500.0,call,410,42.0,0.20062266202565854,4.05871474849557e-05,8.041632999062985
202610,2026-10-21,0.057534246575342465,48325.0,52500.0,put,0,4210.0,0.19388954150877014,3.782046326435174e-05,0.0
202610,2026-10-21,0.057534246575342465,48325.0,52600.0,call,63,38.5,0.20098597787858338,3.806597475108561e-05,1.1589090848031136
202610,2026-10-21,0.057534246575342465,48325.0,52600.0,put,0,4310.0,0.19748707236173116,3.665799890634587e-05,0.0
202610,2026-10-21,0.057534246575342465,48325.0,52700.0,call,24,35.5,0.20158472418541412,3.575995646248033e-05,0.4147439750518469
202610,2026-10-21,0.057534246575342465,48325.0,52700.0,put,0,4410.0,0.2010663513845636,3.5556103482829513e-05,0.0
202610,2026-10-21,0.057534246575342465,48325.0,52800.0,call,34,32.5,0.20193534051122122,3.347557729753763e-05,0.550020472787192
202610,2026-10-21,0.057534246575342465,48325.0,52800.0,put,0,4510.0,0.20462777366408663,3.451040861777691e-05,0.0
202610,2026-10-21,0.057534246575342465,48325.0,52900.0,call,6,30.5,0.2031753279852947,3.16477670431509e-05,0.09176270054161605
202610,2026-10-21,0.057534246575342465,48325.0,52900.0,put,0,4600.0,0.19642507427588451,2.9021920324795734e-05,0.0
202610,2026-10-21,0.057534246575342465,48325.0,53000.0,call,390,28.0,0.20363803281064496,2.963055474406201e-05,5.584396576226507
202610,2026-10-21,0.057534246575342465,48325.0,53000.0,put,0,4700.0,0.1998094822471289,2.8181285444023822e-05,0.0
202610,2026-10-21,0.057534246575342465,48325.0,53100.0,call,18,26.0,0.2044999957297041,2.786780858857171e-05,0.242408133007691
202610,2026-10-21,0.057534246575342465,48325.0,53100.0,put,0,4800.0,0.20317828921086287,2.7381756804831908e-05,0.0
202610,2026-10-21,0.057534246575342465,48325.0,53200.0,call,25,24.0,0.20516099199611446,2.613080122926829e-05,0.3156927423510975
202610,2026-10-21,0.057534246575342465,48325.0,53200.0,put,0,4900.0,0.20653179261979998,2.662055755333418e-05,0.0
202610,2026-10-21,0.057534246575342465,48325.0,53300.0,call,49,22.5,0.20633420994783994,2.4669555849856944e-05,0.5841565803577251
202610,2026-10-21,0.057534246575342465,48325.0,53300.0,put,0,4990.0,0.1939392205692677,2.0267673612394645e-05,0.0
202610,2026-10-21,0.057534246575342465,48325.0,53400.0,call,11,21.0,0.20735045294377943,2.323813907240052e-05,0.12352813777411308
202610,2026-10-21,0.057534246575342465,48325.0,53400.0,put,0,5090.0,0.197075749713951,1.9707214967854708e-05,0.0
202610,2026-10-21,0.057534246575342465,48325.0,53500.0,call,68,19.5,0.208194874880792,2.183168011581362e-05,0.7174108402857514
202610,2026-10-21,0.057534246575342465,48325.0,53500.0,put,0,5190.0,0.20019919735810146,1.9172748847247604e-05,0.0
202610,2026-10-21,0.057534246575342465,48325.0,53600.0,call,15,18.0,0.2088493704997514,2.0445101942308888e-05,0.14820143270431155
202610,2026-10-21,0.057534246575342465,48325.0,53600.0,put,0,5290.0,0.2033097822787065,1.8662614969146135e-05,0.0
202610,2026-10-21,0.057534246575342465,48325.0,53700.0,call,22,17.0,0.2102147805448377,1.9360002425026127e-05,0.20582586578166528
202610,2026-10-21,0.057534246575342465,48325.0,53700.0,put,0,5390.0,0.20640771476458136,1.817528708293529e-05,0.0
202610,2026-10-21,0.057534246575342465,48325.0,53800.0,call,419,16.0,0.2114571277623561,1.8300480314458482e-05,3.705513279912104
202610,2026-10-21,0.057534246575342465,48325.0,53800.0,put,0,5490.0,0.20949319712231754,1.77093599666223e-05,0.0
202610,2026-10-21,0.057534246575342465,48325.0,53900.0,call,263,15.0,0.21256642413970328,1.726353788972503e-05,2.1941050322101305
202610,2026-10-21,0.057534246575342465,48325.0,53900.0,put,0,5590.0,0.2125664241397174,1.7263537889729143e-05,0.0
202610,2026-10-21,0.057534246575342465,48325.0,54000.0,call,212,14.5,0.21459109464719334,1.6544666244467862e-05,1.6949845120794882
202610,2026-10-21,0.057534246575342465,48325.0,54000.0,put,0,5690.0,0.2156275835211482,1.683662435688058e-05,0.0
202610,2026-10-21,0.057534246575342465,48325.0,54100.0,call,413,14.0,0.21655772348919808,1.5849795649698382e-05,3.163337877807015
202610,2026-10-21,0.057534246575342465,48325.0,54100.0,put,0,5790.0,0.21867685628083466,1.642751296602672e-05,0.0
202610,2026-10-21,0.057534246575342465,48325.0,54200.0,call,405,13.0,0.21732784075509423,1.4878109319528778e-05,2.9118877631082247
202610,2026-10-21,0.057534246575342465,48325.0,54200.0,put,0,5880.0,0.1926658295990713,8.676919542300437e-06,0.0
202610,2026-10-21,0.057534246575342465,48325.0,54300.0,call,414,12.5,0.21913044908045778,1.4225909115131022e-05,2.8461136200732455
202610,2026-10-21,0.057534246575342465,48325.0,54300.0,put,0,5980.0,0.19538100040692472,8.461943779874135e-06,0.0
202610,2026-10-21,0.057534246575342465,48325.0,54400.0,call,446,12.0,0.22086548018811045,1.3593024995446e-05,2.9296978807559784
202610,2026-10-21,0.057534246575342465,48325.0,54400.0,put,0,6080.0,0.19808671916568332,8.255821682600466e-06,0.0
202610,2026-10-21,0.057534246575342465,48325.0,54500.0,call,579,11.0,0.2212218104276344,1.2667841103618028e-05,3.544484109514255
202610,2026-10-21,0.057534246575342465,48325.0,54500.0,put,0,6180.0,0.20078310739416957,8.058053161679636e-06,0.0
202610,2026-10-21,0.057534246575342465,48325.0,54600.0,call,9,10.5,0.2227573125807501,1.2067744074266116e-05,0.052485635915001896
202610,2026-10-21,0.057534246575342465,48325.0,54600.0,put,0,6280.0,0.2034702828219743,7.86817375472027e-06,0.0
202610,2026-10-21,0.057534246575342465,48325.0,54700.0,call,7,10.0,0.22421009096797687,1.1482758878184749e-05,0.038843302595179464
202610,2026-10-21,0.057534246575342465,48325.0,54700.0,put,0,6380.0,0.20614835957680133,7.685751578057783e-06,0.0
202610,2026-10-21,0.057534246575342465,48325.0,54800.0,call,0,9.6,0.22587621262099208,1.0975828645502397e-05,0.0
202610,2026-10-21,0.057534246575342465,48325.0,54800.0,put,0,6480.0,0.20881744836187202,7.510384582542753e-06,0.0
202610,2026-10-21,0.057534246575342465,48325.0,54900.0,call,20,9.6,0.22870503923159896,1.0736323460362961e-05,0.10376656624440803
202610,2026-10-21,0.057534246575342465,48325.0,54900.0,put,0,6580.0,0.21147765662037699,7.34169807775117e-06,0.0
202610,2026-10-21,0.057534246575342465,48325.0,55000.0,call,21,8.9,0.22932598927978773,1.0066166981081043e-05,0.10215397906575571
202610,2026-10-21,0.057534246575342465,48325.0,55000.0,put,0,6680.0,0.21412908869035713,7.179342495238035e-06,0.0
202610,2026-10-21,0.057534246575342465,48325.0,55100.0,call,1,8.6,0.23112682476171667,9.661916182792207e-06,0.004669120995334334
202610,2026-10-21,0.057534246575342465,48325.0,55100.0,put,0,6780.0,0.21677184594783316,7.022991364095566e-06,0.0
202610,2026-10-21,0.057534246575342465,48325.0,55200.0,call,1,8.3,0.23287542537475173,9.269036354722539e-06,0.004479261818419666
202610,2026-10-21,0.057534246575342465,48325.0,55200.0,put,0,6880.0,0.21940602694525613,6.8723394769850204e-06,0.0
202610,2026-10-21,0.057534246575342465,48325.0,55300.0,call,1,8.0,0.23456971163804846,8.8868502719297e-06,0.004294570393910027
202610,2026-10-21,0.057534246575342465,48325.0,55300.0,put,0,6980.0,0.22203172753633285,6.727101224706077e-06,0.0
202610,2026-10-21,0.057534246575342465,48325.0,55400.0,call,59,7.8,0.2365757518488977,8.57871518190945e-06,0.2445941825878068
202610,2026-10-21,0.057534246575342465,48325.0,55400.0,put,0,7080.0,0.22464904099754476,6.5870090832356994e-06,0.0
202610F1,2026-10-02,0.005479452054794521,48093.0,41600.0,call,0,6490.0,0.2010005459079307,1.2051869650878451e-24,0.0
202610F1,2026-10-02,0.005479452054794521,48093.0,41600.0,put,51,0.2,0.2010005459079307,1.2051869650878451e-24,2.956013892310457e-20
202610F1,2026-10-02,0.005479452054794521,48093.0,41700.0,call,0,6390.0,0.2010005459079307,5.742087622587759e-24,0.0
202610F1,2026-10-02,0.005479452054794521,48093.0,41700.0,put,26,0.2,0.2010005459079307,5.742087622587759e-24,7.180009720860941e-20
202610F1,2026-10-02,0.005479452054794521,48093.0,41800.0,call,0,6290.0,0.2010005459079307,2.655784559107258e-23,0.0
202610F1,2026-10-02,0.005479452054794521,48093.0,41800.0,put,21,0.2,0.2010005459079307,2.655784559107258e-23,2.6822175828240527e-19
202610F1,2026-10-02,0.005479452054794521,48093.0,41900.0,call,0,6190.0,0.2010005459079307,1.192647247175239e-22,0.0
202610F1,2026-10-02,0.005479452054794521,48093.0,41900.0,put,7,0.2,0.2010005459079307,1.192647247175239e-22,4.015058884087914e-19
202610F1,2026-10-02,0.005479452054794521,48093.0,42000.0,call,0,6090.0,0.2010005459079307,5.201337871497565e-22,0.0
202610F1,2026-10-02,0.005479452054794521,48093.0,42000.0,put,58,0.3,0.2010005459079307,5.201337871497565e-22,1.450858065072808e-17
202610F1,2026-10-02,0.005479452054794521,48093.0,42100.0,call,0,5990.0,0.2010005459079307,2.2033779591755948e-21,0.0
202610F1,2026-10-02,0.005479452054794521,48093.0,42100.0,put,6,0.3,0.2010005459079307,2.2033779591755948e-21,6.358023371437913e-18
202610F1,2026-10-02,0.005479452054794521,48093.0,42200.0,call,0,5890.0,0.2010005459079307,9.068178537645246e-21,0.0
202610F1,2026-10-02,0.005479452054794521,48093.0,42200.0,put,32,0.3,0.2010005459079307,9.068178537645246e-21,1.395570913315113e-16
202610F1,2026-10-02,0.005479452054794521,48093.0,42300.0,call,0,5790.0,0.2010005459079307,3.62655075582378e-20,0.0
202610F1,2026-10-02,0.005479452054794521,48093.0,42300.0,put,20,0.3,0.2010005459079307,3.62655075582378e-20,3.488234109996661e-16
202610F1,2026-10-02,0.005479452054794521,48093.0,42400.0,call,0,5690.0,0.2010005459079307,1.409596705319076e-19,0.0
202610F1,2026-10-02,0.005479452054794521,48093.0,42400.0,put,13,0.3,0.2010005459079307,1.409596705319076e-19,8.812925465358342e-16
202610F1,2026-10-02,0.005479452054794521,48093.0,42500.0,call,0,5590.0,0.2010005459079307,5.326077356133631e-19,0.0
202610F1,2026-10-02,0.005479452054794521,48093.0,42500.0,put,45,0.3,0.2010005459079307,5.326077356133631e-19,1.1526616722984063e-14
202610F1,2026-10-02,0.005479452054794521,48093.0,42600.0,call,0,5490.0,0.2010005459079307,1.9566578429282614e-18,0.0
202610F1,2026-10-02,0.005479452054794521,48093.0,42600.0,put,10,0.3,0.2010005459079307,1.9566578429282614e-18,9.410154563994888e-15
202610F1,2026-10-02,0.005479452054794521,48093.0,42700.0,call,0,5390.0,0.2010005459079307,6.990363678248296e-18,0.0
202610F1,2026-10-02,0.005479452054794521,48093.0,42700.0,put,10,0.4,0.2010005459079307,6.990363678248296e-18,3.3618756037799535e-14
202610F1,2026-10-02,0.005479452054794521,48093.0,42800.0,call,0,5290.0,0.2010005459079307,2.4290925370682642e-17,0.0
202610F1,2026-10-02,0.005479452054794521,48093.0,42800.0,put,10,0.4,0.2010005459079307,2.4290925370682642e-17,1.1682234738522402e-13
202610F1,2026-10-02,0.005479452054794521,48093.0,42900.0,call,0,5190.0,0.2010005459079307,8.211623049974826e-17,0.0
202610F1,2026-10-02,0.005479452054794521,48093.0,42900.0,put,17,0.4,0.2010005459079307,8.211623049974826e-17,6.713666984821468e-13
202610F1,2026-10-02,0.005479452054794521,48093.0,43000.0,call,0,5090.0,0.2010005459079307,2.7010658571438345e-16,0.0
202610F1,2026-10-02,0.005479452054794521,48093.0,43000.0,put,24,0.4,0.2010005459079307,2.7010658571438345e-16,3.1176566464228424e-12
202610F1,2026-10-02,0.005479452054794521,48093.0,43100.0,call,0,4990.0,0.2010005459079307,8.64654196289922e-16,0.0
202610F1,2026-10-02,0.005479452054794521,48093.0,43100.0,put,32,0.4,0.2010005459079307,8.64654196289922e-16,1.3306820563894791e-11
202610F1,2026-10-02,0.005479452054794521,48093.0,43200.0,call,0,4890.0,0.2010005459079307,2.694201449744478e-15,0.0
202610F1,2026-10-02,0.005479452054794521,48093.0,43200.0,put,15,0.5,0.2010005459079307,2.694201449744478e-15,1.9435834548384178e-11
202610F1,2026-10-02,0.005479452054794521,48093.0,43300.0,call,0,4790.0,0.2010005459079307,8.17290716720808e-15,0.0
202610F1,2026-10-02,0.005479452054794521,48093.0,43300.0,put,14,0.5,0.2010005459079307,8.17290716720808e-15,5.502834741495534e-11
202610F1,2026-10-02,0.005479452054794521,48093.0,43400.0,call,0,4690.0,0.2010005459079307,2.4141255686720744e-14,0.0
202610F1,2026-10-02,0.005479452054794521,48093.0,43400.0,put,13,0.6,0.46253216295395866,2.5647919980426777e-06,0.016035310403042645
202610F1,2026-10-02,0.005479452054794521,48093.0,43500.0,call,0,4590.0,0.2010005459079307,6.944759119943268e-14,0.0
202610F1,2026-10-02,0.005479452054794521,48093.0,43500.0,put,367,0.7,0.45915541257059456,2.9631261197231942e-06,0.5229956418263606
202610F1,2026-10-02,0.005479452054794521,48093.0,43600.0,call,0,4490.0,0.2010005459079307,1.9460104506928257e-13,0.0
202610F1,2026-10-02,0.005479452054794521,48093.0,43600.0,put,8,0.7,0.4495261111563788,3.0818888771341796e-06,0.011857382541441128
202610F1,2026-10-02,0.005479452054794521,48093.0,43700.0,call,0,4390.0,0.2010005459079307,5.31251016315838e-13,0.0
202610F1,2026-10-02,0.005479452054794521,48093.0,43700.0,put,11,0.7,0.43990375887542627,3.2080049655562217e-06,0.016971084108934494
202610F1,2026-10-02,0.005479452054794521,48093.0,43800.0,call,0,4290.0,0.2010005459079307,1.4131763092068138e-12,0.0
202610F1,2026-10-02,0.005479452054794521,48093.0,43800.0,put,11,0.8,0.4354968126512539,3.658395702434406e-06,0.01935375469688957
202610F1,2026-10-02,0.005479452054794521,48093.0,43900.0,call,0,4190.0,0.2010005459079307,3.663613182342051e-12,0.0
202610F1,2026-10-02,0.005479452054794521,48093.0,43900.0,put,10,0.8,0.42578786328074814,3.814198111255389e-06,0.01834362297646054
202610F1,2026-10-02,0.005479452054794521,48093.0,44000.0,call,0,4090.0,0.2010005459079307,9.257925333384633e-12,0.0
202610F1,2026-10-02,0.005479452054794521,48093.0,44000.0,put,70,0.9,0.42063676059487476,4.3070353733040415e-06,0.14499677654581788
202610F1,2026-10-02,0.005479452054794521,48093.0,44100.0,call,0,3990.0,0.2010005459079307,2.280772805732248e-11,0.0
202610F1,2026-10-02,0.005479452054794521,48093.0,44100.0,put,16,1.0,0.414948151445694,4.824257641161164e-06,0.037122083637818215
202610F1,2026-10-02,0.005479452054794521,48093.0,44200.0,call,0,3890.0,0.2010005459079307,5.4788266775978384e-11,0.0
202610F1,2026-10-02,0.005479452054794521,48093.0,44200.0,put,10,1.0,0.40508065558482464,5.04309981583864e-06,0.024253779944312766
202610F1,2026-10-02,0.005479452054794521,48093.0,44300.0,call,0,3790.0,0.2010005459079307,1.2835198069599916e-10,0.0
202610F1,2026-10-02,0.005479452054794521,48093.0,44300.0,put,13,1.1,0.39886455189164305,5.618423647986598e-06,0.03512689030534053
202610F1,2026-10-02,0.005479452054794521,48093.0,44400.0,call,0,3690.0,0.2010005459079307,2.9329102175290767e-10,0.0
202610F1,2026-10-02,0.005479452054794521,48093.0,44400.0,put,10,1.1,0.38892605613803627,5.8854025583915534e-06,0.028304666524072496
202610F1,2026-10-02,0.005479452054794521,48093.0,44500.0,call,0,3590.0,0.2010005459079307,6.538035279069683e-10,0.0
202610F1,2026-10-02,0.005479452054794521,48093.0,44500.0,put,17,1.3,0.3853197273569563,6.878009275785722e-06,0.056233297017061666
202610F1,2026-10-02,0.005479452054794521,48093.0,44600.0,call,0,3490.0,0.2010005459079307,1.4220621793628362e-09,0.0
202610F1,2026-10-02,0.005479452054794521,48093.0,44600.0,put,13,1.4,0.3780772333934811,7.571681334419578e-06,0.047338833154111304
202610F1,2026-10-02,0.005479452054794521,48093.0,44700.0,call,0,3390.0,0.2010005459079307,3.0184411456205093e-09,0.0
202610F1,2026-10-02,0.005479452054794521,48093.0,44700.0,put,17,1.5,0.370564742554123,8.31500936228784e-06,0.06798193669428654
202610F1,2026-10-02,0.005479452054794521,48093.0,44800.0,call,0,3290.0,0.2010005459079307,6.2532966844984774e-09,0.0
202610F1,2026-10-02,0.005479452054794521,48093.0,44800.0,put,37,1.6,0.36280730197570743,9.114065884772994e-06,0.1621794251206634
202610F1,2026-10-02,0.005479452054794521,48093.0,44900.0,call,0,3190.0,0.2010005459079307,1.2646384608036817e-08,0.0
202610F1,2026-10-02,0.005479452054794521,48093.0,44900.0,put,42,1.7,0.35482557878185456,9.975697269277027e-06,0.20149970768396283
202610F1,2026-10-02,0.005479452054794521,48093.0,44950.0,call,0,3140.0,0.2010005459079307,1.7823400088787332e-08,0.0
202610F1,2026-10-02,0.005479452054794521,48093.0,44950.0,put,88,1.8,0.35182321567401015,1.061635433672115e-05,0.44930364962201863
202610F1,2026-10-02,0.005479452054794521,48093.0,45000.0,call,0,3090.0,0.2010005459079307,2.4970258866751293e-08,0.0
202610F1,2026-10-02,0.005479452054794521,48093.0,45000.0,put,118,1.8,0.3466367726816273,1.0907679807602449e-05,0.619007993084689
202610F1,2026-10-02,0.005479452054794521,48093.0,45050.0,call,0,3040.0,0.2010005459079307,3.477541332262497e-08,0.0
202610F1,2026-10-02,0.005479452054794521,48093.0,45050.0,put,7,1.8,0.3414489737093835,1.121156679202112e-05,0.03774385172100702
202610F1,2026-10-02,0.005479452054794521,48093.0,45100.0,call,0,2990.0,0.2010005459079307,4.814450633957346e-08,0.0
202610F1,2026-10-02,0.005479452054794521,48093.0,45100.0,put,12,2.0,0.3401762496897989,1.22993224542147e-05,0.07098135777486571
202610F1,2026-10-02,0.005479452054794521,48093.0,45150.0,call,0,2940.0,0.2010005459079307,6.626050441613371e-08,0.0
202610F1,2026-10-02,0.005479452054794521,48093.0,45150.0,put,16,2.1,0.3367651638991001,1.303284195239717e-05,0.10028615488266195
202610F1,2026-10-02,0.005479452054794521,48093.0,45200.0,call,0,2890.0,0.2010005459079307,9.065768954597524e-08,0.0
202610F1,2026-10-02,0.005479452054794521,48093.0,45200.0,put,176,2.1,0.3314992726009756,1.341137135990444e-05,1.1351878257489163
202610F1,2026-10-02,0.005479452054794521,48093.0,45250.0,call,0,2840.0,0.2010005459079307,1.2331184002802108e-07,0.0
202610F1,2026-10-02,0.005479452054794521,48093.0,45250.0,put,15,2.2,0.3279538251839489,1.4200572892078948e-05,0.10244222281481292
202610F1,2026-10-02,0.005479452054794521,48093.0,45300.0,call,0,2790.0,0.2010005459079307,1.6674906688883284e-07,0.0
202610F1,2026-10-02,0.005479452054794521,48093.0,45300.0,put,29,2.3,0.3243062436194327,1.5021328333505321e-05,0.20950201562754872
202610F1,2026-10-02,0.005479452054794521,48093.0,45350.0,call,0,2740.0,0.2010005459079307,2.2417583477590398e-07,0.0
202610F1,2026-10-02,0.005479452054794521,48093.0,45350.0,put,7,2.4,0.32056257404634186,1.587599047007804e-05,0.05344668067742242
202610F1,2026-10-02,0.005479452054794521,48093.0,45400.0,call,0,2690.0,0.2010005459079307,2.9963265450280954e-07,0.0
202610F1,2026-10-02,0.005479452054794521,48093.0,45400.0,put,19,2.5,0.31672815917397223,1.6767072399942118e-05,0.15321197445677912
202610F1,2026-10-02,0.005479452054794521,48093.0,45450.0,call,0,2640.0,0.2010005459079307,3.9817375565346833e-07,0.0
202610F1,2026-10-02,0.005479452054794521,48093.0,45450.0,put,7,2.5,0.3113626083018038,1.7293313013749176e-05,0.05821811119391674
202610F1,2026-10-02,0.005479452054794521,48093.0,45500.0,call,0,2590.0,0.2010005459079307,5.260746958065516e-07,0.0
202610F1,2026-10-02,0.005479452054794521,48093.0,45500.0,put,162,2.6,0.30741868746628,1.8261786509132508e-05,1.4227878397056097
202610F1,2026-10-02,0.005479452054794521,48093.0,45550.0,call,0,2540.0,0.2010005459079307,6.910693008313582e-07,0.0
202610F1,2026-10-02,0.005479452054794521,48093.0,45550.0,put,15,2.9,0.3060244508524079,2.009089328942733e-05,0.1449346996452643
202610F1,2026-10-02,0.005479452054794521,48093.0,45600.0,call,0,2490.0,0.2010005459079307,9.026165220365747e-07,0.0
202610F1,2026-10-02,0.005479452054794521,48093.0,45600.0,put,112,3.0,0.3018204657067567,2.1161445104965932e-05,1.1398434649651017
202610F1,2026-10-02,0.005479452054794521,48093.0,45650.0,call,1,2440.0,0.2010005459079307,1.1721967080220905e-06,0.000563744562789064
202610F1,2026-10-02,0.005479452054794521,48093.0,45650.0,put,13,3.3,0.2998760587717733,2.3090796487169585e-05,0.1443657378094681
202610F1,2026-10-02,0.005479452054794521,48093.0,45700.0,call,1,2390.0,0.2010005459079307,1.5136353960682351e-06,0.0007279526710310964
202610F1,2026-10-02,0.005479452054794521,48093.0,45700.0,put,16,3.3,0.2943427162315744,2.38765390893602e-05,0.18372710310793605
202610F1,2026-10-02,0.005479452054794521,48093.0,45750.0,call,0,2340.0,0.2010005459079307,1.9434510146186467e-06,0.0
202610F1,2026-10-02,0.005479452054794521,48093.0,45750.0,put,78,3.4,0.28989880367392246,2.5123288092856337e-05,0.9424383495147972
202610F1,2026-10-02,0.005479452054794521,48093.0,45800.0,call,0,2290.0,0.2010005459079307,2.481220854450023e-06,0.0
202610F1,2026-10-02,0.005479452054794521,48093.0,45800.0,put,25,3.5,0.28539448957422275,2.6436217699197874e-05,0.31784925445188084
202610F1,2026-10-02,0.005479452054794521,48093.0,45850.0,call,0,2240.0,0.2010005459079307,3.1499573300421788e-06,0.0
202610F1,2026-10-02,0.005479452054794521,48093.0,45850.0,put,12,3.8,0.2828141254377117,2.8663275733819793e-05,0.16542035038399144
202610F1,2026-10-02,0.005479452054794521,48093.0,45900.0,call,0,2190.0,0.2010005459079307,3.976483956077458e-06,0.0
202610F1,2026-10-02,0.005479452054794521,48093.0,45900.0,put,21,3.9,0.2781274067895984,3.0139576390960535e-05,0.30439555594779766
202610F1,2026-10-02,0.005479452054794521,48093.0,45950.0,call,1,2140.0,0.2010005459079307,4.991797675097378e-06,0.0024007052558845817
202610F1,2026-10-02,0.005479452054794521,48093.0,45950.0,put,16,4.1,0.2742902766440268,3.2127218828875226e-05,0.24721509362193542
202610F1,2026-10-02,0.005479452054794521,48093.0,46000.0,call,0,2090.0,0.2010005459079307,6.231401288470543e-06,0.0
202610F1,2026-10-02,0.005479452054794521,48093.0,46000.0,put,172,4.5,0.27200870380705705,3.505668970888235e-05,2.8998879704511595
202610F1,2026-10-02,0.005479452054794521,48093.0,46050.0,call,5,2040.0,0.2010005459079307,7.73558689168585e-06,0.01860137901909238
202610F1,2026-10-02,0.005479452054794521,48093.0,46050.0,put,59,4.5,0.26624917770033324,3.6417790178117525e-05,1.0333500619913618
202610F1,2026-10-02,0.005479452054794521,48093.0,46100.0,call,0,1990.0,0.2010005459079307,9.549648554014033e-06,0.0
202610F1,2026-10-02,0.005479452054794521,48093.0,46100.0,put,448,5.1,0.26508336222687534,4.0423900110754184e-05,8.709597693558724
202610F1,2026-10-02,0.005479452054794521,48093.0,46150.0,call,3,1940.0,0.2010005459079307,1.1724000196118978e-05,0.0169152702429585
202610F1,2026-10-02,0.005479452054794521,48093.0,46150.0,put,37,5.2,0.259946607699834,4.247930023612896e-05,0.7558940849147755
202610F1,2026-10-02,0.005479452054794521,48093.0,46200.0,call,0,1890.0,0.2010005459079307,1.4314172913061215e-05,0.0
202610F1,2026-10-02,0.005479452054794521,48093.0,46200.0,put,65,5.6,0.25680894847184244,4.593328263674247e-05,1.4358950852017562
202610F1,2026-10-02,0.005479452054794521,48093.0,46250.0,call,4,1840.0,0.2010005459079307,1.7380665083574456e-05,0.033435533034573854
202610F1,2026-10-02,0.005479452054794521,48093.0,46250.0,put,16,5.9,0.2528093628774598,4.913807475966878e-05,0.3781115887066801
202610F1,2026-10-02,0.005479452054794521,48093.0,46300.0,call,0,1790.0,0.2010005459079307,2.09886187213025e-05,0.0
202610F1,2026-10-02,0.005479452054794521,48093.0,46300.0,put,79,6.5,0.2504516834956402,5.375573044692553e-05,2.0423667320633516
202610F1,2026-10-02,0.005479452054794521,48093.0,46350.0,call,12,1740.0,0.2010005459079307,2.5207296870840354e-05,0.14547534340911902
202610F1,2026-10-02,0.005479452054794521,48093.0,46350.0,put,27,6.9,0.24664652749655727,5.775907232499371e-05,0.7500079076379991
202610F1,2026-10-02,0.005479452054794521,48093.0,46400.0,call,4,1690.0,0.2010005459079307,3.0109339615805065e-05,0.05792193880571652
202610F1,2026-10-02,0.005479452054794521,48093.0,46400.0,put,112,7.1,0.24160543439774204,6.118489176664264e-05,3.2956727997011224
202610F1,2026-10-02,0.005479452054794521,48093.0,46450.0,call,8,1640.0,0.2010005459079307,3.5769780589506196e-05,0.13762208463128972
202610F1,2026-10-02,0.005479452054794521,48093.0,46450.0,put,38,8.2,0.24095360392090615,6.842682603986197e-05,1.2505235109993311
202610F1,2026-10-02,0.005479452054794521,48093.0,46500.0,call,240,1600.0,0.22876899015731586,6.661370128869374e-05,7.688766566585155
202610F1,2026-10-02,0.005479452054794521,48093.0,46500.0,put,371,8.6,0.23652756322710783,7.320122264844792e-05,13.060930347086
202610F1,2026-10-02,0.005479452054794521,48093.0,46550.0,call,4,1550.0,0.22259565444531673,6.987865571089689e-05,0.13442696756416656
202610F1,2026-10-02,0.005479452054794521,48093.0,46550.0,put,41,9.5,0.23409719189225442,8.016472356440109e-05,1.580698440656924
202610F1,2026-10-02,0.005479452054794521,48093.0,46600.0,call,77,1500.0,0.21640567477913927,7.340885478777305e-05,2.7184480810474443
202610F1,2026-10-02,0.005479452054794521,48093.0,46600.0,put,251,10.5,0.2316676059633955,8.777716739950573e-05,10.595882952478517
202610F1,2026-10-02,0.005479452054794521,48093.0,46650.0,call,1,1450.0,0.21019807724283512,7.723527280143021e-05,0.037144759748391834
202610F1,2026-10-02,0.005479452054794521,48093.0,46650.0,put,36,11.0,0.22701363659297968,9.400215126742625e-05,1.627504365925559
202610F1,2026-10-02,0.005479452054794521,48093.0,46700.0,call,500,1400.0,0.20397181038796594,8.139369201463545e-05,19.572334150299316
202610F1,2026-10-02,0.005479452054794521,48093.0,46700.0,put,344,12.0,0.22395266475414424,0.00010239747455349844,16.940629998332817
202610F1,2026-10-02,0.005479452054794521,48093.0,46750.0,call,0,1350.0,0.19772573594525975,8.59256485066188e-05,0.0
202610F1,2026-10-02,0.005479452054794521,48093.0,46750.0,put,30,13.0,0.2205543578433027,0.00011124478670837078,1.6050286581497029
202610F1,2026-10-02,0.005479452054794521,48093.0,46800.0,call,186,1300.0,0.19145861803264866,9.087960646134091e-05,8.129451619194201
202610F1,2026-10-02,0.005479452054794521,48093.0,46800.0,put,293,15.5,0.22124528862676537,0.0001251194522945873,17.630893570266508
202610F1,2026-10-02,0.005479452054794521,48093.0,46850.0,call,4,1250.0,0.18516911054836674,9.631242716298883e-05,0.18527814238198487
202610F1,2026-10-02,0.005479452054794521,48093.0,46850.0,put,90,16.5,0.21700543912342415,0.00013497526121448864,5.842228713829562
202610F1,2026-10-02,0.005479452054794521,48093.0,46900.0,call,500,1200.0,0.17885574235731902,0.00010229122165046856,24.59745861417992
202610F1,2026-10-02,0.005479452054794521,48093.0,46900.0,put,463,18.5,0.21503729774494929,0.00014816036541554582,32.99095598169518
202610F1,2026-10-02,0.005479452054794521,48093.0,46950.0,call,7,1160.0,0.204101770232666,0.0001527489572148509,0.5142308919533677
202610F1,2026-10-02,0.005479452054794521,48093.0,46950.0,put,57,21.0,0.21366234948418764,0.00016302355370051547,4.468966307827768
202610F1,2026-10-02,0.005479452054794521,48093.0,47000.0,call,502,1110.0,0.19692854174650232,0.00016221397990013524,39.162811815392764
202610F1,2026-10-02,0.005479452054794521,48093.0,47000.0,put,889,23.5,0.2116374271451846,0.0001783457170856798,76.25113528331622
202610F1,2026-10-02,0.005479452054794521,48093.0,47050.0,call,14,1060.0,0.1897163630149675,0.00017268881387456312,1.162717237593711
202610F1,2026-10-02,0.005479452054794521,48093.0,47050.0,put,98,27.0,0.21096977324593644,0.0001960753444094468,9.241254507909854
202610F1,2026-10-02,0.005479452054794521,48093.0,47100.0,call,502,1020.0,0.20318824282805587,0.00020853930695139466,50.346990063851386
202610F1,2026-10-02,0.005479452054794521,48093.0,47100.0,put,317,30.5,0.2095181648791021,0.0002141556247497267,32.64905508165088
202610F1,2026-10-02,0.005479452054794521,48093.0,47150.0,call,20,970.0,0.19535429511703908,0.00022239073159487145,2.1390874909184308
202610F1,2026-10-02,0.005479452054794521,48093.0,47150.0,put,158,34.5,0.20820314436995382,0.00023343185609800456,17.73777244340771
202610F1,2026-10-02,0.005479452054794521,48093.0,47200.0,call,13,925.0,0.19596604263606887,0.0002458588676854442,1.5371317680674892
202610F1,2026-10-02,0.005479452054794521,48093.0,47200.0,put,239,39.5,0.20767980385542284,0.0002542208943229825,29.220726674913728
202610F1,2026-10-02,0.005479452054794521,48093.0,47250.0,call,20,880.0,0.1955165194320664,0.00026929401984402866,2.590231459271774
202610F1,2026-10-02,0.005479452054794521,48093.0,47250.0,put,94,44.0,0.20562660927272688,0.00027505893882500613,12.43470497221636
202610F1,2026-10-02,0.005479452054794521,48093.0,47300.0,call,500,835.0,0.19417595529412482,0.00029315238240273245,70.49288763447306
202610F1,2026-10-02,0.005479452054794521,48093.0,47300.0,put,301,50.0,0.2048821303081961,0.0002974100299108157,43.05305511118759
202610F1,2026-10-02,0.005479452054794521,48093.0,47350.0,call,32,795.0,0.1984000694416729,0.0003194941760055208,4.916938690122723
202610F1,2026-10-02,0.005479452054794521,48093.0,47350.0,put,99,57.0,0.20451993374354757,0.00032037309694109213,15.253626317676066
202610F1,2026-10-02,0.005479452054794521,48093.0,47400.0,call,25,750.0,0.19521611992894344,0.00034412012306159586,4.137442269600332
202610F1,2026-10-02,0.005479452054794521,48093.0,47400.0,put,262,64.0,0.203274714323472,0.0003436898885913446,43.30618386750166
202610F1,2026-10-02,0.005479452054794521,48093.0,47450.0,call,19,710.0,0.19693775928007579,0.0003690412634953878,3.372177282203901
202610F1,2026-10-02,0.005479452054794521,48093.0,47450.0,put,73,72.0,0.20230492785442541,0.0003673576583001779,12.897152258260233
202610F1,2026-10-02,0.005479452054794521,48093.0,47500.0,call,501,670.0,0.19747110306748067,0.0003933813192860553,94.78362782000553
202610F1,2026-10-02,0.005479452054794521,48093.0,47500.0,put,459,83.0,0.20350072825890292,0.000389837433248757,86.05539319849704
202610F1,2026-10-02,0.005479452054794521,48093.0,47550.0,call,32,630.0,0.19697646487669312,0.00041771357481112725,6.428511665085295
202610F1,2026-10-02,0.005479452054794521,48093.0,47550.0,put,76,93.0,0.2026813381659221,0.00041284543383397727,15.089781341526876
202610F1,2026-10-02,0.005479452054794521,48093.0,47600.0,call,55,580.0,0.18632855829706532,0.0004526311638551978,11.972614809808414
202610F1,2026-10-02,0.005479452054794521,48093.0,47600.0,put,425,103.0,0.20099501718512072,0.00043639284591848925,89.1966248397211
202610F1,2026-10-02,0.005479452054794521,48093.0,47650.0,call,27,565.0,0.20620759027777882,0.00045011240988460886,5.8447591547167335
202610F1,2026-10-02,0.005479452054794521,48093.0,47650.0,put,82,120.0,0.20450477407488368,0.0004524678699542391,17.84364056116156
202610F1,2026-10-02,0.005479452054794521,48093.0,47700.0,call,121,525.0,0.20267267081323395,0.0004741502467568045,27.592002458902748
202610F1,2026-10-02,0.005479452054794521,48093.0,47700.0,put,193,130.0,0.20102849218313323,0.00047685561921857863,44.26149537950267
202610F1,2026-10-02,0.005479452054794521,48093.0,47750.0,call,7,483.0,0.19683341667479076,0.0005027970155677164,1.692671180878873
202610F1,2026-10-02,0.005479452054794521,48093.0,47750.0,put,50,143.0,0.1992217813018669,0.0004981995585913241,11.979955685666274
202610F1,2026-10-02,0.005479452054794521,48093.0,47800.0,call,95,445.0,0.1934697367295104,0.0005271939554508403,24.0866219545224
202610F1,2026-10-02,0.005479452054794521,48093.0,47800.0,put,558,161.0,0.20041020277208552,0.0005120989805846995,137.42633960479054
202610F1,2026-10-02,0.005479452054794521,48093.0,47850.0,call,19,413.0,0.1938124993010103,0.0005418709779937125,4.951438179483806
202610F1,2026-10-02,0.005479452054794521,48093.0,47850.0,put,114,180.0,0.20130822243583335,0.0005240753259488556,28.732964301978477
202610F1,2026-10-02,0.005479452054794521,48093.0,47900.0,call,141,380.0,0.1923996696195849,0.0005585483800940477,37.87579681384688
202610F1,2026-10-02,0.005479452054794521,48093.0,47900.0,put,154,195.0,0.1982666145004567,0.0005432805466530423,40.237106648484534
202610F1,2026-10-02,0.005479452054794521,48093.0,47950.0,call,21,348.0,0.19075121608593704,0.0005736895497607452,5.79399481849514
202610F1,2026-10-02,0.005479452054794521,48093.0,47950.0,put,114,218.0,0.20011490087205183,0.0005479569130353548,30.042296673214626
202610F1,2026-10-02,0.005479452054794521,48093.0,48000.0,call,176,331.0,0.19879726587301927,0.000558290414717286,47.25575521039725
202610F1,2026-10-02,0.005479452054794521,48093.0,48000.0,put,368,230.0,0.19310835826075054,0.0005744411603248695,101.66588330249454
202610F1,2026-10-02,0.005479452054794521,48093.0,48050.0,call,16,300.0,0.1958108529388055,0.000570939682195633,4.393312341733532
202610F1,2026-10-02,0.005479452054794521,48093.0,48050.0,put,133,262.0,0.1993396583771854,0.0005608695783161414,35.87528783784439
202610F1,2026-10-02,0.005479452054794521,48093.0,48100.0,call,99,282.0,0.2010005459079307,0.0005575209646482549,26.54472719530024
202610F1,2026-10-02,0.005479452054794521,48093.0,48100.0,put,131,289.0,0.20100054590793548,0.0005575209646482415,35.12484103620452
202610F1,2026-10-02,0.005479452054794521,48093.0,48150.0,call,80,255.0,0.19885483199292567,0.000562034313528802,21.62393299243254
202610F1,2026-10-02,0.005479452054794521,48093.0,48150.0,put,70,312.0,0.19885483199292675,0.0005620343135287988,18.92094136837837
202610F1,2026-10-02,0.005479452054794521,48093.0,48200.0,call,383,235.0,0.20066973182843498,0.0005528250893261219,101.82827519028132
202610F1,2026-10-02,0.005479452054794521,48093.0,48200.0,put,139,342.0,0.2006697318284352,0.0005528250893261213,36.95595365913601
202610F1,2026-10-02,0.005479452054794521,48093.0,48250.0,call,152,210.0,0.19792908932575062,0.000553223726524383,40.44140679320047
202610F1,2026-10-02,0.005479452054794521,48093.0,48250.0,put,38,371.0,0.2008104304674133,0.0005456698542855594,9.972302114819055
202610F1,2026-10-02,0.005479452054794521,48093.0,48300.0,call,222,196.0,0.20216018964051136,0.0005330862645372504,56.91573333926577
202610F1,2026-10-02,0.005479452054794521,48093.0,48300.0,put,132,400.0,0.1999627159827503,0.000538454573230057,34.182582443266135
202610F1,2026-10-02,0.005479452054794521,48093.0,48350.0,call,99,176.0,0.20107780321371313,0.0005240833429130121,24.952692808608337
202610F1,2026-10-02,0.005479452054794521,48093.0,48350.0,put,58,430.0,0.19882993692594914,0.0005292366656471787,14.762495797362465
202610F1,2026-10-02,0.005479452054794521,48093.0,48400.0,call,318,162.0,0.20355608888128385,0.0005051489490107176,77.25532832717637
202610F1,2026-10-02,0.005479452054794521,48093.0,48400.0,put,64,469.0,0.2035560888812784,0.0005051489490107287,15.548242179054705
202610F1,2026-10-02,0.005479452054794521,48093.0,48450.0,call,83,145.0,0.2028166473089991,0.0004911960069881994,19.607164338189282
202610F1,2026-10-02,0.005479452054794521,48093.0,48450.0,put,12,497.0,0.19884690762818577,0.0004985572961560245,2.877253925283802
202610F1,2026-10-02,0.005479452054794521,48093.0,48500.0,call,585,133.0,0.2051329997657071,0.00047028333941934484,132.31141935976314
202610F1,2026-10-02,0.005479452054794521,48093.0,48500.0,put,150,545.0,0.2092102763009716,0.00046386661307978925,33.46310553426945
202610F1,2026-10-02,0.005479452054794521,48093.0,48550.0,call,132,118.0,0.20408786322637823,0.0004535044219062102,28.789712374810684
202610F1,2026-10-02,0.005479452054794521,48093.0,48550.0,put,7,595.0,0.2208853736950376,0.00043120211944180887,1.451646247122044
202610F1,2026-10-02,0.005479452054794521,48093.0,48600.0,call,322,105.0,0.20374094258170483,0.0004341648090197879,67.23452787580749
202610F1,2026-10-02,0.005479452054794521,48093.0,48600.0,put,11,640.0,0.22807863468921843,0.0004072456735733162,2.1544232797077645
202610F1,2026-10-02,0.005479452054794521,48093.0,48650.0,call,128,92.0,0.20236128291523178,0.0004144745753396523,25.514656962316668
202610F1,2026-10-02,0.005479452054794521,48093.0,48650.0,put,5,660.0,0.21256349358555301,0.00040565584200509726,0.975460320477557
202610F1,2026-10-02,0.005479452054794521,48093.0,48700.0,call,242,86.0,0.20674306676489984,0.0003898398676945002,45.37153639201647
202610F1,2026-10-02,0.005479452054794521,48093.0,48700.0,put,7,700.0,0.21352324362255917,0.0003854667557376829,1.2976776878584666
202610F1,2026-10-02,0.005479452054794521,48093.0,48750.0,call,89,77.0,0.20750525029307315,0.00036806112910690115,15.754035855102995
202610F1,2026-10-02,0.005479452054794521,48093.0,48750.0,put,4,740.0,0.21363483764301197,0.0003654770044018403,0.7030754229079083
202610F1,2026-10-02,0.005479452054794521,48093.0,48800.0,call,334,71.0,0.21064987467829802,0.0003458184879633979,55.54903812902314
202610F1,2026-10-02,0.005479452054794521,48093.0,48800.0,put,97,780.0,0.21280657985429452,0.0003453503246222944,16.110665167198206
202610F1,2026-10-02,0.005479452054794521,48093.0,48850.0,call,88,61.0,0.20858833551060504,0.0003246265548564498,13.73879311438589
202610F1,2026-10-02,0.005479452054794521,48093.0,48850.0,put,4,825.0,0.21659200491863503,0.00032444896992718595,0.6241489724283261
202610F1,2026-10-02,0.005479452054794521,48093.0,48900.0,call,194,53.0,0.2077354576193695,0.00030286707981800096,28.257625751193018
202610F1,2026-10-02,0.005479452054794521,48093.0,48900.0,put,4,870.0,0.21987563429177231,0.0003047125192858783,0.5861815676006298
202610F1,2026-10-02,0.005479452054794521,48093.0,48950.0,call,118,47.5,0.2091294097938843,0.0002819563848858962,16.000951533614536
202610F1,2026-10-02,0.005479452054794521,48093.0,48950.0,put,4,920.0,0.22873583939563996,0.00028684337268136857,0.5518063328946023
202610F1,2026-10-02,0.005479452054794521,48093.0,49000.0,call,1440,44.5,0.21331105329528338,0.00026330628796323105,182.34992602102565
202610F1,2026-10-02,0.005479452054794521,48093.0,49000.0,put,125,965.0,0.23126498843879187,0.0002696097719045542,16.207928450257153
202610F1,2026-10-02,0.005479452054794521,48093.0,49050.0,call,190,39.5,0.2141151041000981,0.00024405365850727086,22.300817937321337
202610F1,2026-10-02,0.005479452054794521,48093.0,49050.0,put,16,1000.0,0.21930395246056741,0.0002470462099862296,1.9009909402988383
202610F1,2026-10-02,0.005479452054794521,48093.0,49100.0,call,539,35.0,0.2149106291146683,0.00022554612625456464,58.4663532912886
202610F1,2026-10-02,0.005479452054794521,48093.0,49100.0,put,1,1050.0,0.22733879372609428,0.00023334691670958115,0.11222353265313886
202610F1,2026-10-02,0.005479452054794521,48093.0,49150.0,call,235,31.0,0.2157708210968109,0.0002079052091530856,23.497145275928464
202610F1,2026-10-02,0.005479452054794521,48093.0,49150.0,put,1,1090.0,0.2192373496167592,0.00021065167839106962,0.10130871168861712
202610F1,2026-10-02,0.005479452054794521,48093.0,49200.0,call,304,25.5,0.21291298521515792,0.00018769484352396142,27.441496653177545
202610F1,2026-10-02,0.005479452054794521,48093.0,49200.0,put,3,1140.0,0.2267969978437813,0.00019941111831720562,0.2877083673968811
202610F1,2026-10-02,0.005479452054794521,48093.0,49250.0,call,92,23.5,0.21600212259237794,0.00017383208698514764,7.691298034626569
202610F1,2026-10-02,0.005479452054794521,48093.0,49250.0,put,1,1190.0,0.23429420772013282,0.00018916961301758173,0.09097734198854558
202610F1,2026-10-02,0.005479452054794521,48093.0,49300.0,call,259,21.0,0.2175466438045474,0.0001595096239729163,19.86865753543931
202610F1,2026-10-02,0.005479452054794521,48093.0,49300.0,put,1,1230.0,0.22198741261940805,0.00016382823084676957,0.07878991106113689
202610F1,2026-10-02,0.005479452054794521,48093.0,49350.0,call,143,19.0,0.21968027014412295,0.00014675837251292362,10.09301208524757
202610F1,2026-10-02,0.005479452054794521,48093.0,49350.0,put,0,1280.0,0.22897821406062374,0.0001556296354948736,0.0
202610F1,2026-10-02,0.005479452054794521,48093.0,49400.0,call,314,16.5,0.2199519518587625,0.00013304259275704068,20.09103067827808
202610F1,2026-10-02,0.005479452054794521,48093.0,49400.0,put,0,1330.0,0.23592043990504388,0.00014810840649888524,0.0
202610F1,2026-10-02,0.005479452054794521,48093.0,49450.0,call,47,14.5,0.220831471567523,0.00012084836854711221,2.7316214766120464
202610F1,2026-10-02,0.005479452054794521,48093.0,49450.0,put,1,1380.0,0.2428162237863438,0.00014118774902542404,0.06790142413879718
202610F1,2026-10-02,0.005479452054794521,48093.0,49500.0,call,1032,12.5,0.22096950309268307,0.00010876749411061821,53.983456572783446
202610F1,2026-10-02,0.005479452054794521,48093.0,49500.0,put,0,1430.0,0.24966752076681287,0.00013480180756971226,0.0
202610F1,2026-10-02,0.005479452054794521,48093.0,49550.0,call,119,11.0,0.2220236298163608,9.849541762314638e-05,5.6369587425024745
202610F1,2026-10-02,0.005479452054794521,48093.0,49550.0,put,0,1480.0,0.25647612818731846,0.00012889380753132126,0.0
202610F1,2026-10-02,0.005479452054794521,48093.0,49600.0,call,520,9.7,0.22318950603089702,8.914937397555724e-05,22.294796381553667
202610F1,2026-10-02,0.005479452054794521,48093.0,49600.0,put,0,1520.0,0.23515028939635058,0.0001005842805971154,0.0
202610F1,2026-10-02,0.005479452054794521,48093.0,49700.0,call,179,8.3,0.22911924765740968,7.602803309584379e-05,6.544984990264362
202610F1,2026-10-02,0.005479452054794521,48093.0,49700.0,put,0,1620.0,0.24757224054843538,9.212439673367254e-05,0.0
202610F1,2026-10-02,0.005479452054794521,48093.0,49800.0,call,302,6.6,0.23218836402658805,6.265406419907756e-05,9.099930166769235
202610F1,2026-10-02,0.005479452054794521,48093.0,49800.0,put,0,1720.0,0.2598675422344989,8.47972447188724e-05,0.0
202610F1,2026-10-02,0.005479452054794521,48093.0,49900.0,call,29,5.4,0.23622949915337285,5.2238736196395434e-05,0.7285720865690413
202610F1,2026-10-02,0.005479452054794521,48093.0,49900.0,put,0,1820.0,0.2720442051154234,7.840047135979106e-05,0.0
202610F1,2026-10-02,0.005479452054794521,48093.0,50000.0,call,445,4.8,0.24298579627258396,4.5429952448541275e-05,9.722639028829246
202610F1,2026-10-02,0.005479452054794521,48093.0,50000.0,put,1,1920.0,0.284109245471992,7.277609082708718e-05,0.03500020536147104
202610F1,2026-10-02,0.005479452054794521,48093.0,50100.0,call,58,3.5,0.2430115258582051,3.5562277502870424e-05,0.9919720349284175
202610F1,2026-10-02,0.005479452054794521,48093.0,50100.0,put,0,2020.0,0.2960688560009404,6.77991168335132e-05,0.0
202610F1,2026-10-02,0.005479452054794521,48093.0,50200.0,call,38,3.2,0.25033163055424895,3.144485283460448e-05,0.5746653768023606
202610F1,2026-10-02,0.005479452054794521,48093.0,50200.0,put,0,2120.0,0.30792854017549287,6.336949099406064e-05,0.0
202610F1,2026-10-02,0.005479452054794521,48093.0,50300.0,call,27,2.9,0.2571977579860021,2.7724728942560475e-05,0.3600086550393315
202610F1,2026-10-02,0.005479452054794521,48093.0,50300.0,put,2,2220.0,0.3196932193067575,5.9406249805663785e-05,0.05714049543807577
202610F1,2026-10-02,0.005479452054794521,48093.0,50400.0,call,319,2.7,0.26477116650611054,2.487261209404659e-05,3.8158733216703546
202610F1,2026-10-02,0.005479452054794521,48093.0,50400.0,put,0,2320.0,0.3313673188394022,5.5843241996936305e-05,0.0
202610F1,2026-10-02,0.005479452054794521,48093.0,50500.0,call,229,2.3,0.2693382673549662,2.12244752032124e-05,2.3375144908211354
202610F1,2026-10-02,0.005479452054794521,48093.0,50500.0,put,0,2420.0,0.34295483863692094,5.262593869313636e-05,0.0
202610F1,2026-10-02,0.005479452054794521,48093.0,50600.0,call,11,2.1,0.2759814525904766,1.8883543864305095e-05,0.09989829025726275
202610F1,2026-10-02,0.005479452054794521,48093.0,50600.0,put,0,2520.0,0.3544594107707795,4.9709026292435644e-05,0.0
202610F1,2026-10-02,0.005479452054794521,48093.0,50700.0,call,335,1.9,0.28219707707521197,1.673321266203073e-05,2.695913828459397
202610F1,2026-10-02,0.005479452054794521,48093.0,50700.0,put,0,2620.0,0.365884347444641,4.705456817252397e-05,0.0
202610F1,2026-10-02,0.005479452054794521,48093.0,50800.0,call,131,1.7,0.2879288560589528,1.4744658797892934e-05,0.928940486992855
202610F1,2026-10-02,0.005479452054794521,48093.0,50800.0,put,0,2720.0,0.3772326810549158,4.4630585340703944e-05,0.0
202610F1,2026-10-02,0.005479452054794521,48093.0,50900.0,call,9,1.5,0.2931005942837617,1.2892288193155932e-05,0.055802593446610343
202610F1,2026-10-02,0.005479452054794521,48093.0,50900.0,put,0,2820.0,0.38850719792038724,4.2409949436663966e-05,0.0
202610F1,2026-10-02,0.005479452054794521,48093.0,51000.0,call,249,1.4,0.29991865179972904,1.1686685969552407e-05,1.399498992950873
202610F1,2026-10-02,0.005479452054794521,48093.0,51000.0,put,0,2910.0,0.3266465489401507,1.8568981202710196e-05,0.0
202610F1,2026-10-02,0.005479452054794521,48093.0,51100.0,call,7,1.3,0.3064640982575921,1.0573809874151322e-05,0.035596836679429165
202610F1,2026-10-02,0.005479452054794521,48093.0,51100.0,put,0,3010.0,0.33619242444477193,1.7634220506578618e-05,0.0
202610F1,2026-10-02,0.005479452054794521,48093.0,51200.0,call,7,1.2,0.3127129293828892,9.542128283565241e-06,0.03212367028790522
202610F1,2026-10-02,0.005479452054794521,48093.0,51200.0,put,0,3110.0,0.3456885808691393,1.677469063226687e-05,0.0
202610F1,2026-10-02,0.005479452054794521,48093.0,51300.0,call,6,1.1,0.3186350135114388,8.581511867698673e-06,0.02476263901519394
202610F1,2026-10-02,0.005479452054794521,48093.0,51300.0,put,0,3210.0,0.3551364128175531,1.5982241219140982e-05,0.0
202610F1,2026-10-02,0.005479452054794521,48093.0,51400.0,call,10,1.0,0.32419198626698476,7.682945706589486e-06,0.03694959078670081
202610F1,2026-10-02,0.005479452054794521,48093.0,51400.0,put,0,3310.0,0.3645372232022856,1.5249818626814102e-05,0.0
202610F1,2026-10-02,0.005479452054794521,48093.0,51500.0,call,6,0.9,0.32933408997268915,6.83827109930259e-06,0.019732378318725572
202610F1,2026-10-02,0.005479452054794521,48093.0,51500.0,put,0,3410.0,0.37389223214157963,1.4571291205867039e-05,0.0
202610F1,2026-10-02,0.005479452054794521,48093.0,51600.0,call,3,0.8,0.3339952457680779,6.039936849712448e-06,0.008714360487396624
202610F1,2026-10-02,0.005479452054794521,48093.0,51600.0,put,0,3510.0,0.3832025847604957,1.3941306498873859e-05,0.0
202610F1,2026-10-02,0.005479452054794521,48093.0,51700.0,call,15,0.7,0.3380850039708899,5.2807336720826334e-06,0.03809494867372051
202610F1,2026-10-02,0.005479452054794521,48093.0,51700.0,put,0,3610.0,0.3924693580411056,1.33551738255526e-05,0.0
202610F1,2026-10-02,0.005479452054794521,48093.0,51800.0,call,5,0.6,0.34147460608489494,4.553469588542554e-06,0.010949500646088853
202610F1,2026-10-02,0.005479452054794521,48093.0,51800.0,put,0,3710.0,0.4016935668765078,1.2808767191666168e-05,0.0
202610F1,2026-10-02,0.005479452054794521,48093.0,51900.0,call,44,0.5,0.2010005459079307,1.1747627246018919e-09,2.4859060034282664e-05
202610F1,2026-10-02,0.005479452054794521,48093.0,51900.0,put,0,3810.0,0.41087616942814964,1.2298444569297155e-05,0.0
202610F1,2026-10-02,0.005479452054794521,48093.0,52000.0,call,1621,0.5,0.2010005459079307,6.012379609527359e-10,0.0004687176169213798
202610F1,2026-10-02,0.005479452054794521,48093.0,52000.0,put,0,3910.0,0.4200180718894896,1.1820980448000885e-05,0.0
202610F1,2026-10-02,0.005479452054794521,48093.0,52100.0,call,144,0.4,0.2010005459079307,3.0300747086336973e-10,2.0984455146574138e-05
202610F1,2026-10-02,0.005479452054794521,48093.0,52100.0,put,0,4010.0,0.4291201327349752,1.1373509203764147e-05,0.0
202610F1,2026-10-02,0.005479452054794521,48093.0,52200.0,call,20,0.4,0.2010005459079307,1.5038708001794843e-10,1.4465131678606389e-06
202610F1,2026-10-02,0.005479452054794521,48093.0,52200.0,put,0,4110.0,0.43818316651919964,1.0953477333677044e-05,0.0
202610F1,2026-10-02,0.005479452054794521,48093.0,52300.0,call,105,0.3,0.2010005459079307,7.351182828982184e-11,3.7121745758395215e-06
202610F1,2026-10-02,0.005479452054794521,48093.0,52300.0,put,0,4210.0,0.44720794728475083,1.0558602994309044e-05,0.0
202610F1,2026-10-02,0.005479452054794521,48093.0,52400.0,call,18,0.3,0.2010005459079307,3.539422517739658e-11,3.0639860486217605e-07
202610F1,2026-10-02,0.005479452054794521,48093.0,52400.0,put,0,4310.0,0.45619521162968185,1.0186841586411493e-05,0.0
202610F1,2026-10-02,0.005479452054794521,48093.0,52500.0,call,428,0.3,0.2010005459079307,1.6787065684160267e-11,3.4554166977788086e-06
202610F1,2026-10-02,0.005479452054794521,48093.0,52500.0,put,0,4410.0,0.4651456614720367,9.836356367474157e-06,0.0
202610F1,2026-10-02,0.005479452054794521,48093.0,52600.0,call,6,0.3,0.2010005459079307,7.843732933961907e-12,2.26337188795818e-08
202610F1,2026-10-02,0.005479452054794521,48093.0,52600.0,put,0,4510.0,0.4740599665520602,9.505493264686209e-06,0.0
202610F1,2026-10-02,0.005479452054794521,48093.0,52700.0,call,0,0.2,0.2010005459079307,3.6108928235438683e-12,0.0
202610F1,2026-10-02,0.005479452054794521,48093.0,52700.0,put,0,4610.0,0.4829387666963347,9.192759210549916e-06,0.0
202610F1,2026-10-02,0.005479452054794521,48093.0,52800.0,call,0,0.2,0.2010005459079307,1.6379026453419253e-12,0.0
202610F1,2026-10-02,0.005479452054794521,48093.0,52800.0,put,0,4710.0,0.4917826738775751,8.896803446006473e-06,0.0
202610F1,2026-10-02,0.005479452054794521,48093.0,52900.0,call,1,0.2,0.2010005459079307,7.321176649923057e-13,3.5209734862474956e-10
202610F1,2026-10-02,0.005479452054794521,48093.0,52900.0,put,0,4810.0,0.5005922740904571,8.61640133202017e-06,0.0
202610F1,2026-10-02,0.005479452054794521,48093.0,53000.0,call,3,0.2,0.2010005459079307,3.225004822692455e-13,4.6530047081324475e-10
202610F1,2026-10-02,0.005479452054794521,48093.0,53000.0,put,0,4910.0,0.5093681290588689,8.350440289170655e-06,0.0
202610F2,2026-10-09,0.024657534246575342,48180.0,42800.0,call,0,5400.0,0.3693919469166482,1.6743147793179877e-05,0.0
202610F2,2026-10-09,0.024657534246575342,48180.0,42800.0,put,7,14.0,0.35046714407411306,1.4006687749370301e-05,0.04723895510352628
202610F2,2026-10-09,0.024657534246575342,48180.0,42900.0,call,0,5300.0,0.3631520715061736,1.7255494212822474e-05,0.0
202610F2,2026-10-09,0.024657534246575342,48180.0,42900.0,put,1,14.5,0.34621277543759527,1.4706117512889867e-05,0.007085407417710338
202610F2,2026-10-09,0.024657534246575342,48180.0,43000.0,call,0,5210.0,0.3810040617921572,2.1447094080646092e-05,0.0
202610F2,2026-10-09,0.024657534246575342,48180.0,43000.0,put,0,15.0,0.34187552258341686,1.543562129062578e-05,0.0
202610F2,2026-10-09,0.024657534246575342,48180.0,43100.0,call,0,5110.0,0.3744504330809658,2.2108086045897684e-05,0.0
202610F2,2026-10-09,0.024657534246575342,48180.0,43100.0,put,0,15.5,0.33745884704615975,1.6197320148353423e-05,0.0
202610F2,2026-10-09,0.024657534246575342,48180.0,43200.0,call,0,5010.0,0.36789726520479665,2.2801099774149237e-05,0.0
202610F2,2026-10-09,0.024657534246575342,48180.0,43200.0,put,38,17.0,0.33599339607660816,1.7511058912509066e-05,0.32059947099378094
202610F2,2026-10-09,0.024657534246575342,48180.0,43300.0,call,0,4910.0,0.3613441536613655,2.3528325070056365e-05,0.0
202610F2,2026-10-09,0.024657534246575342,48180.0,43300.0,put,1,17.0,0.329877279119879,1.8090218272057422e-05,0.008715867163477267
202610F2,2026-10-09,0.024657534246575342,48180.0,43400.0,call,0,4810.0,0.3547906778165386,2.4292147842712625e-05,0.0
202610F2,2026-10-09,0.024657534246575342,48180.0,43400.0,put,0,17.5,0.325191536693173,1.896530713841704e-05,0.0
202610F2,2026-10-09,0.024657534246575342,48180.0,43500.0,call,0,4710.0,0.3482363997377893,2.509517203137046e-05,0.0
202610F2,2026-10-09,0.024657534246575342,48180.0,43500.0,put,3,18.5,0.32179844442828553,2.014627203952289e-05,0.029119421605926385
202610F2,2026-10-09,0.024657534246575342,48180.0,43600.0,call,0,4610.0,0.3416808629197551,2.5940244494120905e-05,0.0
202610F2,2026-10-09,0.024657534246575342,48180.0,43600.0,put,1,19.0,0.316938903495664,2.1112809440836895e-05,0.010172151588595217
202610F2,2026-10-09,0.024657534246575342,48180.0,43700.0,call,0,4510.0,0.33512359088855004,2.683048333220611e-05,0.0
202610F2,2026-10-09,0.024657534246575342,48180.0,43700.0,put,1,21.0,0.3157259468665158,2.290579772373497e-05,0.011036013343295509
202610F2,2026-10-09,0.024657534246575342,48180.0,43800.0,call,0,4410.0,0.32856408567172957,2.776931021054619e-05,0.0
202610F2,2026-10-09,0.024657534246575342,48180.0,43800.0,put,2,21.0,0.3094533034602613,2.3727480408932208e-05,0.022863800122047074
202610F2,2026-10-09,0.024657534246575342,48180.0,43900.0,call,0,4310.0,0.3220018261156861,2.876048734061953e-05,0.0
202610F2,2026-10-09,0.024657534246575342,48180.0,43900.0,put,1,22.0,0.30548817422469077,2.512203846483741e-05,0.012103798132358663
202610F2,2026-10-09,0.024657534246575342,48180.0,44000.0,call,0,4210.0,0.3154362660328511,2.9808159921512566e-05,0.0
202610F2,2026-10-09,0.024657534246575342,48180.0,44000.0,put,1,23.0,0.3013860492868175,2.6581694535744524e-05,0.012807060427321713
202610F2,2026-10-09,0.024657534246575342,48180.0,44100.0,call,0,4120.0,0.32564034268779757,3.4654120479688235e-05,0.0
202610F2,2026-10-09,0.024657534246575342,48180.0,44100.0,put,4,24.0,0.29715401738116887,2.811219454591194e-05,0.05417782132888149
202610F2,2026-10-09,0.024657534246575342,48180.0,44200.0,call,0,4020.0,0.31880832148149624,3.5940183199106606e-05,0.0
202610F2,2026-10-09,0.024657534246575342,48180.0,44200.0,put,21,25.5,0.2937961615873368,2.997407631803053e-05,0.3032717093705693
202610F2,2026-10-09,0.024657534246575342,48180.0,44300.0,call,0,3920.0,0.31197005331179023,3.7303234043826954e-05,0.0
202610F2,2026-10-09,0.024657534246575342,48180.0,44300.0,put,171,26.0,0.2883242954905654,3.141131843378923e-05,2.587909420859341
202610F2,2026-10-09,0.024657534246575342,48180.0,44400.0,call,0,3820.0,0.3051248105881582,3.8749862349016615e-05,0.0
202610F2,2026-10-09,0.024657534246575342,48180.0,44400.0,put,22,28.0,0.2855718286462552,3.3698973294853765e-05,0.35719563733613197
202610F2,2026-10-09,0.024657534246575342,48180.0,44500.0,call,0,3720.0,0.2982718243682208,4.028740324998122e-05,0.0
202610F2,2026-10-09,0.024657534246575342,48180.0,44500.0,put,17,30.0,0.2825378116204902,3.6072688634352446e-05,0.29545696352852713
202610F2,2026-10-09,0.024657534246575342,48180.0,44600.0,call,0,3620.0,0.29141028054573864,4.192404398706728e-05,0.0
202610F2,2026-10-09,0.024657534246575342,48180.0,44600.0,put,16,31.5,0.27843107441201875,3.830711853538472e-05,0.2953019153655737
202610F2,2026-10-09,0.024657534246575342,48180.0,44700.0,call,0,3520.0,0.2845393155736708,4.366894867555757e-05,0.0
202610F2,2026-10-09,0.024657534246575342,48180.0,44700.0,put,27,33.5,0.2749438208019461,4.089408462513029e-05,0.53197478925447
202610F2,2026-10-09,0.024657534246575342,48180.0,44800.0,call,0,3430.0,0.2906368654573556,4.911799033339927e-05,0.0
202610F2,2026-10-09,0.024657534246575342,48180.0,44800.0,put,12,36.0,0.2719678398184159,4.3829308509902226e-05,0.25340353008085076
202610F2,2026-10-09,0.024657534246575342,48180.0,44900.0,call,0,3330.0,0.2835200714837195,5.122113263339782e-05,0.0
202610F2,2026-10-09,0.024657534246575342,48180.0,44900.0,put,10,38.5,0.2687073778844281,4.688829423253681e-05,0.22590780161236235
202610F2,2026-10-09,0.024657534246575342,48180.0,45000.0,call,0,3230.0,0.2763895210718616,5.3472535190038e-05,0.0
202610F2,2026-10-09,0.024657534246575342,48180.0,45000.0,put,12,40.5,0.2645247649294957,4.987666359435698e-05,0.28836691823713434
202610F2,2026-10-09,0.024657534246575342,48180.0,45100.0,call,0,3140.0,0.28030466083768174,5.899774706439227e-05,0.0
202610F2,2026-10-09,0.024657534246575342,48180.0,45100.0,put,6,45.0,0.26327661625061144,5.40437457534442e-05,0.1562296602240565
202610F2,2026-10-09,0.024657534246575342,48180.0,45200.0,call,0,3040.0,0.272943997918586,6.168118710181295e-05,0.0
202610F2,2026-10-09,0.024657534246575342,48180.0,45200.0,put,23,47.5,0.2591942584185596,5.756112496628763e-05,0.6378578502014197
202610F2,2026-10-09,0.024657534246575342,48180.0,45300.0,call,0,2940.0,0.2655642768028652,6.45678955746859e-05,0.0
202610F2,2026-10-09,0.024657534246575342,48180.0,45300.0,put,4,51.0,0.2560156953278384,6.164231226960402e-05,0.11879706420598087
202610F2,2026-10-09,0.024657534246575342,48180.0,45400.0,call,0,2850.0,0.2677821515387118,7.038731022244393e-05,0.0
202610F2,2026-10-09,0.024657534246575342,48180.0,45400.0,put,2,56.0,0.25409509925259083,6.641979888205079e-05,0.06400211820274415
202610F2,2026-10-09,0.024657534246575342,48180.0,45500.0,call,0,2750.0,0.26017800803623703,7.381679686121246e-05,0.0
202610F2,2026-10-09,0.024657534246575342,48180.0,45500.0,put,39,57.0,0.24776143615129548,7.008415225203349e-05,1.3168952376461598
202610F2,2026-10-09,0.024657534246575342,48180.0,45600.0,call,0,2660.0,0.2611900297713367,7.981012016158139e-05,0.0
202610F2,2026-10-09,0.024657534246575342,48180.0,45600.0,put,7,67.0,0.2498432325915744,7.674182663856956e-05,0.25881948452123965
202610F2,2026-10-09,0.024657534246575342,48180.0,45700.0,call,0,2560.0,0.25336492781735664,8.387723781877132e-05,0.0
202610F2,2026-10-09,0.024657534246575342,48180.0,45700.0,put,0,72.0,0.2466284119938561,8.206102872184359e-05,0.0
202610F2,2026-10-09,0.024657534246575342,48180.0,45800.0,call,0,2470.0,0.25335406447166464,9.01871251272475e-05,0.0
202610F2,2026-10-09,0.024657534246575342,48180.0,45800.0,put,2,77.0,0.2430693081724387,8.764392363082757e-05,0.08445368481066545
202610F2,2026-10-09,0.024657534246575342,48180.0,45900.0,call,0,2380.0,0.2526310744150889,9.653329957470344e-05,0.0
202610F2,2026-10-09,0.024657534246575342,48180.0,45900.0,put,2,91.0,0.24605401241032668,9.51851938063206e-05,0.09172045275177054
202610F2,2026-10-09,0.024657534246575342,48180.0,46000.0,call,0,2290.0,0.2512809686770535,0.00010297993084200796,0.0
202610F2,2026-10-09,0.024657534246575342,48180.0,46000.0,put,25,96.0,0.24156471608074034,0.00010123882889067814,1.219421693988218
202610F2,2026-10-09,0.024657534246575342,48180.0,46100.0,call,0,2190.0,0.24286529545029614,0.00010870828615667719,0.0
202610F2,2026-10-09,0.024657534246575342,48180.0,46100.0,put,3,103.0,0.23817173300747754,0.00010793628424543337,0.1560111052483494
202610F2,2026-10-09,0.024657534246575342,48180.0,46200.0,call,0,2100.0,0.24077147754994724,0.00011581257861329696,0.0
202610F2,2026-10-09,0.024657534246575342,48180.0,46200.0,put,4,106.0,0.23178880316343947,0.00011458760086561832,0.22083322438821962
202610F2,2026-10-09,0.024657534246575342,48180.0,46250.0,call,0,2060.0,0.2425598558618337,0.00011970687588770967,0.0
202610F2,2026-10-09,0.024657534246575342,48180.0,46250.0,put,3,124.0,0.23891788295016375,0.00011940058692187269,0.1725816083368748
202610F2,2026-10-09,0.024657534246575342,48180.0,46300.0,call,0,2020.0,0.24403872145348077,0.0001234887191356083,0.0
202610F2,2026-10-09,0.024657534246575342,48180.0,46300.0,put,4,124.0,0.2345593582700449,0.0001228916049943988,0.23683670114520533
202610F2,2026-10-09,0.024657534246575342,48180.0,46350.0,call,0,1970.0,0.23956723565830296,0.00012707918899900885,0.0
202610F2,2026-10-09,0.024657534246575342,48180.0,46350.0,put,0,130.0,0.23375258661451176,0.0001268119261408188,0.0
202610F2,2026-10-09,0.024657534246575342,48180.0,46400.0,call,0,1930.0,0.24069046875226224,0.00013089866497025828,0.0
202610F2,2026-10-09,0.024657534246575342,48180.0,46400.0,put,9,140.0,0.2350793114882243,0.0001308508701240241,0.5673955430317934
202610F2,2026-10-09,0.024657534246575342,48180.0,46450.0,call,0,1890.0,0.24155632890650086,0.00013465228911546716,0.0
202610F2,2026-10-09,0.024657534246575342,48180.0,46450.0,put,0,143.0,0.2322540854623673,0.00013482938246723387,0.0
202610F2,2026-10-09,0.024657534246575342,48180.0,46500.0,call,0,1840.0,0.2369192335165366,0.00013869285068582714,0.0
202610F2,2026-10-09,0.024657534246575342,48180.0,46500.0,put,7,149.0,0.2310021813171682,0.00013892735912755295,0.4685464113935851
202610F2,2026-10-09,0.024657534246575342,48180.0,46550.0,call,0,1800.0,0.2374735040800322,0.000142536532586343,0.0
202610F2,2026-10-09,0.024657534246575342,48180.0,46550.0,put,0,157.0,0.2306790704213288,0.00014304748689220178,0.0
202610F2,2026-10-09,0.024657534246575342,48180.0,46600.0,call,0,1760.0,0.23780592928140498,0.00014635122365972813,0.0
202610F2,2026-10-09,0.024657534246575342,48180.0,46600.0,put,2,167.0,0.23120550352192148,0.00014709528045054964,0.14174101224214963
202610F2,2026-10-09,0.024657534246575342,48180.0,46650.0,call,0,1710.0,0.23300083204408265,0.00015090268557464194,0.0
202610F2,2026-10-09,0.024657534246575342,48180.0,46650.0,put,0,172.0,0.22899861971123495,0.00015144939235374173,0.0
202610F2,2026-10-09,0.024657534246575342,48180.0,46700.0,call,4,1670.0,0.23305108150177445,0.0001548578923241253,0.2984421300870543
202610F2,2026-10-09,0.024657534246575342,48180.0,46700.0,put,167,181.0,0.22866377248454942,0.00015562343082367217,12.521554618131157
202610F2,2026-10-09,0.024657534246575342,48180.0,46750.0,call,6,1630.0,0.23290425430994283,0.00015881631607284053,0.4591062065033674
202610F2,2026-10-09,0.024657534246575342,48180.0,46750.0,put,6,188.0,0.22718780099323352,0.00016002248714128579,0.4625930058280289
202610F2,2026-10-09,0.024657534246575342,48180.0,46800.0,call,0,1590.0,0.23256988422586103,0.00016279045545383652,0.0
202610F2,2026-10-09,0.024657534246575342,48180.0,46800.0,put,8,198.0,0.22698916707413297,0.0001641860831611647,0.6328388389363931
202610F2,2026-10-09,0.024657534246575342,48180.0,46850.0,call,3,1550.0,0.23205613962689323,0.00016679197627083597,0.24108112250186634
202610F2,2026-10-09,0.024657534246575342,48180.0,46850.0,put,7,207.0,0.22614274811237814,0.00016849988432305314,0.5682827098679291
202610F2,2026-10-09,0.024657534246575342,48180.0,46900.0,call,3,1510.0,0.2313700221534829,0.00017083193630137463,0.24692048073000689
202610F2,2026-10-09,0.024657534246575342,48180.0,46900.0,put,5,213.0,0.22378558949716026,0.00017331131734362777,0.4175069634807993
202610F2,2026-10-09,0.024657534246575342,48180.0,46950.0,call,2,1470.0,0.23051752390434793,0.00017492097291133452,0.16855384949736194
202610F2,2026-10-09,0.024657534246575342,48180.0,46950.0,put,3,228.0,0.22528728978326673,0.0001768505016752916,0.2556197151214665
202610F2,2026-10-09,0.024657534246575342,48180.0,47000.0,call,3,1430.0,0.22950375245156315,0.00017906946348866129,0.25882700252651103
202610F2,2026-10-09,0.024657534246575342,48180.0,47000.0,put,7,239.0,0.2248043362519881,0.00018099497730269338,0.6104236604510638
202610F2,2026-10-09,0.024657534246575342,48180.0,47050.0,call,3,1390.0,0.22833303044768286,0.0001832876662381156,0.26492399278057227
202610F2,2026-10-09,0.024657534246575342,48180.0,47050.0,put,3,250.0,0.22414131722096614,0.0001851785780089303,0.2676571166541079
202610F2,2026-10-09,0.024657534246575342,48180.0,47100.0,call,3,1350.0,0.22700897484360774,0.00018758584715563762,0.27113658347875863
202610F2,2026-10-09,0.024657534246575342,48180.0,47100.0,put,3,261.0,0.22330411757207078,0.00018941305883529467,0.27377763524053494
202610F2,2026-10-09,0.024657534246575342,48180.0,47150.0,call,2,1320.0,0.2295565794870995,0.00018983337319785577,0.18292343841345382
202610F2,2026-10-09,0.024657534246575342,48180.0,47150.0,put,2,273.0,0.22270326510134542,0.00019349185289025542,0.1864487494450501
202610F2,2026-10-09,0.024657534246575342,48180.0,47200.0,call,0,1280.0,0.22787191345599805,0.00019418825902527535,0.0
202610F2,2026-10-09,0.024657534246575342,48180.0,47200.0,put,0,285.0,0.2219233675128236,0.00019761651186981846,0.0
202610F2,2026-10-09,0.024657534246575342,48180.0,47250.0,call,3,1240.0,0.22604460893621356,0.0001986528171499534,0.28713278190854263
202610F2,2026-10-09,0.024657534246575342,48180.0,47250.0,put,3,299.0,0.22175234854264625,0.00020130931502955804,0.2909724839437232
202610F2,2026-10-09,0.024657534246575342,48180.0,47300.0,call,1,1210.0,0.22790323612389285,0.00020073888179894997,0.0967159932507341
202610F2,2026-10-09,0.024657534246575342,48180.0,47300.0,put,4,313.0,0.22138580116229217,0.00020501893959654595,0.39511250039046336
202610F2,2026-10-09,0.024657534246575342,48180.0,47350.0,call,0,1170.0,0.22574292315232758,0.00020531892627852943,0.0
202610F2,2026-10-09,0.024657534246575342,48180.0,47350.0,put,1,326.0,0.2204505281351125,0.0002090256120519618,0.1007085398866352
202610F2,2026-10-09,0.024657534246575342,48180.0,47400.0,call,2,1130.0,0.22344442902249467,0.00021003827509685478,0.2023928818833293
202610F2,2026-10-09,0.024657534246575342,48180.0,47400.0,put,5,340.0,0.21971497692684896,0.00021281477947606483,0.5126708037578401
202610F2,2026-10-09,0.024657534246575342,48180.0,47450.0,call,0,1100.0,0.2246798057497299,0.0002120593734539962,0.0
202610F2,2026-10-09,0.024657534246575342,48180.0,47450.0,put,3,356.0,0.21953493617259498,0.0002160690919404599,0.3123062654907407
202610F2,2026-10-09,0.024657534246575342,48180.0,47500.0,call,3,1060.0,0.2220618446821585,0.00021694944863796125,0.3135787330613092
202610F2,2026-10-09,0.024657534246575342,48180.0,47500.0,put,17,375.0,0.22024736976303894,0.00021843682427912076,1.7891286529405666
202610F2,2026-10-09,0.024657534246575342,48180.0,47550.0,call,3,1030.0,0.22288918002091446,0.00021894978005375127,0.31647001208969205
202610F2,2026-10-09,0.024657534246575342,48180.0,47550.0,put,3,389.0,0.21894617142754494,0.00022232197424075436,0.3213441815675863
202610F2,2026-10-09,0.024657534246575342,48180.0,47600.0,call,2,1000.0,0.22349793244017901,0.0002209214025121744,0.21287986346073123
202610F2,2026-10-09,0.024657534246575342,48180.0,47600.0,put,2,405.0,0.2181826666463635,0.00022564143573984636,0.21742808747891598
202610F2,2026-10-09,0.024657534246575342,48180.0,47650.0,call,2,965.0,0.22214406848428936,0.00022445575371609345,0.21628556428082765
202610F2,2026-10-09,0.024657534246575342,48180.0,47650.0,put,2,423.0,0.21793532062894436,0.00022834359162781918,0.22003188489256656
202610F2,2026-10-09,0.024657534246575342,48180.0,47700.0,call,2,930.0,0.22061718592596968,0.0002280607160086764,0.21975930594596058
202610F2,2026-10-09,0.024657534246575342,48180.0,47700.0,put,0,440.0,0.2171424952511117,0.00023139920698449893,0.0
202610F2,2026-10-09,0.024657534246575342,48180.0,47750.0,call,3,900.0,0.22063859446425035,0.00023005732100666925,0.3325248517830397
202610F2,2026-10-09,0.024657534246575342,48180.0,47750.0,put,3,459.0,0.2168502909823327,0.00023380151887648904,0.33793671538407727
202610F2,2026-10-09,0.024657534246575342,48180.0,47800.0,call,3,870.0,0.22045970167317214,0.00023205649418151905,0.3354144566899676
202610F2,2026-10-09,0.024657534246575342,48180.0,47800.0,put,3,479.0,0.216701479755315,0.00023586623959273044,0.3409210627073326
202610F2,2026-10-09,0.024657534246575342,48180.0,47850.0,call,2,840.0,0.22008356357332529,0.000234064355041198,0.2255444125176984
202610F2,2026-10-09,0.024657534246575342,48180.0,47850.0,put,2,500.0,0.21669100517895512,0.00023758168866859259,0.22893371520105582
202610F2,2026-10-09,0.024657534246575342,48180.0,47900.0,call,6,810.0,0.2195123016348422,0.0002360862859751179,0.6824782354968708
202610F2,2026-10-09,0.024657534246575342,48180.0,47900.0,put,8,520.0,0.21614033699797847,0.00023966274737463418,0.92375609348079
202610F2,2026-10-09,0.024657534246575342,48180.0,47950.0,call,5,785.0,0.22042403253628462,0.00023634967571732656,0.5693663688030397
202610F2,2026-10-09,0.024657534246575342,48180.0,47950.0,put,5,540.0,0.21539262447555999,0.00024176303438443918,0.582407149832114
202610F2,2026-10-09,0.024657534246575342,48180.0,48000.0,call,2,755.0,0.21945829398729394,0.00023838418993173667,0.22970700541822145
202610F2,2026-10-09,0.024657534246575342,48180.0,48000.0,put,3,560.0,0.21444830280496802,0.0002438869987432442,0.35251426798348523
202610F2,2026-10-09,0.024657534246575342,48180.0,48050.0,call,3,725.0,0.2182999837536336,0.00024044470449417613,0.3475387758758822
202610F2,2026-10-09,0.024657534246575342,48180.0,48050.0,put,3,580.0,0.21330689561172164,0.00024603846788326346,0.355624001478469
202610F2,2026-10-09,0.024657534246575342,48180.0,48100.0,call,2,700.0,0.2186078844104846,0.0002406960075919246,0.23193467291557854
202610F2,2026-10-09,0.024657534246575342,48180.0,48100.0,put,2,605.0,0.21362726068248525,0.00024629574639880534,0.23733058122988882
202610F2,2026-10-09,0.024657534246575342,48180.0,48150.0,call,2,670.0,0.21705678544629992,0.00024278633917939262,0.23394891643326277
202610F2,2026-10-09,0.024657534246575342,48180.0,48150.0,put,3,630.0,0.2137415122960268,0.0002465519152641514,0.3563661383228044
202610F2,2026-10-09,0.024657534246575342,48180.0,48200.0,call,1,645.0,0.21696429520867305,0.0002430384931078375,0.1170959459793561
202610F2,2026-10-09,0.024657534246575342,48180.0,48200.0,put,1,665.0,0.2169642952086745,0.00024303849310783584,0.1170959459793553
202610F2,2026-10-09,0.024657534246575342,48180.0,48250.0,call,3,620.0,0.21667063965185707,0.00024329064080776743,0.351652292223547
202610F2,2026-10-09,0.024657534246575342,48180.0,48250.0,put,0,675.0,0.21169910570002434,0.0002489949310028698,0.0
202610F2,2026-10-09,0.024657534246575342,48180.0,48300.0,call,1,585.0,0.2128566940419714,0.00024731923579218056,0.1191584078046726
202610F2,2026-10-09,0.024657534246575342,48180.0,48300.0,put,0,705.0,0.21285669404197088,0.00024731923579218116,0.0
202610F2,2026-10-09,0.024657534246575342,48180.0,48350.0,call,2,570.0,0.2154767516465147,0.00024379097926717882,0.2349169876218535
202610F2,2026-10-09,0.024657534246575342,48180.0,48350.0,put,0,730.0,0.21215065665156818,0.0002475718223960196,0.0
202610F2,2026-10-09,0.024657534246575342,48180.0,48400.0,call,1,550.0,0.2162406826974937,0.00024218584981835684,0.11668514244248433
202610F2,2026-10-09,0.024657534246575342,48180.0,48400.0,put,0,755.0,0.21123557952988867,0.0002478189577822445,0.0
202610F2,2026-10-09,0.024657534246575342,48180.0,48450.0,call,0,525.0,0.21513429752316945,0.00024241979574393254,0.0
202610F2,2026-10-09,0.024657534246575342,48180.0,48450.0,put,0,785.0,0.21178362425910655,0.00024614881973626993,0.0
202610F2,2026-10-09,0.024657534246575342,48180.0,48500.0,call,0,505.0,0.2154993809828521,0.00024081731017841138,0.0
202610F2,2026-10-09,0.024657534246575342,48180.0,48500.0,put,0,810.0,0.21044727645029804,0.0002463709626587783,0.0
202610F2,2026-10-09,0.024657534246575342,48180.0,48550.0,call,4,484.0,0.21532861757717162,0.00023957963706478533,0.4617178765512543
202610F2,2026-10-09,0.024657534246575342,48180.0,48550.0,put,0,840.0,0.21058464490350748,0.00024469279720446365,0.0
202610F2,2026-10-09,0.024657534246575342,48180.0,48600.0,call,2,467.0,0.21631833110526671,0.00023692962093666714,0.22830538273457243
202610F2,2026-10-09,0.024657534246575342,48180.0,48600.0,put,0,870.0,0.2105181453094311,0.00024301576256839015,0.0
202610F2,2026-10-09,0.024657534246575342,48180.0,48650.0,call,0,444.0,0.21506102023858711,0.00023637887775770195,0.0
202610F2,2026-10-09,0.024657534246575342,48180.0,48650.0,put,0,900.0,0.21024504741611333,0.00024133251779786998,0.0
202610F2,2026-10-09,0.024657534246575342,48180.0,48700.0,call,1,423.0,0.21427487772310436,0.0002351055680814471,0.11327386270164122
202610F2,2026-10-09,0.024657534246575342,48180.0,48700.0,put,0,930.0,0.20976151566983414,0.00023963457744333947,0.0
202610F2,2026-10-09,0.024657534246575342,48180.0,48750.0,call,0,404.0,0.21397287213107305,0.00023312867070964297,0.0
202610F2,2026-10-09,0.024657534246575342,48180.0,48750.0,put,0,960.0,0.20906250716221178,0.00023791208394556584,0.0
202610F2,2026-10-09,0.024657534246575342,48180.0,48800.0,call,6,386.0,0.21381711177287388,0.00023080677583295638,0.6672162275779103
202610F2,2026-10-09,0.024657534246575342,48180.0,48800.0,put,1,995.0,0.20991767211842938,0.0002344570707728461,0.11296141669835724
202610F2,2026-10-09,0.024657534246575342,48180.0,48850.0,call,1,368.0,0.21345637216395097,0.00022847233378491794,0.11007797041757347
202610F2,2026-10-09,0.024657534246575342,48180.0,48850.0,put,0,1030.0,0.210587142197956,0.00023104743425461427,0.0
202610F2,2026-10-09,0.024657534246575342,48180.0,48900.0,call,2,351.0,0.21324796730828616,0.00022580483948950932,0.2175855433320912
202610F2,2026-10-09,0.024657534246575342,48180.0,48900.0,put,0,1060.0,0.20924940233499278,0.00022925146904076392,0.0
202610F2,2026-10-09,0.024657534246575342,48180.0,48950.0,call,0,335.0,0.21320027740405748,0.00022282137008653084,0.0
202610F2,2026-10-09,0.024657534246575342,48180.0,48950.0,put,17,1100.0,0.21135965067229556,0.0002243218425133291,1.8373304832896735
202610F2,2026-10-09,0.024657534246575342,48180.0,49000.0,call,4,319.0,0.2129498627700509,0.00021982896817801878,0.4236543874726778
202610F2,2026-10-09,0.024657534246575342,48180.0,49000.0,put,0,1130.0,0.20958409641078435,0.00022244114479172487,0.0
202610F2,2026-10-09,0.024657534246575342,48180.0,49050.0,call,0,305.0,0.21324839575808072,0.00021626423449872833,0.0
202610F2,2026-10-09,0.024657534246575342,48180.0,49050.0,put,0,1160.0,0.20754360613636266,0.00022044882156164317,0.0
202610F2,2026-10-09,0.024657534246575342,48180.0,49100.0,call,3,290.0,0.21297051245973506,0.00021297486514753548,0.3078338700842478
202610F2,2026-10-09,0.024657534246575342,48180.0,49100.0,put,0,1200.0,0.2091072821731636,0.00021562064715360856,0.0
202610F2,2026-10-09,0.024657534246575342,48180.0,49150.0,call,4,276.0,0.21287409354600959,0.00020941077632715693,0.40357644813769683
202610F2,2026-10-09,0.024657534246575342,48180.0,49150.0,put,0,1230.0,0.20656934732261198,0.0002134392194553696,0.0
202610F2,2026-10-09,0.024657534246575342,48180.0,49200.0,call,3,263.0,0.21297251778397722,0.00020559828541385228,0.29717176173718207
202610F2,2026-10-09,0.024657534246575342,48180.0,49200.0,put,0,1270.0,0.2077599495275434,0.00020866739467716988,0.0
202610F2,2026-10-09,0.024657534246575342,48180.0,49250.0,call,1,250.0,0.21287420969034776,0.00020178578375319356,0.09722039061228867
202610F2,2026-10-09,0.024657534246575342,48180.0,49250.0,put,0,1310.0,0.2087897469368949,0.000203986931416391,0.0
202610F2,2026-10-09,0.024657534246575342,48180.0,49300.0,call,0,238.0,0.21298658094226688,0.00019775468033409607,0.0
202610F2,2026-10-09,0.024657534246575342,48180.0,49300.0,put,0,1340.0,0.2054554459722347,0.00020142436716178992,0.0
202610F2,2026-10-09,0.024657534246575342,48180.0,49350.0,call,0,226.0,0.21290362854208147,0.00019372471072133936,0.0
202610F2,2026-10-09,0.024657534246575342,48180.0,49350.0,put,0,1380.0,0.2060681098871218,0.00019670603237855226,0.0
202610F2,2026-10-09,0.024657534246575342,48180.0,49400.0,call,1,214.0,0.21261713912801827,0.00018968009390775862,0.0913878692447581
202610F2,2026-10-09,0.024657534246575342,48180.0,49400.0,put,0,1420.0,0.20650173067826885,0.00019203386023825217,0.0
202610F2,2026-10-09,0.024657534246575342,48180.0,49450.0,call,0,203.0,0.2125607889619889,0.00018545177710866387,0.0
202610F2,2026-10-09,0.024657534246575342,48180.0,49450.0,put,0,1460.0,0.20674983631559338,0.00018739204254886283,0.0
202610F2,2026-10-09,0.024657534246575342,48180.0,49500.0,call,12,202.0,0.2168122861849618,0.00017985716900939937,1.0398622083447435
202610F2,2026-10-09,0.024657534246575342,48180.0,49500.0,put,0,1500.0,0.2068046770350179,0.00018276389905368034,0.0
202610F2,2026-10-09,0.024657534246575342,48180.0,49600.0,call,1,172.0,0.21208998602315052,0.00017243037659390027,0.08307695544294115
202610F2,2026-10-09,0.024657534246575342,48180.0,49600.0,put,0,1580.0,0.20629578727150802,0.00017347530093053622,0.0
202610F2,2026-10-09,0.024657534246575342,48180.0,49700.0,call,5,158.0,0.21405108395588207,0.00016322866122312288,0.393217844886503
202610F2,2026-10-09,0.024657534246575342,48180.0,49700.0,put,0,1660.0,0.204877298886613,0.0001640010564584522,0.0
202610F2,2026-10-09,0.024657534246575342,48180.0,49800.0,call,3,137.0,0.21170381493751506,0.00015436842490733663,0.22312412136106438
202610F2,2026-10-09,0.024657534246575342,48180.0,49800.0,put,0,1740.0,0.2024075827232794,0.00015412461464997808,0.0
202610F2,2026-10-09,0.024657534246575342,48180.0,49900.0,call,1,122.0,0.21163734397211473,0.00014525021648454777,0.06998155430225511
202610F2,2026-10-09,0.024657534246575342,48180.0,49900.0,put,0,1830.0,0.20468751548475903,0.0001445156834311286,0.0
202610F2,2026-10-09,0.024657534246575342,48180.0,50000.0,call,24,116.0,0.2161376266037607,0.00013681948409438024,1.5820710584801376
202610F2,2026-10-09,0.024657534246575342,48180.0,50000.0,put,0,1910.0,0.2000274215119825,0.0001337728483277924,0.0
202610F2,2026-10-09,0.024657534246575342,48180.0,50100.0,call,0,95.0,0.21084269471160635,0.00012706691093315067,0.0
202610F2,2026-10-09,0.024657534246575342,48180.0,50100.0,put,0,2000.0,0.20071322173977826,0.00012419870051867665,0.0
202610F2,2026-10-09,0.024657534246575342,48180.0,50200.0,call,1,84.0,0.21083937194541508,0.00011825019666320355,0.05697294475233147
202610F2,2026-10-09,0.024657534246575342,48180.0,50200.0,put,0,2090.0,0.2006403396404486,0.0001146842407129392,0.0
202610F2,2026-10-09,0.024657534246575342,48180.0,50300.0,call,3,75.0,0.2115216558135267,0.00010990763822945224,0.15886050029685028
202610F2,2026-10-09,0.024657534246575342,48180.0,50300.0,put,0,2180.0,0.19967817140002653,0.00010507007727972678,0.0
202610F2,2026-10-09,0.024657534246575342,48180.0,50400.0,call,1,66.0,0.21149517984466165,0.00010161776162711057,0.04895943755194187
202610F2,2026-10-09,0.024657534246575342,48180.0,50400.0,put,0,2270.0,0.19763190576245301,9.514905791275333e-05,0.0
202610F2,2026-10-09,0.024657534246575342,48180.0,50500.0,call,4,62.0,0.21499764270172295,9.51489702394204e-05,0.183371095445411
202610F2,2026-10-09,0.024657534246575342,48180.0,50500.0,put,0,2360.0,0.19419211966317537,8.462293486290125e-05,0.0
202610F2,2026-10-09,0.024657534246575342,48180.0,50600.0,call,1,51.0,0.21170538309575856,8.609927938627772e-05,0.041482632808308606
202610F2,2026-10-09,0.024657534246575342,48180.0,50600.0,put,0,2460.0,0.20050988176559906,8.024745025377822e-05,0.0
202610F2,2026-10-09,0.024657534246575342,48180.0,50700.0,call,2,46.5,0.2136954865511922,7.980717931757167e-05,0.07690219799041206
202610F2,2026-10-09,0.024657534246575342,48180.0,50700.0,put,0,2550.0,0.19483803225433366,6.92553208774645e-05,0.0
202610F2,2026-10-09,0.024657534246575342,48180.0,50800.0,call,1,39.0,0.2118559707008206,7.199461026578629e-05,0.034687003226055835
202610F2,2026-10-09,0.024657534246575342,48180.0,50800.0,put,0,2640.0,0.18606576806955388,5.63122934120972e-05,0.0
202610F2,2026-10-09,0.024657534246575342,48180.0,50900.0,call,1,34.5,0.21257590573499682,6.586147827534617e-05,0.03173206023306178
202610F2,2026-10-09,0.024657534246575342,48180.0,50900.0,put,0,2740.0,0.19169083287541488,5.351763945526699e-05,0.0
202610F2,2026-10-09,0.024657534246575342,48180.0,51000.0,call,4,30.5,0.2133160999573797,6.013844453619776e-05,0.11589881031016032
202610F2,2026-10-09,0.024657534246575342,48180.0,51000.0,put,0,2840.0,0.19727770442419032,5.0950948175681726e-05,0.0
202610F2,2026-10-09,0.024657534246575342,48180.0,51100.0,call,6,27.5,0.21489198967422657,5.52459584195769e-05,0.1597050165993129
202610F2,2026-10-09,0.024657534246575342,48180.0,51100.0,put,0,2930.0,0.18127699721782733,3.536886980961297e-05,0.0
202610F2,2026-10-09,0.024657534246575342,48180.0,51200.0,call,2,24.5,0.2159875541121201,5.0471212236916e-05,0.04863406011149225
202610F2,2026-10-09,0.024657534246575342,48180.0,51200.0,put,0,3030.0,0.1863581521484832,3.370033482049421e-05,0.0
202610F2,2026-10-09,0.024657534246575342,48180.0,51300.0,call,0,21.5,0.21652399962804755,4.576800812428352e-05,0.0
202610F2,2026-10-09,0.024657534246575342,48180.0,51300.0,put,0,3130.0,0.19140980244270106,3.215993012562343e-05,0.0
202610F2,2026-10-09,0.024657534246575342,48180.0,51400.0,call,0,19.5,0.2183244833963279,4.2041883569649994e-05,0.0
202610F2,2026-10-09,0.024657534246575342,48180.0,51400.0,put,0,3220.0,0.01,0.0,0.0
202610F2,2026-10-09,0.024657534246575342,48180.0,51500.0,call,6,17.5,0.2197194819280849,3.842030359676761e-05,0.11106541363753579
202610F2,2026-10-09,0.024657534246575342,48180.0,51500.0,put,0,3320.0,0.01,0.0,0.0
202610F2,2026-10-09,0.024657534246575342,48180.0,51600.0,call,0,16.0,0.2217700252521045,3.539073747536208e-05,0.0
202610F2,2026-10-09,0.024657534246575342,48180.0,51600.0,put,0,3420.0,0.01,0.0,0.0
202610F2,2026-10-09,0.024657534246575342,48180.0,51700.0,call,0,14.5,0.22348058864677417,3.245854543476987e-05,0.0
202610F2,2026-10-09,0.024657534246575342,48180.0,51700.0,put,0,3520.0,0.01,0.0,0.0
202610F2,2026-10-09,0.024657534246575342,48180.0,51800.0,call,5,13.0,0.22480392018485781,2.960302341854486e-05,0.07131368341527457
202610F2,2026-10-09,0.024657534246575342,48180.0,51800.0,put,0,3620.0,0.01,0.0,0.0
202610F2,2026-10-09,0.024657534246575342,48180.0,51900.0,call,4,12.0,0.22710134347661926,2.7377747298728004e-05,0.052762394594108614
202610F2,2026-10-09,0.024657534246575342,48180.0,51900.0,put,0,3720.0,0.01,0.0,0.0
202610F2,2026-10-09,0.024657534246575342,48180.0,52000.0,call,7,11.0,0.22912959218590812,2.523186605053491e-05,0.08509699144203403
202610F2,2026-10-09,0.024657534246575342,48180.0,52000.0,put,0,3820.0,0.01,0.0,0.0
202610F2,2026-10-09,0.024657534246575342,48180.0,52100.0,call,0,10.5,0.23246439248964146,2.3742520582684708e-05,0.0
202610F2,2026-10-09,0.024657534246575342,48180.0,52100.0,put,0,3920.0,0.01,0.0,0.0
202610F2,2026-10-09,0.024657534246575342,48180.0,52200.0,call,0,9.1,0.23259418820861727,2.1251154795525804e-05,0.0
202610F2,2026-10-09,0.024657534246575342,48180.0,52200.0,put,0,4010.0,0.21696429520867305,1.590580589791902e-05,0.0
202610F2,2026-10-09,0.024657534246575342,48180.0,52300.0,call,1,8.4,0.23476364508425052,1.9651548361477044e-05,0.00946811600055964
202610F2,2026-10-09,0.024657534246575342,48180.0,52300.0,put,0,4110.0,0.21696429520867305,1.3928330335382823e-05,0.0
202610F2,2026-10-09,0.024657534246575342,48180.0,52400.0,call,5,7.8,0.23708743342574198,1.823195550615656e-05,0.04392078081433115
202610F2,2026-10-09,0.024657534246575342,48180.0,52400.0,put,0,4210.0,0.21696429520867305,1.2161467352759251e-05,0.0
202610F2,2026-10-09,0.024657534246575342,48180.0,52500.0,call,0,7.3,0.2396219523874493,1.6990513704773233e-05,0.0
202610F2,2026-10-09,0.024657534246575342,48180.0,52500.0,put,0,4310.0,0.21696429520867305,1.0588241357619006e-05,0.0
202610F2,2026-10-09,0.024657534246575342,48180.0,52600.0,call,0,6.9,0.2424273374047613,1.5924726808316363e-05,0.0
202610F2,2026-10-09,0.024657534246575342,48180.0,52600.0,put,0,4410.0,0.21696429520867305,9.192210535582846e-06,0.0
202610F2,2026-10-09,0.024657534246575342,48180.0,52700.0,call,0,6.5,0.2450885786616874,1.4902665796551398e-05,0.0
202610F2,2026-10-09,0.024657534246575342,48180.0,52700.0,put,0,4510.0,0.21696429520867305,7.95759183981433e-06,0.0
202610F2,2026-10-09,0.024657534246575342,48180.0,52800.0,call,0,6.1,0.2475949489173324,1.3920168764604316e-05,0.0
202610F2,2026-10-09,0.024657534246575342,48180.0,52800.0,put,0,4610.0,0.21696429520867305,6.869358184409008e-06,0.0
202610F2,2026-10-09,0.024657534246575342,48180.0,52900.0,call,20,1.3,0.21284385558609764,5.203307611301207e-06,0.050139072142498436
202610F2,2026-10-09,0.024657534246575342,48180.0,52900.0,put,0,4710.0,0.21696429520867305,5.913310157529407e-06,0.0
202610W1,2026-10-07,0.019178082191780823,48094.0,42800.0,call,0,5300.0,0.35090696315861164,9.040822724224471e-06,0.0
202610W1,2026-10-07,0.019178082191780823,48094.0,42800.0,put,41,5.2,0.3449342436858858,8.317343010544515e-06,0.16400586084714247
202610W1,2026-10-07,0.019178082191780823,48094.0,42900.0,call,0,5200.0,0.3446825151062009,9.338427046248545e-06,0.0
202610W1,2026-10-07,0.019178082191780823,48094.0,42900.0,put,13,5.6,0.34181314772844457,8.97263014047877e-06,0.05609885761690418
202610W1,2026-10-07,0.019178082191780823,48094.0,43000.0,call,0,5100.0,0.33846178510707114,9.651184221241958e-06,0.0
202610W1,2026-10-07,0.019178082191780823,48094.0,43000.0,put,151,5.7,0.33635421092057854,9.369588775426648e-06,0.6804377138737077
202610W1,2026-10-07,0.019178082191780823,48094.0,43100.0,call,0,5000.0,0.3322444771133931,9.98017027646871e-06,0.0
202610W1,2026-10-07,0.019178082191780823,48094.0,43100.0,put,3,6.2,0.3335886968825877,1.0169498952140604e-05,0.014672756478127505
202610W1,2026-10-07,0.019178082191780823,48094.0,43200.0,call,0,4900.0,0.32603028457009925,1.0326560511896075e-05,0.0
202610W1,2026-10-07,0.019178082191780823,48094.0,43200.0,put,8,6.3,0.32800504585197027,1.0618400829068908e-05,0.0408545095578592
202610W1,2026-10-07,0.019178082191780823,48094.0,43300.0,call,0,4800.0,0.3198188896702056,1.0691640870650098e-05,0.0
202610W1,2026-10-07,0.019178082191780823,48094.0,43300.0,put,8,6.9,0.3254676849803895,1.157276289878142e-05,0.04452643670831949
202610W1,2026-10-07,0.019178082191780823,48094.0,43400.0,call,0,4700.0,0.3136099625452754,1.107682087716719e-05,0.0
202610W1,2026-10-07,0.019178082191780823,48094.0,43400.0,put,2,7.3,0.321482070254214,1.2370277558261483e-05,0.011898722577740556
202610W1,2026-10-07,0.019178082191780823,48094.0,43500.0,call,0,4600.0,0.30740316037663534,1.1483648396265553e-05,0.0
202610W1,2026-10-07,0.019178082191780823,48094.0,43500.0,put,13,7.7,0.31734168459432227,1.3204364914989105e-05,0.08255659440879318
202610W1,2026-10-07,0.019178082191780823,48094.0,43600.0,call,0,4500.0,0.30119812643059524,1.1913826516987093e-05,0.0
202610W1,2026-10-07,0.019178082191780823,48094.0,43600.0,put,2,8.2,0.31356701924859315,1.4172754606992579e-05,0.013632489201374021
202610W1,2026-10-07,0.019178082191780823,48094.0,43700.0,call,0,4410.0,0.33783261935179776,2.0754885135388932e-05,0.0
202610W1,2026-10-07,0.019178082191780823,48094.0,43700.0,put,6,8.7,0.30960609907629566,1.5184899164926337e-05,0.04381815242627803
202610W1,2026-10-07,0.019178082191780823,48094.0,43800.0,call,0,4310.0,0.3309323607957287,2.152551353766906e-05,0.0
202610W1,2026-10-07,0.019178082191780823,48094.0,43800.0,put,461,8.9,0.3040957817025608,1.5960530911306633e-05,3.5386626165190376
202610W1,2026-10-07,0.019178082191780823,48094.0,43900.0,call,6,4210.0,0.32403047582106925,2.2341504138604274e-05,0.06446953800252203
202610W1,2026-10-07,0.019178082191780823,48094.0,43900.0,put,185,9.8,0.3016122916043321,1.7451848608955346e-05,1.5527590329483323
202610W1,2026-10-07,0.019178082191780823,48094.0,44000.0,call,5,4110.0,0.3171264204763105,2.3206631918126066e-05,0.05580498777351775
202610W1,2026-10-07,0.019178082191780823,48094.0,44000.0,put,227,10.5,0.29796159353142454,1.880931068862484e-05,2.0534760233473013
202610W1,2026-10-07,0.019178082191780823,48094.0,44100.0,call,0,4010.0,0.31021962367744627,2.4125084057327322e-05,0.0
202610W1,2026-10-07,0.019178082191780823,48094.0,44100.0,put,3,11.0,0.29332605247844284,2.0044695370850575e-05,0.028920887374970627
202610W1,2026-10-07,0.019178082191780823,48094.0,44200.0,call,0,3910.0,0.30330948489567966,2.5101516280257558e-05,0.0
202610W1,2026-10-07,0.019178082191780823,48094.0,44200.0,put,13,11.5,0.2885639552778651,2.1349716165092963e-05,0.13348312240171753
202610W1,2026-10-07,0.019178082191780823,48094.0,44300.0,call,0,3810.0,0.2963953715894057,2.6141118533946448e-05,0.0
202610W1,2026-10-07,0.019178082191780823,48094.0,44300.0,put,333,12.0,0.2836818058339745,2.273096311876796e-05,3.6404323909793077
202610W1,2026-10-07,0.019178082191780823,48094.0,44400.0,call,0,3710.0,0.28947661634213584,2.7249691840432524e-05,0.0
202610W1,2026-10-07,0.019178082191780823,48094.0,44400.0,put,9,12.0,0.2769916761757308,2.3711871843573797e-05,0.10263588880003545
202610W1,2026-10-07,0.019178082191780823,48094.0,44500.0,call,0,3610.0,0.2825525136641398,2.8433738574861802e-05,0.0
202610W1,2026-10-07,0.019178082191780823,48094.0,44500.0,put,153,13.5,0.2751599545390322,2.6227952075023066e-05,1.929952904457124
202610W1,2026-10-07,0.019178082191780823,48094.0,44600.0,call,0,3510.0,0.2756223164068772,2.970056895367194e-05,0.0
202610W1,2026-10-07,0.019178082191780823,48094.0,44600.0,put,17,15.0,0.2728127755645316,2.8817909035131774e-05,0.23561464791305667
202610W1,2026-10-07,0.019178082191780823,48094.0,44700.0,call,0,3410.0,0.2686852317350221,3.105842719222327e-05,0.0
202610W1,2026-10-07,0.019178082191780823,48094.0,44700.0,put,353,15.0,0.26592932137902386,3.0140983688930126e-05,5.117089657459981
202610W1,2026-10-07,0.019178082191780823,48094.0,44800.0,call,0,3310.0,0.2617404165740294,3.251664164806529e-05,0.0
202610W1,2026-10-07,0.019178082191780823,48094.0,44800.0,put,18,16.5,0.26305216825768046,3.297695940791034e-05,0.28547889943752713
202610W1,2026-10-07,0.019178082191780823,48094.0,44900.0,call,0,3210.0,0.25478697246929144,3.408580438530201e-05,0.0
202610W1,2026-10-07,0.019178082191780823,48094.0,44900.0,put,21,17.0,0.2573342965789662,3.503305269755318e-05,0.3538247236515858
202610W1,2026-10-07,0.019178082191780823,48094.0,45000.0,call,0,3120.0,0.2695962675345077,4.3992557600369294e-05,0.0
202610W1,2026-10-07,0.019178082191780823,48094.0,45000.0,put,128,18.0,0.2527260120745959,3.770706385317152e-05,2.3212589170616718
202610W1,2026-10-07,0.019178082191780823,48094.0,45100.0,call,0,3020.0,0.26217579648960704,4.615938899650174e-05,0.0
202610W1,2026-10-07,0.019178082191780823,48094.0,45100.0,put,22,19.5,0.24904035516859124,4.101172981672549e-05,0.4339319894372311
202610W1,2026-10-07,0.019178082191780823,48094.0,45200.0,call,0,2920.0,0.2547406141861054,4.85016270084643e-05,0.0
202610W1,2026-10-07,0.019178082191780823,48094.0,45200.0,put,64,21.0,0.24504837145571143,4.450374900030924e-05,1.3698325148293586
202610W1,2026-10-07,0.019178082191780823,48094.0,45300.0,call,0,2820.0,0.2472893512946488,5.103975779812854e-05,0.0
202610W1,2026-10-07,0.019178082191780823,48094.0,45300.0,put,108,23.0,0.2417411793292403,4.863768041194913e-05,2.5263150498708637
202610W1,2026-10-07,0.019178082191780823,48094.0,45400.0,call,0,2720.0,0.23982052856075928,5.379745970886173e-05,0.0
202610W1,2026-10-07,0.019178082191780823,48094.0,45400.0,put,58,24.0,0.23624570227790587,5.216004922019328e-05,1.4549795361736657
202610W1,2026-10-07,0.019178082191780823,48094.0,45500.0,call,1,2620.0,0.2323325430543423,5.680223564246063e-05,0.027318467209885015
202610W1,2026-10-07,0.019178082191780823,48094.0,45500.0,put,52,26.5,0.23318202952887646,5.720971619830397e-05,1.4307509272374401
202610W1,2026-10-07,0.019178082191780823,48094.0,45600.0,call,2,2530.0,0.2400156626526856,6.733395770467984e-05,0.06476718723697744
202610W1,2026-10-07,0.019178082191780823,48094.0,45600.0,put,16,28.0,0.22809174822079598,6.174148158071208e-05,0.4751031704228427
202610W1,2026-10-07,0.019178082191780823,48094.0,45700.0,call,0,2430.0,0.2321302976516071,7.124072170028409e-05,0.0
202610W1,2026-10-07,0.019178082191780823,48094.0,45700.0,put,15,31.5,0.2257756908940649,6.815769609464008e-05,0.4916964353963429
202610W1,2026-10-07,0.019178082191780823,48094.0,45800.0,call,0,2330.0,0.22421663822089313,7.552911870115474e-05,0.0
202610W1,2026-10-07,0.019178082191780823,48094.0,45800.0,put,12,33.5,0.22082502774412252,7.380460983113931e-05,0.42594706862625775
202610W1,2026-10-07,0.019178082191780823,48094.0,45900.0,call,0,2240.0,0.22843836433275092,8.618065638844325e-05,0.0
202610W1,2026-10-07,0.019178082191780823,48094.0,45900.0,put,135,36.0,0.2162721542692717,8.025377597055302e-05,5.210628887062499
202610W1,2026-10-07,0.019178082191780823,48094.0,46000.0,call,0,2140.0,0.2201604362346599,9.16311039749094e-05,0.0
202610W1,2026-10-07,0.019178082191780823,48094.0,46000.0,put,207,41.0,0.21441199916120213,8.879348849579753e-05,8.839798453933954
202610W1,2026-10-07,0.019178082191780823,48094.0,46100.0,call,0,2040.0,0.21184227708913533,9.767143859036136e-05,0.0
202610W1,2026-10-07,0.019178082191780823,48094.0,46100.0,put,23,47.0,0.2129260253876711,9.820745568876412e-05,1.086333555995947
202610W1,2026-10-07,0.019178082191780823,48094.0,46200.0,call,0,1950.0,0.21359020787279623,0.00010925027399837644,0.0
202610W1,2026-10-07,0.019178082191780823,48094.0,46200.0,put,41,51.0,0.208653680786602,0.0001070035673874691,2.109954123672505
202610W1,2026-10-07,0.019178082191780823,48094.0,46250.0,call,0,1900.0,0.20925802215187903,0.00011297186720550097,0.0
202610W1,2026-10-07,0.019178082191780823,48094.0,46250.0,put,2,55.0,0.20830044001112633,0.00011254351346858636,0.10825335473516384
202610W1,2026-10-07,0.019178082191780823,48094.0,46300.0,call,0,1850.0,0.20491231697987528,0.00011690871629951173,0.0
202610W1,2026-10-07,0.019178082191780823,48094.0,46300.0,put,15,60.0,0.2086167421229178,0.00011851717741405254,0.8549947695827165
202610W1,2026-10-07,0.019178082191780823,48094.0,46350.0,call,0,1810.0,0.20949031258896578,0.0001247961903642586,0.0
202610W1,2026-10-07,0.019178082191780823,48094.0,46350.0,put,2,61.0,0.2051037685994766,0.00012307695835820411,0.11838526470558938
202610W1,2026-10-07,0.019178082191780823,48094.0,46400.0,call,0,1760.0,0.20499517120925198,0.00012924047712241347,0.0
202610W1,2026-10-07,0.019178082191780823,48094.0,46400.0,put,63,62.0,0.20154494864849407,0.00012788179692400353,3.8747186989957063
202610W1,2026-10-07,0.019178082191780823,48094.0,46450.0,call,0,1710.0,0.20048352511411635,0.0001339561798989278,0.0
202610W1,2026-10-07,0.019178082191780823,48094.0,46450.0,put,4,67.0,0.20132019614647956,0.00013427042985153173,0.25830408213118267
202610W1,2026-10-07,0.019178082191780823,48094.0,46500.0,call,0,1670.0,0.20398416995255425,0.0001416847259240311,0.0
202610W1,2026-10-07,0.019178082191780823,48094.0,46500.0,put,51,71.0,0.20002904207508118,0.0001404372599870208,3.4446366867260467
202610W1,2026-10-07,0.019178082191780823,48094.0,46550.0,call,0,1620.0,0.19932594057499778,0.00014699070744119674,0.0
202610W1,2026-10-07,0.019178082191780823,48094.0,46550.0,put,28,76.0,0.19932594057499228,0.0001469907074411951,1.9794239034295145
202610W1,2026-10-07,0.019178082191780823,48094.0,46600.0,call,30,1580.0,0.2020462632492155,0.00015447671689175854,2.2288209666576706
202610W1,2026-10-07,0.019178082191780823,48094.0,46600.0,put,36,80.0,0.19765108227509742,0.00015346021528089257,2.656985613738929
202610W1,2026-10-07,0.019178082191780823,48094.0,46650.0,call,0,1530.0,0.19724367827588857,0.00016043330423883378,0.0
202610W1,2026-10-07,0.019178082191780823,48094.0,46650.0,put,1,85.0,0.19652967949041106,0.00016028800607286752,0.0770889136406849
202610W1,2026-10-07,0.019178082191780823,48094.0,46700.0,call,180,1500.0,0.2059130808327726,0.00016837276242740983,14.575895345130926
202610W1,2026-10-07,0.019178082191780823,48094.0,46700.0,put,359,91.0,0.19589213983336184,0.0001673792242181957,28.899271710284157
202610W1,2026-10-07,0.019178082191780823,48094.0,46750.0,call,0,1450.0,0.20087599355816976,0.00017493356667338554,0.0
202610W1,2026-10-07,0.019178082191780823,48094.0,46750.0,put,5,96.0,0.19434831106685793,0.00017451239554831067,0.41964995757502266
202610W1,2026-10-07,0.019178082191780823,48094.0,46800.0,call,450,1400.0,0.1958112608944029,0.00018194597681847393,39.37729414098459
202610W1,2026-10-07,0.019178082191780823,48094.0,46800.0,put,101,100.0,0.1919762717957187,0.0001818318154133351,8.832469523793828
202610W1,2026-10-07,0.019178082191780823,48094.0,46850.0,call,0,1360.0,0.19686092644496814,0.00018917908756789194,0.0
202610W1,2026-10-07,0.019178082191780823,48094.0,46850.0,put,12,110.0,0.19319713790563278,0.00018938733335978637,1.0930073292726679
202610W1,2026-10-07,0.019178082191780823,48094.0,46900.0,call,1,1310.0,0.19164940606508357,0.00019705236751607,0.0947703656331787
202610W1,2026-10-07,0.019178082191780823,48094.0,46900.0,put,32,116.0,0.1916494060650788,0.00019705236751607047,3.032651700261726
202610W1,2026-10-07,0.019178082191780823,48094.0,46950.0,call,0,1270.0,0.19221181652347183,0.0002045265490225986,0.0
202610W1,2026-10-07,0.019178082191780823,48094.0,46950.0,put,12,124.0,0.19106212484616905,0.00020474418614656705,1.1816360266239596
202610W1,2026-10-07,0.019178082191780823,48094.0,47000.0,call,6,1230.0,0.19243681540231952,0.00021193904674687126,0.6115797908546416
202610W1,2026-10-07,0.019178082191780823,48094.0,47000.0,put,104,129.0,0.18853780373357562,0.00021297933544676346,10.652749285335709
202610W1,2026-10-07,0.019178082191780823,48094.0,47050.0,call,0,1190.0,0.1923501532515028,0.00021934109894472263,0.0
202610W1,2026-10-07,0.019178082191780823,48094.0,47050.0,put,3,142.0,0.19020468741773083,0.0002201142514301519,0.3175852442484518
202610W1,2026-10-07,0.019178082191780823,48094.0,47100.0,call,5,1150.0,0.1919725390003173,0.00022677784203494942,0.5453326767414428
202610W1,2026-10-07,0.019178082191780823,48094.0,47100.0,put,34,160.0,0.19403700245089717,0.00022583468335708357,3.6928397088676963
202610W1,2026-10-07,0.019178082191780823,48094.0,47150.0,call,0,1110.0,0.19132070373541343,0.000234290256858738,0.0
202610W1,2026-10-07,0.019178082191780823,48094.0,47150.0,put,5,160.0,0.1882895857469558,0.00023590974543007267,0.5672921648356957
202610W1,2026-10-07,0.019178082191780823,48094.0,47200.0,call,0,1070.0,0.19040816332172075,0.00024191663678385468,0.0
202610W1,2026-10-07,0.019178082191780823,48094.0,47200.0,put,69,170.0,0.18746007557395827,0.000243757578825951,8.08906112727815
202610W1,2026-10-07,0.019178082191780823,48094.0,47250.0,call,0,1030.0,0.18924577249303284,0.00024969374409224235,0.0
202610W1,2026-10-07,0.019178082191780823,48094.0,47250.0,put,3,182.0,0.18733305759353103,0.0002510649909788765,0.3622415902841426
202610W1,2026-10-07,0.019178082191780823,48094.0,47300.0,call,0,990.0,0.18784212996945743,0.00025765776479191004,0.0
202610W1,2026-10-07,0.019178082191780823,48094.0,47300.0,put,45,190.0,0.1850388010872649,0.0002599318984183958,5.625524125140449
202610W1,2026-10-07,0.019178082191780823,48094.0,47350.0,call,0,955.0,0.18847587628807255,0.0002637928214064935,0.0
202610W1,2026-10-07,0.019178082191780823,48094.0,47350.0,put,9,200.0,0.18346399580668477,0.00026833607548189264,1.161481969280353
202610W1,2026-10-07,0.019178082191780823,48094.0,47400.0,call,2,915.0,0.18656083276767255,0.0002720651873629479,0.26169406242067234
202610W1,2026-10-07,0.019178082191780823,48094.0,47400.0,put,39,216.0,0.1843358919254067,0.00027429331634929696,5.144826475036203
202610W1,2026-10-07,0.019178082191780823,48094.0,47450.0,call,0,880.0,0.1865972830366251,0.00027825896106814816,0.0
202610W1,2026-10-07,0.019178082191780823,48094.0,47450.0,put,10,233.0,0.1852935300616087,0.00027967918601642006,1.3450890772273705
202610W1,2026-10-07,0.019178082191780823,48094.0,47500.0,call,7,835.0,0.1820637013484206,0.0002895359107698574,0.9747458064795865
202610W1,2026-10-07,0.019178082191780823,48094.0,47500.0,put,57,250.0,0.1859028991495751,0.00028496710587281823,7.811968554212973
202610W1,2026-10-07,0.019178082191780823,48094.0,47550.0,call,2,810.0,0.18576566788280843,0.0002907274188935033,0.27964488968528295
202610W1,2026-10-07,0.019178082191780823,48094.0,47550.0,put,12,263.0,0.18451261064943797,0.0002923123900868929,1.6870166506606834
202610W1,2026-10-07,0.019178082191780823,48094.0,47600.0,call,4,775.0,0.1849181976621663,0.00029707219797713556,0.5714956115804943
202610W1,2026-10-07,0.019178082191780823,48094.0,47600.0,put,30,265.0,0.17833263480750544,0.00030616689641343694,4.417437214832351
202610W1,2026-10-07,0.019178082191780823,48094.0,47650.0,call,8,745.0,0.18581125454427447,0.0003006657117317035,1.156817339201964
202610W1,2026-10-07,0.019178082191780823,48094.0,47650.0,put,20,296.0,0.18379225329953391,0.0003035332601818438,2.91962572303712
202610W1,2026-10-07,0.019178082191780823,48094.0,47700.0,call,10,700.0,0.1803981325659205,0.00031319958951323733,1.5063021058049637
202610W1,2026-10-07,0.019178082191780823,48094.0,47700.0,put,42,310.0,0.18199332735026222,0.0003107478013191988,6.27694399779113
202610W1,2026-10-07,0.019178082191780823,48094.0,47750.0,call,8,680.0,0.18465156577670483,0.0003107116917118107,1.1954694480950259
202610W1,2026-10-07,0.019178082191780823,48094.0,47750.0,put,8,332.0,0.18307936116545065,0.0003131674715662012,1.2049181102003903
202610W1,2026-10-07,0.019178082191780823,48094.0,47800.0,call,11,650.0,0.1846072514742736,0.00031427440180562465,1.6626184388483685
202610W1,2026-10-07,0.019178082191780823,48094.0,47800.0,put,33,342.0,0.17916270365209702,0.0003232521771041846,5.130341767864056
202610W1,2026-10-07,0.019178082191780823,48094.0,47850.0,call,13,620.0,0.1842577411291282,0.0003178506780303287,1.9872723661947818
202610W1,2026-10-07,0.019178082191780823,48094.0,47850.0,put,19,390.0,0.18964351569815574,0.000309166112835245,2.8251166558326717
202610W1,2026-10-07,0.019178082191780823,48094.0,47900.0,call,17,580.0,0.17978723818639616,0.0003281131088860487,2.6826462159901565
202610W1,2026-10-07,0.019178082191780823,48094.0,47900.0,put,24,390.0,0.18131565786266907,0.0003254187955163127,3.7561659723747702
202610W1,2026-10-07,0.019178082191780823,48094.0,47950.0,call,9,560.0,0.18265913427113173,0.00032511560639883485,1.4072498976731005
202610W1,2026-10-07,0.019178082191780823,48094.0,47950.0,put,11,413.0,0.18152026467797283,0.00032712679396169913,1.7306119631673356
202610W1,2026-10-07,0.019178082191780823,48094.0,48000.0,call,37,535.0,0.18330120156157736,0.00032546298057045675,5.791542137395553
202610W1,2026-10-07,0.019178082191780823,48094.0,48000.0,put,26,455.0,0.18859099839504442,0.0003163845337790413,3.956211419567995
202610W1,2026-10-07,0.019178082191780823,48094.0,48050.0,call,10,497.0,0.17873230852117425,0.0003347222368707808,1.609813126006333
202610W1,2026-10-07,0.019178082191780823,48094.0,48050.0,put,6,457.0,0.18023955120989424,0.0003319264909955951,0.9578203594765291
202610W1,2026-10-07,0.019178082191780823,48094.0,48100.0,call,26,474.0,0.1795119862406315,0.00033366541826379493,4.172299202754528
202610W1,2026-10-07,0.019178082191780823,48094.0,48100.0,put,15,480.0,0.17951198624063136,0.0003336654182637952,2.407095693896845
202610W1,2026-10-07,0.019178082191780823,48094.0,48150.0,call,8,449.0,0.17922402170598928,0.00033401214258055865,1.285118398821551
202610W1,2026-10-07,0.019178082191780823,48094.0,48150.0,put,10,500.0,0.1773411129495603,0.0003375511194536462,1.623418353900366
202610W1,2026-10-07,0.019178082191780823,48094.0,48200.0,call,31,440.0,0.1846594176156567,0.00032350293650978127,4.823150570835441
202610W1,2026-10-07,0.019178082191780823,48094.0,48200.0,put,31,525.0,0.17673343148668433,0.00033789857854468275,5.037777213323671
202610W1,2026-10-07,0.019178082191780823,48094.0,48250.0,call,7,402.0,0.1788353636649317,0.0003325984930937709,1.1197194348796273
202610W1,2026-10-07,0.019178082191780823,48094.0,48250.0,put,10,555.0,0.17769830165980294,0.0003346903240714129,1.6096596445890532
202610W1,2026-10-07,0.019178082191780823,48094.0,48300.0,call,25,369.0,0.1745422399914556,0.00033855001558507367,4.070556112387134
202610W1,2026-10-07,0.019178082191780823,48094.0,48300.0,put,19,580.0,0.17644939770017642,0.0003350028362510071,3.0612090172646282
202610W1,2026-10-07,0.019178082191780823,48094.0,48350.0,call,10,347.0,0.17409452680056872,0.00033668525745122167,1.6192540771859056
202610W1,2026-10-07,0.019178082191780823,48094.0,48350.0,put,7,610.0,0.17678570250893677,0.00033180215795129085,1.1170385089156567
202610W1,2026-10-07,0.019178082191780823,48094.0,48400.0,call,25,329.0,0.17486878628809355,0.0003320129697562173,3.9919579418638786
202610W1,2026-10-07,0.019178082191780823,48094.0,48400.0,put,9,660.0,0.1845583734857843,0.0003156842316016703,1.3664265691185657
202610W1,2026-10-07,0.019178082191780823,48094.0,48450.0,call,11,319.0,0.17847673957443708,0.0003221589739038479,1.7043305060024827
202610W1,2026-10-07,0.019178082191780823,48094.0,48450.0,put,6,670.0,0.17651543244708412,0.000325415238674904,0.93903122932985
202610W1,2026-10-07,0.019178082191780823,48094.0,48500.0,call,315,298.0,0.17748562453112124,0.00031962862942487655,48.42249080621404
202610W1,2026-10-07,0.019178082191780823,48094.0,48500.0,put,18,700.0,0.17589527163047808,0.0003221765198863197,2.7890563585342787
202610W1,2026-10-07,0.019178082191780823,48094.0,48550.0,call,12,283.0,0.17856873294800243,0.00031333252163018137,1.8083297154338331
202610W1,2026-10-07,0.019178082191780823,48094.0,48550.0,put,6,735.0,0.17695604634059323,0.00031576725216120967,0.9111906135264729
202610W1,2026-10-07,0.019178082191780823,48094.0,48600.0,call,28,274.0,0.18182231617481515,0.0003037322842280068,4.090156133745293
202610W1,2026-10-07,0.019178082191780823,48094.0,48600.0,put,5,765.0,0.17568079666561506,0.00031242605079988956,0.7512909243584944
202610W1,2026-10-07,0.019178082191780823,48094.0,48650.0,call,1,249.0,0.17821901060390152,0.0003032678735799432,0.14585365111953788
202610W1,2026-10-07,0.019178082191780823,48094.0,48650.0,put,5,800.0,0.17613086643984788,0.0003060711071239938,0.7360091913010679
202610W1,2026-10-07,0.019178082191780823,48094.0,48700.0,call,51,232.0,0.1775581486836394,0.0002981617337752396,7.313293116335051
202610W1,2026-10-07,0.019178082191780823,48094.0,48700.0,put,1,840.0,0.17840925146572048,0.0002971055759521912,0.14288995569844684
202610W1,2026-10-07,0.019178082191780823,48094.0,48750.0,call,5,212.0,0.1752427393227368,0.0002944524162356832,0.7080697253219472
202610W1,2026-10-07,0.019178082191780823,48094.0,48750.0,put,0,870.0,0.17611581624542733,0.0002934443561622744,0.0
202610W1,2026-10-07,0.019178082191780823,48094.0,48800.0,call,26,205.0,0.1783008128670638,0.00028428749674802665,3.554855945835895
202610W1,2026-10-07,0.019178082191780823,48094.0,48800.0,put,0,905.0,0.17562531601664455,0.000287079958145716,0.0
202610W1,2026-10-07,0.019178082191780823,48094.0,48850.0,call,1,190.0,0.17753803379831593,0.0002780304929738842,0.13371598529085985
202610W1,2026-10-07,0.019178082191780823,48094.0,48850.0,put,2,945.0,0.17708109863830193,0.0002784583426423979,0.26784351062086964
202610W1,2026-10-07,0.019178082191780823,48094.0,48900.0,call,24,190.0,0.1834111269260311,0.00026582240692028716,3.0682710812218295
202610W1,2026-10-07,0.019178082191780823,48094.0,48900.0,put,0,980.0,0.17594572862201205,0.0002720095895674862,0.0
202610W1,2026-10-07,0.019178082191780823,48094.0,48950.0,call,5,165.0,0.17733063528382467,0.00026324786970187343,0.6330321522720951
202610W1,2026-10-07,0.019178082191780823,48094.0,48950.0,put,0,1020.0,0.17684738680598414,0.00026359482039885293,0.0
202610W1,2026-10-07,0.019178082191780823,48094.0,49000.0,call,187,155.0,0.17798208245777533,0.00025501426991944543,22.934907276335867
202610W1,2026-10-07,0.019178082191780823,48094.0,49000.0,put,4,1060.0,0.1774850087536947,0.00025531772231539296,0.4911700214814604
202610W1,2026-10-07,0.019178082191780823,48094.0,49050.0,call,6,138.0,0.17475189154283646,0.00024865451659647665,0.7175274192714568
202610W1,2026-10-07,0.019178082191780823,48094.0,49050.0,put,0,1100.0,0.17784677728298773,0.00024713079392049095,0.0
202610W1,2026-10-07,0.019178082191780823,48094.0,49100.0,call,60,136.0,0.17897581921240985,0.0002385610666098748,6.884013562521191
202610W1,2026-10-07,0.019178082191780823,48094.0,49100.0,put,0,1140.0,0.1779176636199091,0.00023898354665011893,0.0
202610W1,2026-10-07,0.019178082191780823,48094.0,49150.0,call,14,131.0,0.18149496188207,0.00022965941412397687,1.546333580802996
202610W1,2026-10-07,0.019178082191780823,48094.0,49150.0,put,0,1180.0,0.17767868825017155,0.00023082063911062395,0.0
202610W1,2026-10-07,0.019178082191780823,48094.0,49200.0,call,35,116.0,0.17824647042259564,0.00022237046631734284,3.7431398224732
202610W1,2026-10-07,0.019178082191780823,48094.0,49200.0,put,0,1220.0,0.1771058775663296,0.00022257941752539003,0.0
202610W1,2026-10-07,0.019178082191780823,48094.0,49250.0,call,12,105.0,0.17676524749691067,0.0002141463425147103,1.2358985036282972
202610W1,2026-10-07,0.019178082191780823,48094.0,49250.0,put,0,1260.0,0.17616876545929952,0.00021418652377320154,0.0
202610W1,2026-10-07,0.019178082191780823,48094.0,49300.0,call,49,100.0,0.17855110515040076,0.00020565927905087406,4.846578909669641
202610W1,2026-10-07,0.019178082191780823,48094.0,49300.0,put,0,1300.0,0.17482818799574165,0.00020555301202997739,0.0
202610W1,2026-10-07,0.019178082191780823,48094.0,49350.0,call,1,95.0,0.18015802939265313,0.0001974562600173965,0.09496461369276667
202610W1,2026-10-07,0.019178082191780823,48094.0,49350.0,put,0,1350.0,0.17952312533083853,0.00019740652059047667,0.0
202610W1,2026-10-07,0.019178082191780823,48094.0,49400.0,call,37,89.0,0.18092328072245475,0.00018940488835946794,3.370418319281293
202610W1,2026-10-07,0.019178082191780823,48094.0,49400.0,put,0,1390.0,0.177598701512793,0.00018882668084143695,0.0
202610W1,2026-10-07,0.019178082191780823,48094.0,49450.0,call,8,83.0,0.18144556412063576,0.00018146405305297913,0.6981865734023983
202610W1,2026-10-07,0.019178082191780823,48094.0,49450.0,put,0,1430.0,0.1751469838686896,0.0001797502831776663,0.0
202610W1,2026-10-07,0.019178082191780823,48094.0,49500.0,call,57,76.0,0.18099091138425294,0.00017337403029758604,4.752802849485299
202610W1,2026-10-07,0.019178082191780823,48094.0,49500.0,put,4,1480.0,0.17954644042835677,0.00017291318271471412,0.3326434643792584
202610W1,2026-10-07,0.019178082191780823,48094.0,49550.0,call,8,70.0,0.18093653983512736,0.00016545719954304497,0.6365998843858565
202610W1,2026-10-07,0.019178082191780823,48094.0,49550.0,put,0,1520.0,0.17633444822593794,0.00016353420628324004,0.0
202610W1,2026-10-07,0.019178082191780823,48094.0,49600.0,call,33,62.0,0.17897214081575116,0.00015675802105270944,2.487909687287973
202610W1,2026-10-07,0.019178082191780823,48094.0,49600.0,put,0,1570.0,0.18056821924397914,0.00015750273456670744,0.0
202610W1,2026-10-07,0.019178082191780823,48094.0,49700.0,call,21,54.0,0.1805078251240046,0.00014225886189035586,1.4367775177885027
202610W1,2026-10-07,0.019178082191780823,48094.0,49700.0,put,0,1660.0,0.180507825123999,0.00014225886189035263,0.0
202610W1,2026-10-07,0.019178082191780823,48094.0,49800.0,call,33,45.0,0.18010707186125716,0.00012744077309898054,2.0226150586693823
202610W1,2026-10-07,0.019178082191780823,48094.0,49800.0,put,0,1750.0,0.1791196344271136,0.00012676735047116624,0.0
202610W1,2026-10-07,0.019178082191780823,48094.0,49900.0,call,25,40.0,0.18266162270961891,0.00011549993484338386,1.3887134665894256
202610W1,2026-10-07,0.019178082191780823,48094.0,49900.0,put,0,1840.0,0.17598899226345316,0.00011043671442344317,0.0
202610W1,2026-10-07,0.019178082191780823,48094.0,50000.0,call,213,33.5,0.18273756257237686,0.00010275719760374151,10.526469929110752
202610W1,2026-10-07,0.019178082191780823,48094.0,50000.0,put,1,1930.0,0.1703254486993115,9.225648036334444e-05,0.04436983166594688
202610W1,2026-10-07,0.019178082191780823,48094.0,50100.0,call,37,27.5,0.18221903558602154,9.041477460736937e-05,1.6089110228877244
202610W1,2026-10-07,0.019178082191780823,48094.0,50100.0,put,0,2030.0,0.17725192975153228,8.627464840103795e-05,0.0
202610W1,2026-10-07,0.019178082191780823,48094.0,50200.0,call,67,25.0,0.1856118774366173,8.211455902086942e-05,2.645975793038295
202610W1,2026-10-07,0.019178082191780823,48094.0,50200.0,put,0,2130.0,0.184116048680015,8.09256632553018e-05,0.0
202610W1,2026-10-07,0.019178082191780823,48094.0,50300.0,call,21,21.0,0.18609151682975034,7.240557586826538e-05,0.7312774908197546
202610W1,2026-10-07,0.019178082191780823,48094.0,50300.0,put,0,2220.0,0.1729875345916489,6.138811015723723e-05,0.0
202610W1,2026-10-07,0.019178082191780823,48094.0,50400.0,call,25,18.5,0.18827809073219676,6.488647492203406e-05,0.7801625312250765
202610W1,2026-10-07,0.019178082191780823,48094.0,50400.0,put,0,2320.0,0.17928486037005475,5.7725121364276e-05,0.0
202610W1,2026-10-07,0.019178082191780823,48094.0,50500.0,call,27,16.5,0.1908417920958178,5.8406960926958755e-05,0.7584365822817116
202610W1,2026-10-07,0.019178082191780823,48094.0,50500.0,put,0,2420.0,0.18553506856972246,5.441625364581428e-05,0.0
202610W1,2026-10-07,0.019178082191780823,48094.0,50600.0,call,13,15.5,0.195064364227857,5.37622513168891e-05,0.33613342292848036
202610W1,2026-10-07,0.019178082191780823,48094.0,50600.0,put,0,2510.0,0.15952882761329626,2.7396580613188875e-05,0.0
202610W1,2026-10-07,0.019178082191780823,48094.0,50700.0,call,7,12.5,0.1942691236652803,4.624227108584308e-05,0.1556783049921776
202610W1,2026-10-07,0.019178082191780823,48094.0,50700.0,put,0,2610.0,0.16489635427975446,2.5829805686638532e-05,0.0
202610W1,2026-10-07,0.019178082191780823,48094.0,50800.0,call,55,11.5,0.19767376225605796,4.2176022722288505e-05,1.1156275002431588
202610W1,2026-10-07,0.019178082191780823,48094.0,50800.0,put,0,2710.0,0.1702319829618667,2.4405888265313975e-05,0.0
202610W1,2026-10-07,0.019178082191780823,48094.0,50900.0,call,8,9.4,0.19743601593728524,3.632984240125852e-05,0.1397797952356902
202610W1,2026-10-07,0.019178082191780823,48094.0,50900.0,put,0,2810.0,0.17553679542495876,2.310733633460275e-05,0.0
202610W1,2026-10-07,0.019178082191780823,48094.0,51000.0,call,10,8.5,0.200221564473535,3.28438617839349e-05,0.1579592688636565
202610W1,2026-10-07,0.019178082191780823,48094.0,51000.0,put,0,2910.0,0.18081179063213815,2.1919310881219596e-05,0.0
202610W1,2026-10-07,0.019178082191780823,48094.0,51100.0,call,4,8.1,0.20447180780811047,3.051152428950355e-05,0.05869684996717535
202610W1,2026-10-07,0.019178082191780823,48094.0,51100.0,put,0,3010.0,0.18605789394784014,2.0829150835549095e-05,0.0
202610W1,2026-10-07,0.019178082191780823,48094.0,51200.0,call,3,6.7,0.20459187715115087,2.6341661269519374e-05,0.03800627571288795
202610W1,2026-10-07,0.019178082191780823,48094.0,51200.0,put,0,3110.0,0.19127596503853597,1.982599529913316e-05,0.0
202610W1,2026-10-07,0.019178082191780823,48094.0,51300.0,call,18,6.2,0.20787021369139355,2.4116896377033804e-05,0.20877804258427152
202610W1,2026-10-07,0.019178082191780823,48094.0,51300.0,put,0,3210.0,0.19646680469257236,1.8900480781895292e-05,0.0
202610W1,2026-10-07,0.019178082191780823,48094.0,51400.0,call,4,5.6,0.21041851023781816,2.1801010436959958e-05,0.04193991183820609
202610W1,2026-10-07,0.019178082191780823,48094.0,51400.0,put,0,3310.0,0.20163116073750087,1.804449678145549e-05,0.0
202610W1,2026-10-07,0.019178082191780823,48094.0,51500.0,call,15,5.3,0.21419932811530845,2.0230321173611006e-05,0.1459435599785472
202610W1,2026-10-07,0.019178082191780823,48094.0,51500.0,put,0,3410.0,0.20676973319671893,1.7250987111422206e-05,0.0
202610W1,2026-10-07,0.019178082191780823,48094.0,51600.0,call,0,4.7,0.2161424410604645,1.8110475610718833e-05,0.0
202610W1,2026-10-07,0.019178082191780823,48094.0,51600.0,put,0,3510.0,0.21188317880343246,1.6513787380165685e-05,0.0
202610W1,2026-10-07,0.019178082191780823,48094.0,51700.0,call,1,4.4,0.21951095967378878,1.6721413240727558e-05,0.008041996483995511
202610W1,2026-10-07,0.019178082191780823,48094.0,51700.0,put,0,3610.0,0.21697211497033558,1.5827491241614284e-05,0.0
202610W1,2026-10-07,0.019178082191780823,48094.0,51800.0,call,5,4.2,0.22335134336980886,1.5623123045771495e-05,0.03756892398816671
202610W1,2026-10-07,0.019178082191780823,48094.0,51800.0,put,0,3700.0,0.17951198624063136,4.010482859652856e-06,0.0
202610W1,2026-10-07,0.019178082191780823,48094.0,51900.0,call,12,3.7,0.22498102419563357,1.3937930679616487e-05,0.08043970057265704
202610W1,2026-10-07,0.019178082191780823,48094.0,51900.0,put,0,3800.0,0.17951198624063136,3.1746729978007338e-06,0.0
202610W1,2026-10-07,0.019178082191780823,48094.0,52000.0,call,9,3.6,0.2292245335023152,1.3186028994863866e-05,0.05707519906310845
202610W1,2026-10-07,0.019178082191780823,48094.0,52000.0,put,0,3900.0,0.17951198624063136,2.499138436206902e-06,0.0
202610W1,2026-10-07,0.019178082191780823,48094.0,52100.0,call,1,3.3,0.23182537431216396,1.204912469519453e-05,0.005794906030906857
202610W1,2026-10-07,0.019178082191780823,48094.0,52100.0,put,0,4000.0,0.17951198624063136,1.956522645233962e-06,0.0
202610W1,2026-10-07,0.019178082191780823,48094.0,52200.0,call,5,3.0,0.2341657371559077,1.0957531437479684e-05,0.026349575847707397
202610W1,2026-10-07,0.019178082191780823,48094.0,52200.0,put,0,4100.0,0.17951198624063136,1.5233400446543343e-06,0.0
202610W1,2026-10-07,0.019178082191780823,48094.0,52300.0,call,1,2.9,0.238085834609701,1.0346855961278375e-05,0.0049762169060172225
202610W1,2026-10-07,0.019178082191780823,48094.0,52300.0,put,0,4200.0,0.17951198624063136,1.1796150877197602e-06,0.0
202610W1,2026-10-07,0.019178082191780823,48094.0,52400.0,call,3,2.7,0.2409673313378177,9.554433717026803e-06,0.013785328055600612
202610W1,2026-10-07,0.019178082191780823,48094.0,52400.0,put,0,4300.0,0.17951198624063136,9.085089807277076e-07,0.0
202610W1,2026-10-07,0.019178082191780823,48094.0,52500.0,call,1,2.5,0.24366195816255706,8.795787638328916e-06,0.004230246106777909
202610W1,2026-10-07,0.019178082191780823,48094.0,52500.0,put,0,4400.0,0.17951198624063136,6.959490462356459e-07,0.0
202610W1,2026-10-07,0.019178082191780823,48094.0,52600.0,call,1,2.4,0.24726697347477664,8.284608273717119e-06,0.003984399503161511
202610W1,2026-10-07,0.019178082191780823,48094.0,52600.0,put,0,4500.0,0.17951198624063136,5.302720614992457e-07,0.0
202610W1,2026-10-07,0.019178082191780823,48094.0,52700.0,call,0,2.2,0.24961513904620172,7.584289272345418e-06,0.0
202610W1,2026-10-07,0.019178082191780823,48094.0,52700.0,put,0,4600.0,0.17951198624063136,4.01889632891192e-07,0.0
202610W1,2026-10-07,0.019178082191780823,48094.0,52800.0,call,1,2.1,0.25298764757973896,7.124779941106986e-06,0.0034265916648759938
202610W1,2026-10-07,0.019178082191780823,48094.0,52800.0,put,0,4700.0,0.17951198624063136,3.0298085892289456e-07,0.0
202610W1,2026-10-07,0.019178082191780823,48094.0,52900.0,call,1,2.1,0.25755399479370095,6.897360799583472e-06,0.0033172167029516747
202610W1,2026-10-07,0.019178082191780823,48094.0,52900.0,put,0,4800.0,0.17951198624063136,2.2721520715023717e-07,0.0
202610W1,2026-10-07,0.019178082191780823,48094.0,53000.0,call,8,1.9,0.25943278884773213,6.2684568585930164e-06,0.0241180131325738
202610W1,2026-10-07,0.019178082191780823,48094.0,53000.0,put,0,4900.0,0.17951198624063136,1.6950667181463694e-07,0.0
202610W2,2026-10-14,0.038356164383561646,48220.0,42800.0,call,0,5430.0,0.26990322904333325,1.1577939095044093e-05,0.0
202610W2,2026-10-14,0.038356164383561646,48220.0,42800.0,put,7,19.0,0.29559937296821887,1.613797114867412e-05,0.05447210781523462
202610W2,2026-10-14,0.038356164383561646,48220.0,42900.0,call,0,5340.0,0.29291237994437597,1.704944578510721e-05,0.0
202610W2,2026-10-14,0.038356164383561646,48220.0,42900.0,put,0,19.5,0.2917806976731141,1.6841636044944046e-05,0.0
202610W2,2026-10-14,0.038356164383561646,48220.0,43000.0,call,0,5240.0,0.28791502645947853,1.7576293360617414e-05,0.0
202610W2,2026-10-14,0.038356164383561646,48220.0,43000.0,put,0,20.0,0.2879150264594806,1.7576293360617803e-05,0.0
202610W2,2026-10-14,0.038356164383561646,48220.0,43100.0,call,0,5140.0,0.282919064068654,1.8128565651486747e-05,0.0
202610W2,2026-10-14,0.038356164383561646,48220.0,43100.0,put,0,21.0,0.28507154665260526,1.855567347492727e-05,0.0
202610W2,2026-10-14,0.038356164383561646,48220.0,43200.0,call,0,5040.0,0.27792421664032,1.8707987072482722e-05,0.0
202610W2,2026-10-14,0.038356164383561646,48220.0,43200.0,put,1,21.5,0.2810854068014567,1.9360788441890553e-05,0.009335772186679626
202610W2,2026-10-14,0.038356164383561646,48220.0,43300.0,call,0,4940.0,0.27293019768750165,1.9316434746310867e-05,0.0
202610W2,2026-10-14,0.038356164383561646,48220.0,43300.0,put,0,22.0,0.2770567597716566,2.0203729749064206e-05,0.0
202610W2,2026-10-14,0.038356164383561646,48220.0,43400.0,call,0,4840.0,0.2679367096373716,1.9955955349657806e-05,0.0
202610W2,2026-10-14,0.038356164383561646,48220.0,43400.0,put,0,23.0,0.27395373099863446,2.130195509745121e-05,0.0
202610W2,2026-10-14,0.038356164383561646,48220.0,43500.0,call,0,4740.0,0.2629434430361784,2.0628784201542126e-05,0.0
202610W2,2026-10-14,0.038356164383561646,48220.0,43500.0,put,0,23.5,0.2698161876353938,2.2231182854323094e-05,0.0
202610W2,2026-10-14,0.038356164383561646,48220.0,43600.0,call,0,4640.0,0.2579500756784018,2.1337366944946223e-05,0.0
202610W2,2026-10-14,0.038356164383561646,48220.0,43600.0,put,0,24.5,0.26654297248624165,2.342347595520627e-05,0.0
202610W2,2026-10-14,0.038356164383561646,48220.0,43700.0,call,0,4540.0,0.2529562716599913,2.2084384239465153e-05,0.0
202610W2,2026-10-14,0.038356164383561646,48220.0,43700.0,put,0,25.0,0.2623031572540309,2.445200651772329e-05,0.0
202610W2,2026-10-14,0.038356164383561646,48220.0,43800.0,call,0,4440.0,0.24796168033412547,2.287277995527764e-05,0.0
202610W2,2026-10-14,0.038356164383561646,48220.0,43800.0,put,0,26.0,0.258871668299258,2.5753155429215836e-05,0.0
202610W2,2026-10-14,0.038356164383561646,48220.0,43900.0,call,0,4340.0,0.24296593516969678,2.370579345788031e-05,0.0
202610W2,2026-10-14,0.038356164383561646,48220.0,43900.0,put,3,27.0,0.2553490914682778,2.7114955594060243e-05,0.03922449476236754
202610W2,2026-10-14,0.038356164383561646,48220.0,44000.0,call,0,4250.0,0.254796093771621,2.9384354036479795e-05,0.0
202610W2,2026-10-14,0.038356164383561646,48220.0,44000.0,put,0,29.5,0.25404354262276946,2.9178414570712477e-05,0.0
202610W2,2026-10-14,0.038356164383561646,48220.0,44100.0,call,0,4150.0,0.24953495484868352,3.0468114809772736e-05,0.0
202610W2,2026-10-14,0.038356164383561646,48220.0,44100.0,put,0,32.5,0.2531351017262262,3.148501410695286e-05,0.0
202610W2,2026-10-14,0.038356164383561646,48220.0,44200.0,call,0,4050.0,0.24427041438984584,3.161592535546658e-05,0.0
202610W2,2026-10-14,0.038356164383561646,48220.0,44200.0,put,2,35.5,0.2518640370889607,3.3830013690588356e-05,0.03262566520320341
202610W2,2026-10-14,0.038356164383561646,48220.0,44300.0,call,0,3950.0,0.23900197465279335,3.283317467768908e-05,0.0
202610W2,2026-10-14,0.038356164383561646,48220.0,44300.0,put,0,37.0,0.24839666497651372,3.568097878485872e-05,0.0
202610W2,2026-10-14,0.038356164383561646,48220.0,44400.0,call,0,3860.0,0.24662668829806955,3.816344430778655e-05,0.0
202610W2,2026-10-14,0.038356164383561646,48220.0,44400.0,put,0,39.0,0.2454268628789125,3.78052769782483e-05,0.0
202610W2,2026-10-14,0.038356164383561646,48220.0,44500.0,call,0,3760.0,0.241139624832626,3.9663715266073905e-05,0.0
202610W2,2026-10-14,0.038356164383561646,48220.0,44500.0,put,0,41.0,0.2423038322166865,4.002362759376914e-05,0.0
202610W2,2026-10-14,0.038356164383561646,48220.0,44600.0,call,0,3660.0,0.23564595954417958,4.125970212963867e-05,0.0
202610W2,2026-10-14,0.038356164383561646,48220.0,44600.0,put,3,43.0,0.23903605447565943,4.2345433006248216e-05,0.061256903386838674
202610W2,2026-10-14,0.038356164383561646,48220.0,44700.0,call,0,3560.0,0.2301450169808834,4.2960161994813914e-05,0.0
202610W2,2026-10-14,0.038356164383561646,48220.0,44700.0,put,0,47.0,0.23773089009711004,4.545086723763693e-05,0.0
202610W2,2026-10-14,0.038356164383561646,48220.0,44800.0,call,0,3470.0,0.23510488476851063,4.831825640028014e-05,0.0
202610W2,2026-10-14,0.038356164383561646,48220.0,44800.0,put,4,51.0,0.23608670228068374,4.862965690100792e-05,0.09379688223066408
202610W2,2026-10-14,0.038356164383561646,48220.0,44900.0,call,0,3370.0,0.2294080469622767,5.036595306458899e-05,0.0
202610W2,2026-10-14,0.038356164383561646,48220.0,44900.0,put,0,53.0,0.2322743025796984,5.130606377155633e-05,0.0
202610W2,2026-10-14,0.038356164383561646,48220.0,45000.0,call,0,3270.0,0.2237005417142548,5.255637349063831e-05,0.0
202610W2,2026-10-14,0.038356164383561646,48220.0,45000.0,put,1,55.0,0.22834937317677245,5.413349480384844e-05,0.026103171194415714
202610W2,2026-10-14,0.038356164383561646,48220.0,45100.0,call,0,3170.0,0.21798143823139535,5.490389377489257e-05,0.0
202610W2,2026-10-14,0.038356164383561646,48220.0,45100.0,put,0,57.0,0.2243150505054222,5.712667540990677e-05,0.0
202610W2,2026-10-14,0.038356164383561646,48220.0,45200.0,call,0,3080.0,0.2210148961022092,6.058793226313046e-05,0.0
202610W2,2026-10-14,0.038356164383561646,48220.0,45200.0,put,3,63.0,0.22349592746596955,6.141010221059106e-05,0.08883585385784103
202610W2,2026-10-14,0.038356164383561646,48220.0,45300.0,call,0,2990.0,0.2230161966425498,6.600771540529545e-05,0.0
202610W2,2026-10-14,0.038356164383561646,48220.0,45300.0,put,3,70.0,0.22301619664255948,6.600771540529844e-05,0.09548676110530474
202610W2,2026-10-14,0.038356164383561646,48220.0,45400.0,call,0,2900.0,0.22419118662252474,7.127157882511749e-05,0.0
202610W2,2026-10-14,0.038356164383561646,48220.0,45400.0,put,10,78.0,0.2227793171534984,7.08696567440064e-05,0.34173348481959887
202610W2,2026-10-14,0.038356164383561646,48220.0,45500.0,call,0,2800.0,0.21797614318129707,7.463991318662704e-05,0.0
202610W2,2026-10-14,0.038356164383561646,48220.0,45500.0,put,4,87.0,0.22270625988244855,7.594948419985189e-05,0.1464913651246743
202610W2,2026-10-14,0.038356164383561646,48220.0,45600.0,call,0,2710.0,0.21832180134633591,8.011942027774209e-05,0.0
202610W2,2026-10-14,0.038356164383561646,48220.0,45600.0,put,3,96.0,0.22211222095623637,8.105937554648926e-05,0.11726049266555137
202610W2,2026-10-14,0.038356164383561646,48220.0,45700.0,call,0,2620.0,0.21808550827487844,8.559399611720683e-05,0.0
202610W2,2026-10-14,0.038356164383561646,48220.0,45700.0,put,3,106.0,0.2216440799034786,8.636432313655616e-05,0.12493462984934214
202610W2,2026-10-14,0.038356164383561646,48220.0,45800.0,call,0,2530.0,0.217339255916828,9.111678023951856e-05,0.0
202610W2,2026-10-14,0.038356164383561646,48220.0,45800.0,put,2,108.0,0.21620248493991204,9.089222004454421e-05,0.08765645701095845
202610W2,2026-10-14,0.038356164383561646,48220.0,45900.0,call,0,2440.0,0.21613762886229074,9.67342669978671e-05,0.0
202610W2,2026-10-14,0.038356164383561646,48220.0,45900.0,put,2,120.0,0.21613762886228818,9.67342669978667e-05,0.09329052709274266
202610W2,2026-10-14,0.038356164383561646,48220.0,46000.0,call,0,2350.0,0.21452283119315593,0.00010248923245772352,0.0
202610W2,2026-10-14,0.038356164383561646,48220.0,46000.0,put,2,130.0,0.21452283119315138,0.00010248923245772294,0.09884061578222801
202610W2,2026-10-14,0.038356164383561646,48220.0,46100.0,call,0,2270.0,0.21733150582936936,0.00010876426678173114,0.0
202610W2,2026-10-14,0.038356164383561646,48220.0,46100.0,put,1,146.0,0.2154247131682509,0.00010864428344414347,0.05238827347676598
202610W2,2026-10-14,0.038356164383561646,48220.0,46200.0,call,0,2180.0,0.2147815318162508,0.00011471847528090856,0.0
202610W2,2026-10-14,0.038356164383561646,48220.0,46200.0,put,1,158.0,0.2138693783913811,0.00011469944945307004,0.05530807452627037
202610W2,2026-10-14,0.038356164383561646,48220.0,46250.0,call,0,2130.0,0.21114530449771254,0.00011778417174008618,0.0
202610W2,2026-10-14,0.038356164383561646,48220.0,46250.0,put,0,165.0,0.213387581694319,0.0001177921230628191,0.0
202610W2,2026-10-14,0.038356164383561646,48220.0,46300.0,call,1,2090.0,0.21191677160776948,0.00012093692665414936,0.05831578603263082
202610W2,2026-10-14,0.038356164383561646,48220.0,46300.0,put,1,171.0,0.21235384856480133,0.00012092597460186874,0.05831050495302111
202610W2,2026-10-14,0.038356164383561646,48220.0,46350.0,call,0,2050.0,0.2125071938815437,0.00012404779101206798,0.0
202610W2,2026-10-14,0.038356164383561646,48220.0,46350.0,put,0,178.0,0.21165494425352732,0.00012409447168535497,0.0
202610W2,2026-10-14,0.038356164383561646,48220.0,46400.0,call,1,2010.0,0.21292826091662273,0.00012712843454844465,0.061301331139260014
202610W2,2026-10-14,0.038356164383561646,48220.0,46400.0,put,1,188.0,0.212098434956769,0.00012720087191594713,0.06133626043786971
202610W2,2026-10-14,0.038356164383561646,48220.0,46450.0,call,0,1960.0,0.20911850491187478,0.0001306481369853079,0.0
202610W2,2026-10-14,0.038356164383561646,48220.0,46450.0,put,0,196.0,0.21156908114569226,0.0001303801224861026,0.0
202610W2,2026-10-14,0.038356164383561646,48220.0,46500.0,call,0,1920.0,0.20932736902979424,0.00013381698697887285,0.0
202610W2,2026-10-14,0.038356164383561646,48220.0,46500.0,put,0,204.0,0.21092377424948477,0.0001335920793449287,0.0
202610W2,2026-10-14,0.038356164383561646,48220.0,46550.0,call,0,1880.0,0.20938577768862954,0.00013697784343853623,0.0
202610W2,2026-10-14,0.038356164383561646,48220.0,46550.0,put,0,209.0,0.20899456493913016,0.00013704453014145193,0.0
202610W2,2026-10-14,0.038356164383561646,48220.0,46600.0,call,1,1840.0,0.20930110931742696,0.00014013948508610579,0.06757525970852021
202610W2,2026-10-14,0.038356164383561646,48220.0,46600.0,put,1,218.0,0.20853557979733225,0.0001402950854603093,0.06765029020896114
202610W2,2026-10-14,0.038356164383561646,48220.0,46650.0,call,0,1800.0,0.20907977572839967,0.00014331002490240274,0.0
202610W2,2026-10-14,0.038356164383561646,48220.0,46650.0,put,0,227.0,0.20795514551064265,0.0001435757102665594,0.0
202610W2,2026-10-14,0.038356164383561646,48220.0,46700.0,call,0,1760.0,0.20872736096455355,0.00014649705809757028,0.0
202610W2,2026-10-14,0.038356164383561646,48220.0,46700.0,put,0,237.0,0.20762549137363392,0.00014679452142952847,0.0
202610W2,2026-10-14,0.038356164383561646,48220.0,46750.0,call,0,1720.0,0.20824873293063736,0.0001497077846978015,0.0
202610W2,2026-10-14,0.038356164383561646,48220.0,46750.0,put,0,246.0,0.2068072321018607,0.0001501453483497646,0.0
202610W2,2026-10-14,0.038356164383561646,48220.0,46800.0,call,1,1680.0,0.20764813374369584,0.00015294911293288366,0.0737520622562365
202610W2,2026-10-14,0.038356164383561646,48220.0,46800.0,put,2,263.0,0.20870583369846793,0.0001525898003529319,0.14715760346036752
202610W2,2026-10-14,0.038356164383561646,48220.0,46850.0,call,0,1640.0,0.2069292532267947,0.0001562277480904329,0.0
202610W2,2026-10-14,0.038356164383561646,48220.0,46850.0,put,0,266.0,0.2055395176080931,0.00015674568518649567,0.0
202610W2,2026-10-14,0.038356164383561646,48220.0,46900.0,call,0,1600.0,0.20609528887655665,0.00015955027041964236,0.0
202610W2,2026-10-14,0.038356164383561646,48220.0,46900.0,put,1,277.0,0.20507110400519243,0.00015996824752518465,0.07713668895664404
202610W2,2026-10-14,0.038356164383561646,48220.0,46950.0,call,1,1570.0,0.2084918851366866,0.00016143907636773943,0.07784592262452396
202610W2,2026-10-14,0.038356164383561646,48220.0,46950.0,put,1,288.0,0.2044775622344833,0.00016322131693134167,0.07870531902429297
202610W2,2026-10-14,0.038356164383561646,48220.0,47000.0,call,0,1530.0,0.20738454067196838,0.00016477457396647295,0.0
202610W2,2026-10-14,0.038356164383561646,48220.0,47000.0,put,0,300.0,0.20409272176238036,0.0001663530850433738,0.0
202610W2,2026-10-14,0.038356164383561646,48220.0,47050.0,call,0,1490.0,0.20617189536411598,0.00016817312500161404,0.0
202610W2,2026-10-14,0.038356164383561646,48220.0,47050.0,put,0,322.0,0.20681829850134445,0.00016784100116830507,0.0
202610W2,2026-10-14,0.038356164383561646,48220.0,47100.0,call,1,1450.0,0.20485539096414956,0.000171641051136528,0.0827653148580338
202610W2,2026-10-14,0.038356164383561646,48220.0,47100.0,put,1,335.0,0.20644773806645614,0.00017076622634943714,0.0823434743456986
202610W2,2026-10-14,0.038356164383561646,48220.0,47150.0,call,1,1410.0,0.20343616806111886,0.00017518486182298255,0.08447414037104219
202610W2,2026-10-14,0.038356164383561646,48220.0,47150.0,put,1,340.0,0.20343616806111886,0.00017518486182298255,0.08447414037104219
202610W2,2026-10-14,0.038356164383561646,48220.0,47200.0,call,0,1380.0,0.2050138407843804,0.000176881422742263,0.0
202610W2,2026-10-14,0.038356164383561646,48220.0,47200.0,put,0,351.0,0.2022255698216618,0.00017861673986761058,0.0
202610W2,2026-10-14,0.038356164383561646,48220.0,47250.0,call,0,1350.0,0.20640244696461926,0.00017851396859279222,0.0
202610W2,2026-10-14,0.038356164383561646,48220.0,47250.0,put,0,377.0,0.20548898987052852,0.0001791060690352658,0.0
202610W2,2026-10-14,0.038356164383561646,48220.0,47300.0,call,0,1310.0,0.20460810151314435,0.0001821337011227672,0.0
202610W2,2026-10-14,0.038356164383561646,48220.0,47300.0,put,0,379.0,0.20129209809982615,0.00018442604088762706,0.0
202610W2,2026-10-14,0.038356164383561646,48220.0,47350.0,call,0,1270.0,0.20271621507451174,0.00018585258613564528,0.0
202610W2,2026-10-14,0.038356164383561646,48220.0,47350.0,put,2,394.0,0.20092886344872138,0.0001871544536254698,0.18049175507640305
202610W2,2026-10-14,0.038356164383561646,48220.0,47400.0,call,2,1240.0,0.2036673793582992,0.0001874488565935645,0.1807756772988336
202610W2,2026-10-14,0.038356164383561646,48220.0,47400.0,put,0,424.0,0.20484156419733948,0.00018657101068687767,0.0
202610W2,2026-10-14,0.038356164383561646,48220.0,47450.0,call,0,1200.0,0.20154981207691547,0.00019128893274181054,0.0
202610W2,2026-10-14,0.038356164383561646,48220.0,47450.0,put,0,441.0,0.20474479511325366,0.0001887882405517958,0.0
202610W2,2026-10-14,0.038356164383561646,48220.0,47500.0,call,0,1180.0,0.20508420514389555,0.00019055239841659944,0.0
202610W2,2026-10-14,0.038356164383561646,48220.0,47500.0,put,4,459.0,0.20479725506731034,0.00019078196493560354,0.3679802539677921
202610W2,2026-10-14,0.038356164383561646,48220.0,47550.0,call,0,1130.0,0.19987165166203144,0.00019685559015783909,0.0
202610W2,2026-10-14,0.038356164383561646,48220.0,47550.0,put,0,460.0,0.199871651662033,0.00019685559015783776,0.0
202610W2,2026-10-14,0.038356164383561646,48220.0,47600.0,call,0,1100.0,0.20025538200560547,0.00019844717484936394,0.0
202610W2,2026-10-14,0.038356164383561646,48220.0,47600.0,put,0,477.0,0.19940873460609346,0.00019919776249012337,0.0
202610W2,2026-10-14,0.038356164383561646,48220.0,47650.0,call,0,1080.0,0.20328375609736718,0.00019752527546608835,0.0
202610W2,2026-10-14,0.038356164383561646,48220.0,47650.0,put,0,495.0,0.1990911656723076,0.00020130399824164585,0.0
202610W2,2026-10-14,0.038356164383561646,48220.0,47700.0,call,0,1050.0,0.20334917968113042,0.0001990615253808169,0.0
202610W2,2026-10-14,0.038356164383561646,48220.0,47700.0,put,0,515.0,0.19919097252183424,0.0002029011880101789,0.0
202610W2,2026-10-14,0.038356164383561646,48220.0,47750.0,call,0,1020.0,0.20327376861027596,0.00020059788930156975,0.0
202610W2,2026-10-14,0.038356164383561646,48220.0,47750.0,put,0,530.0,0.19776954348688722,0.00020583111758932314,0.0
202610W2,2026-10-14,0.038356164383561646,48220.0,47800.0,call,0,995.0,0.2044253567771566,0.00020085190280154635,0.0
202610W2,2026-10-14,0.038356164383561646,48220.0,47800.0,put,1,575.0,0.20442535677715648,0.0002008519028015464,0.09685078753090569
202610W2,2026-10-14,0.038356164383561646,48220.0,47850.0,call,0,965.0,0.20406634359636655,0.00020238035671368628,0.0
202610W2,2026-10-14,0.038356164383561646,48220.0,47850.0,put,0,595.0,0.20406634359636533,0.00020238035671368745,0.0
202610W2,2026-10-14,0.038356164383561646,48220.0,47900.0,call,0,935.0,0.20357250592240256,0.0002039189499189993,0.0
202610W2,2026-10-14,0.038356164383561646,48220.0,47900.0,put,0,605.0,0.20087094964165042,0.00020658455418066859,0.0
202610W2,2026-10-14,0.038356164383561646,48220.0,47950.0,call,0,905.0,0.20294453452995695,0.00020547027205423924,0.0
202610W2,2026-10-14,0.038356164383561646,48220.0,47950.0,put,0,610.0,0.19621988311885208,0.00021236688201555957,0.0
202610W2,2026-10-14,0.038356164383561646,48220.0,48000.0,call,1,880.0,0.20352194819430225,0.0002056916776685182,0.09918452697175947
202610W2,2026-10-14,0.038356164383561646,48220.0,48000.0,put,11,660.0,0.20352194819430172,0.00020569167766851875,1.0910297966893572
202610W2,2026-10-14,0.038356164383561646,48220.0,48050.0,call,0,855.0,0.20395674236274652,0.00020590938608830016,0.0
202610W2,2026-10-14,0.038356164383561646,48220.0,48050.0,put,0,670.0,0.19995158321386547,0.00021000229698004105,0.0
202610W2,2026-10-14,0.038356164383561646,48220.0,48100.0,call,0,815.0,0.20025597050566957,0.00021022228930337063,0.0
202610W2,2026-10-14,0.038356164383561646,48220.0,48100.0,put,1,675.0,0.19492878366381786,0.0002159454632392755,0.10412890237397864
202610W2,2026-10-14,0.038356164383561646,48220.0,48150.0,call,0,775.0,0.19643077023646832,0.00021470902664001636,0.0
202610W2,2026-10-14,0.038356164383561646,48220.0,48150.0,put,0,705.0,0.19643077023646832,0.00021470902664001636,0.0
202610W2,2026-10-14,0.038356164383561646,48220.0,48200.0,call,0,735.0,0.19247425177894828,0.0002193810500466986,0.0
202610W2,2026-10-14,0.038356164383561646,48220.0,48200.0,put,0,715.0,0.1924742517789493,0.0002193810500466974,0.0
202610W2,2026-10-14,0.038356164383561646,48220.0,48250.0,call,0,695.0,0.18837850432867614,0.00022425048025090852,0.0
202610W2,2026-10-14,0.038356164383561646,48220.0,48250.0,put,0,730.0,0.18970564141306287,0.00022268158087780226,0.0
202610W2,2026-10-14,0.038356164383561646,48220.0,48300.0,call,0,660.0,0.18546203469382036,0.00022769123252980048,0.0
202610W2,2026-10-14,0.038356164383561646,48220.0,48300.0,put,1,740.0,0.18546203469381944,0.0002276912325298016,0.10979271232587035
202610W2,2026-10-14,0.038356164383561646,48220.0,48350.0,call,0,640.0,0.18637781596135056,0.00022630907616096654,0.0
202610W2,2026-10-14,0.038356164383561646,48220.0,48350.0,put,0,770.0,0.18637781596135194,0.00022630907616096485,0.0
202610W2,2026-10-14,0.038356164383561646,48220.0,48400.0,call,2,600.0,0.18181879549673335,0.00023146710467360674,0.22322687574722633
202610W2,2026-10-14,0.038356164383561646,48220.0,48400.0,put,0,780.0,0.18181879549673333,0.0002314671046736068,0.0
202610W2,2026-10-14,0.038356164383561646,48220.0,48450.0,call,0,575.0,0.18109115730274422,0.0002316989668170274,0.0
202610W2,2026-10-14,0.038356164383561646,48220.0,48450.0,put,0,825.0,0.18643445128508537,0.00022517073022347973,0.0
202610W2,2026-10-14,0.038356164383561646,48220.0,48500.0,call,0,570.0,0.1855682775449169,0.00022539057742093388,0.0
202610W2,2026-10-14,0.038356164383561646,48220.0,48500.0,put,1,835.0,0.18154590080157726,0.00023025506553634692,0.11102899260162648
202610W2,2026-10-14,0.038356164383561646,48220.0,48550.0,call,0,525.0,0.17915579072079038,0.0002321367074276461,0.0
202610W2,2026-10-14,0.038356164383561646,48220.0,48550.0,put,0,855.0,0.1791557907207906,0.0002321367074276458,0.0
202610W2,2026-10-14,0.038356164383561646,48220.0,48600.0,call,0,515.0,0.18200657419854016,0.00022739625839944777,0.0
202610W2,2026-10-14,0.038356164383561646,48220.0,48600.0,put,0,885.0,0.17929639398953395,0.00023066415926591434,0.0
202610W2,2026-10-14,0.038356164383561646,48220.0,48650.0,call,0,510.0,0.1860977851339986,0.00022130716708650502,0.0
202610W2,2026-10-14,0.038356164383561646,48220.0,48650.0,put,0,935.0,0.18473622079133833,0.0002228409786741901,0.0
202610W2,2026-10-14,0.038356164383561646,48220.0,48700.0,call,3,487.0,0.18515628049491675,0.00022085358539479633,0.3194867966321124
202610W2,2026-10-14,0.038356164383561646,48220.0,48700.0,put,0,950.0,0.1804904020529062,0.00022612253317633144,0.0
202610W2,2026-10-14,0.038356164383561646,48220.0,48750.0,call,0,467.0,0.18488025750558257,0.00021947524682023998,0.0
202610W2,2026-10-14,0.038356164383561646,48220.0,48750.0,put,0,1000.0,0.1857090915329963,0.00021858409012523024,0.0
202610W2,2026-10-14,0.038356164383561646,48220.0,48800.0,call,1,433.0,0.18054304755568668,0.00022227151894651365,0.10717932643600889
202610W2,2026-10-14,0.038356164383561646,48220.0,48800.0,put,0,1030.0,0.1852861314554267,0.00021720657908787036,0.0
202610W2,2026-10-14,0.038356164383561646,48220.0,48850.0,call,0,415.0,0.18048071075524175,0.0002201915440701206,0.0
202610W2,2026-10-14,0.038356164383561646,48220.0,48850.0,put,0,1050.0,0.18189072171770707,0.00021871173597897618,0.0
202610W2,2026-10-14,0.038356164383561646,48220.0,48900.0,call,0,412.0,0.18453425137649224,0.00021382404369715559,0.0
202610W2,2026-10-14,0.038356164383561646,48220.0,48900.0,put,0,1090.0,0.18396578156500049,0.00021438535608420248,0.0
202610W2,2026-10-14,0.038356164383561646,48220.0,48950.0,call,0,395.0,0.18449636924400062,0.00021155343380085313,0.0
202610W2,2026-10-14,0.038356164383561646,48220.0,48950.0,put,0,1110.0,0.18017827912410966,0.0002157185023685142,0.0
202610W2,2026-10-14,0.038356164383561646,48220.0,49000.0,call,0,365.0,0.18052153118770395,0.00021277515096551852,0.0
202610W2,2026-10-14,0.038356164383561646,48220.0,49000.0,put,0,1150.0,0.18197991731504135,0.00021141677411951504,0.0
202610W2,2026-10-14,0.038356164383561646,48220.0,49050.0,call,0,362.0,0.18426113934693245,0.00020672874607477606,0.0
202610W2,2026-10-14,0.038356164383561646,48220.0,49050.0,put,0,1190.0,0.1836722126034412,0.00020724290606021232,0.0
202610W2,2026-10-14,0.038356164383561646,48220.0,49100.0,call,0,334.0,0.18047429224823747,0.00020718527412380458,0.0
202610W2,2026-10-14,0.038356164383561646,48220.0,49100.0,put,0,1210.0,0.17927375295436293,0.00020820658151530496,0.0
202610W2,2026-10-14,0.038356164383561646,48220.0,49200.0,call,3,306.0,0.18073391096135633,0.00020084789907921422,0.29054657080799134
202610W2,2026-10-14,0.038356164383561646,48220.0,49200.0,put,0,1290.0,0.18196811791579515,0.00019992135825729976,0.0
202610W2,2026-10-14,0.038356164383561646,48220.0,49300.0,call,8,279.0,0.18071378565185106,0.00019429532156591068,0.7495136324726571
202610W2,2026-10-14,0.038356164383561646,48220.0,49300.0,put,0,1360.0,0.18103301801911895,0.00019408648554125556,0.0
202610W2,2026-10-14,0.038356164383561646,48220.0,49400.0,call,0,254.0,0.18073907234658687,0.00018732528631586234,0.0
202610W2,2026-10-14,0.038356164383561646,48220.0,49400.0,put,0,1440.0,0.18272112266690024,0.00018622755239704582,0.0
202610W2,2026-10-14,0.038356164383561646,48220.0,49500.0,call,1,238.0,0.18324317219189337,0.0001789088425679602,0.08626984388627042
202610W2,2026-10-14,0.038356164383561646,48220.0,49500.0,put,0,1510.0,0.18049591101326928,0.00018015432970920639,0.0
202610W2,2026-10-14,0.038356164383561646,48220.0,49600.0,call,0,215.0,0.18284631521745762,0.00017175630402326277,0.0
202610W2,2026-10-14,0.038356164383561646,48220.0,49600.0,put,0,1590.0,0.18105565337348434,0.0001723884351252422,0.0
202610W2,2026-10-14,0.038356164383561646,48220.0,49700.0,call,0,196.0,0.183300426003447,0.00016409832481259633,0.0
202610W2,2026-10-14,0.038356164383561646,48220.0,49700.0,put,0,1670.0,0.18105394640841266,0.0001646706557235973,0.0
202610W2,2026-10-14,0.038356164383561646,48220.0,49800.0,call,0,172.0,0.18122971199417584,0.00015678060706142627,0.0
202610W2,2026-10-14,0.038356164383561646,48220.0,49800.0,put,0,1750.0,0.18043902738377374,0.00015689825648415923,0.0
202610W2,2026-10-14,0.038356164383561646,48220.0,49900.0,call,0,157.0,0.18205830131588635,0.00014879631980814988,0.0
202610W2,2026-10-14,0.038356164383561646,48220.0,49900.0,put,0,1840.0,0.18329617365388043,0.00014871165921245583,0.0
202610W2,2026-10-14,0.038356164383561646,48220.0,50000.0,call,3,142.0,0.1823701717474024,0.0001409107453093708,0.20384148416453582
202610W2,2026-10-14,0.038356164383561646,48220.0,50000.0,put,0,1920.0,0.18149534950043447,0.00014088724402716249,0.0
202610W2,2026-10-14,0.038356164383561646,48220.0,50100.0,call,0,129.0,0.18303576324491033,0.00013312718809999904,0.0
202610W2,2026-10-14,0.038356164383561646,48220.0,50100.0,put,0,2010.0,0.18349526662016635,0.0001331723301868948,0.0
202610W2,2026-10-14,0.038356164383561646,48220.0,50200.0,call,2,117.0,0.18366707140208482,0.00012549735300541694,0.1210296472384241
202610W2,2026-10-14,0.038356164383561646,48220.0,50200.0,put,0,2100.0,0.18511929227614307,0.00012573617922989958,0.0
202610W2,2026-10-14,0.038356164383561646,48220.0,50300.0,call,0,106.0,0.1842955249659708,0.00011805284136012846,0.0
202610W2,2026-10-14,0.038356164383561646,48220.0,50300.0,put,0,2190.0,0.18634155430169522,0.00011851470225432187,0.0
202610W2,2026-10-14,0.038356164383561646,48220.0,50400.0,call,0,96.0,0.184958929111743,0.00011083112612877613,0.0
202610W2,2026-10-14,0.038356164383561646,48220.0,50400.0,put,0,2280.0,0.18712802292778022,0.00011144334072372583,0.0
202610W2,2026-10-14,0.038356164383561646,48220.0,50500.0,call,3,86.0,0.18512013162716714,0.0001036739371572149,0.14997471749162708
202610W2,2026-10-14,0.038356164383561646,48220.0,50500.0,put,0,2370.0,0.18743373286531617,0.00010445391496892438,0.0
202610W2,2026-10-14,0.038356164383561646,48220.0,50600.0,call,0,78.0,0.18596235618101473,9.699501858811006e-05,0.0
202610W2,2026-10-14,0.038356164383561646,48220.0,50600.0,put,0,2460.0,0.18719845999258405,9.747041699629669e-05,0.0
202610W2,2026-10-14,0.038356164383561646,48220.0,50700.0,call,1,70.0,0.18633971163943638,9.040282169887636e-05,0.04359224062319818
202610W2,2026-10-14,0.038356164383561646,48220.0,50700.0,put,0,2550.0,0.1863397116394306,9.040282169887388e-05,0.0
202610W2,2026-10-14,0.038356164383561646,48220.0,50800.0,call,2,69.0,0.1910874105757436,8.60120150673548e-05,0.08294998733095696
202610W2,2026-10-14,0.038356164383561646,48220.0,50800.0,put,0,2650.0,0.19176727968173324,8.629736099182613e-05,0.0
202610W2,2026-10-14,0.038356164383561646,48220.0,50900.0,call,1,65.0,0.19364219948431383,8.104418276072964e-05,0.03907950492722383
202610W2,2026-10-14,0.038356164383561646,48220.0,50900.0,put,0,2750.0,0.1971503386382832,8.250901744386514e-05,0.0
202610W2,2026-10-14,0.038356164383561646,48220.0,51000.0,call,0,62.0,0.1967175410294767,7.662664354829668e-05,0.0
202610W2,2026-10-14,0.038356164383561646,48220.0,51000.0,put,0,2840.0,0.1952177063273927,7.596528302211983e-05,0.0
202610W2,2026-10-14,0.038356164383561646,48220.0,51100.0,call,0,57.0,0.19805984878328026,7.174868210852471e-05,0.0
202610W2,2026-10-14,0.038356164383561646,48220.0,51100.0,put,0,2940.0,0.2003962516204498,7.27742257729849e-05,0.0
202610W2,2026-10-14,0.038356164383561646,48220.0,51200.0,call,0,51.0,0.19821157785440002,6.65905964516311e-05,0.0
202610W2,2026-10-14,0.038356164383561646,48220.0,51200.0,put,0,3030.0,0.19735767566665577,6.619040856331854e-05,0.0
202610W2,2026-10-14,0.038356164383561646,48220.0,51300.0,call,0,46.5,0.19921677787565437,6.207691335086688e-05,0.0
202610W2,2026-10-14,0.038356164383561646,48220.0,51300.0,put,0,3130.0,0.2023291015748754,6.351702623135183e-05,0.0
202610W2,2026-10-14,0.038356164383561646,48220.0,51400.0,call,0,42.0,0.19984413332254503,5.763582816061123e-05,0.0
202610W2,2026-10-14,0.038356164383561646,48220.0,51400.0,put,0,3220.0,0.1978712223562221,5.667819872921459e-05,0.0
202610W2,2026-10-14,0.038356164383561646,48220.0,51500.0,call,1,38.0,0.20056609602570735,5.348504469616084e-05,0.02579048855248876
202610W2,2026-10-14,0.038356164383561646,48220.0,51500.0,put,0,3320.0,0.20262690665915137,5.446599273590399e-05,0.0
202610W2,2026-10-14,0.038356164383561646,48220.0,51600.0,call,1,33.5,0.2003113409111803,4.9102084971111336e-05,0.023677025373069885
202610W2,2026-10-14,0.038356164383561646,48220.0,51600.0,put,0,3410.0,0.1961952486554048,4.706121517681183e-05,0.0
202610W2,2026-10-14,0.038356164383561646,48220.0,51700.0,call,0,30.0,0.2007169737074466,4.527570268995987e-05,0.0
202610W2,2026-10-14,0.038356164383561646,48220.0,51700.0,put,0,3510.0,0.20071697370744013,4.527570268995674e-05,0.0
202610W2,2026-10-14,0.038356164383561646,48220.0,51800.0,call,0,26.5,0.2006669201044619,4.146334193744299e-05,0.0
202610W2,2026-10-14,0.038356164383561646,48220.0,51800.0,put,0,3610.0,0.20521232489530394,4.36036749588785e-05,0.0
202610W2,2026-10-14,0.038356164383561646,48220.0,51900.0,call,0,23.5,0.20081407499817028,3.797671639478817e-05,0.0
202610W2,2026-10-14,0.038356164383561646,48220.0,51900.0,put,0,3700.0,0.19541563459902436,3.538531223440813e-05,0.0
202610W2,2026-10-14,0.038356164383561646,48220.0,52000.0,call,0,20.5,0.20046051653895275,3.448327973144743e-05,0.0
202610W2,2026-10-14,0.038356164383561646,48220.0,52000.0,put,0,3800.0,0.19964332648959748,3.410364016624763e-05,0.0
202610W2,2026-10-14,0.038356164383561646,48220.0,52100.0,call,0,18.0,0.20039553816205086,3.135049285055355e-05,0.0
202610W2,2026-10-14,0.038356164383561646,48220.0,52100.0,put,0,3900.0,0.20384879343056053,3.289926998998966e-05,0.0
202610W2,2026-10-14,0.038356164383561646,48220.0,52200.0,call,0,16.0,0.20077004261097295,2.862822650180818e-05,0.0
202610W2,2026-10-14,0.038356164383561646,48220.0,52200.0,put,0,3990.0,0.18726824954877855,2.2649708912865886e-05,0.0
202610W2,2026-10-14,0.038356164383561646,48220.0,52300.0,call,0,14.0,0.20069710768307472,2.59145089172453e-05,0.0
202610W2,2026-10-14,0.038356164383561646,48220.0,52300.0,put,0,4090.0,0.19111892385235776,2.1853454640157114e-05,0.0
202610W2,2026-10-14,0.038356164383561646,48220.0,52400.0,call,0,12.0,0.2000781923961368,2.3182158073610587e-05,0.0
202610W2,2026-10-14,0.038356164383561646,48220.0,52400.0,put,0,4190.0,0.19495162778507283,2.1103356887901143e-05,0.0
202611,2026-11-18,0.13424657534246576,48490.0,38000.0,call,0,10520.0,0.31357904682900195,6.664922302663946e-06,0.0
202611,2026-11-18,0.13424657534246576,48490.0,38000.0,put,113,53.0,0.3422931211014482,8.76455574955852e-06,0.4802424383745847
202611,2026-11-18,0.13424657534246576,48490.0,38100.0,call,0,10420.0,0.31062625792404036,6.779217705556802e-06,0.0
202611,2026-11-18,0.13424657534246576,48490.0,38100.0,put,6,56.0,0.34222142156669433,9.133759154236346e-06,0.026573758883335224
202611,2026-11-18,0.13424657534246576,48490.0,38200.0,call,0,10320.0,0.30767862160693865,6.896339726756954e-06,0.0
202611,2026-11-18,0.13424657534246576,48490.0,38200.0,put,1,57.0,0.34004140737581245,9.359718178111937e-06,0.004538527344566478
202611,2026-11-18,0.13424657534246576,48490.0,38300.0,call,0,10220.0,0.3047360726302431,7.016384410299133e-06,0.0
202611,2026-11-18,0.13424657534246576,48490.0,38300.0,put,5,58.0,0.337841551140495,9.590461634667146e-06,0.023252074233250496
202611,2026-11-18,0.13424657534246576,48490.0,38400.0,call,0,10120.0,0.30179854543419454,7.1394519984944146e-06,0.0
202611,2026-11-18,0.13424657534246576,48490.0,38400.0,put,9,59.0,0.33562236577213406,9.826151837320502e-06,0.0428823092332504
202611,2026-11-18,0.13424657534246576,48490.0,38500.0,call,0,10020.0,0.2988659741225493,7.265647157620581e-06,0.0
202611,2026-11-18,0.13424657534246576,48490.0,38500.0,put,28,60.0,0.33338433753082514,1.0066957128280522e-05,0.1366810903220903
202611,2026-11-18,0.13424657534246576,48490.0,38600.0,call,0,9930.0,0.3090953303351574,8.512634695738184e-06,0.0
202611,2026-11-18,0.13424657534246576,48490.0,38600.0,put,10,61.0,0.33112792751868264,1.0313052213893546e-05,0.050007990185169805
202611,2026-11-18,0.13424657534246576,48490.0,38700.0,call,0,9830.0,0.30607046489614187,8.663185410352708e-06,0.0
202611,2026-11-18,0.13424657534246576,48490.0,38700.0,put,7,62.0,0.3288535730528374,1.0564618517651033e-05,0.035859484634462896
202611,2026-11-18,0.13424657534246576,48490.0,38800.0,call,0,9730.0,0.3030504016967049,8.817616807956113e-06,0.0
202611,2026-11-18,0.13424657534246576,48490.0,38800.0,put,1,64.0,0.32745390978113764,1.089468232273642e-05,0.005282831458294891
202611,2026-11-18,0.13424657534246576,48490.0,38900.0,call,0,9630.0,0.30003506931952695,8.976066949074682e-06,0.0
202611,2026-11-18,0.13424657534246576,48490.0,38900.0,put,13,65.0,0.3251299939633082,1.1157875654244547e-05,0.07033590076166135
202611,2026-11-18,0.13424657534246576,48490.0,39000.0,call,0,9530.0,0.29702439581905166,9.138680230628557e-06,0.0
202611,2026-11-18,0.13424657534246576,48490.0,39000.0,put,46,66.0,0.3227896757009592,1.1427139527172208e-05,0.25488691800938695
202611,2026-11-18,0.13424657534246576,48490.0,39100.0,call,0,9430.0,0.2940183086889353,9.305607744333593e-06,0.0
202611,2026-11-18,0.13424657534246576,48490.0,39100.0,put,5,68.0,0.32127441628472375,1.1774960012448117e-05,0.028548390550180464
202611,2026-11-18,0.13424657534246576,48490.0,39200.0,call,0,9340.0,0.3017134644305695,1.049831901685445e-05,0.0
202611,2026-11-18,0.13424657534246576,48490.0,39200.0,put,3,69.0,0.3188886875932942,1.2057157869254009e-05,0.01753954755240381
202611,2026-11-18,0.13424657534246576,48490.0,39300.0,call,0,9240.0,0.2986313747340029,1.0690748948736709e-05,0.0
202611,2026-11-18,0.13424657534246576,48490.0,39300.0,put,6,71.0,0.3172952349138288,1.241777693017055e-05,0.0361282802006382
202611,2026-11-18,0.13424657534246576,48490.0,39400.0,call,0,9140.0,0.2955536649878967,1.0888374910576428e-05,0.0
202611,2026-11-18,0.13424657534246576,48490.0,39400.0,put,10,72.0,0.3148667457192049,1.2713872450886802e-05,0.061649567514350107
202611,2026-11-18,0.13424657534246576,48490.0,39500.0,call,0,9040.0,0.292480256432032,1.1091391392893485e-05,0.0
202611,2026-11-18,0.13424657534246576,48490.0,39500.0,put,52,73.0,0.3124239407568342,1.3017210593792882e-05,0.32822636168036873
202611,2026-11-18,0.13424657534246576,48490.0,39600.0,call,0,8940.0,0.2894110694968056,1.1300002303089777e-05,0.0
202611,2026-11-18,0.13424657534246576,48490.0,39600.0,put,1,76.0,0.3114888853822976,1.3469883388263074e-05,0.006531546454968764
202611,2026-11-18,0.13424657534246576,48490.0,39700.0,call,0,8840.0,0.2863460237585829,1.1514421528491166e-05,0.0
202611,2026-11-18,0.13424657534246576,48490.0,39700.0,put,3,79.0,0.31047086104227684,1.3927787977591043e-05,0.02026075317100169
202611,2026-11-18,0.13424657534246576,48490.0,39800.0,call,0,8750.0,0.29229373592399605,1.2692771022403163e-05,0.0
202611,2026-11-18,0.13424657534246576,48490.0,39800.0,put,5,80.0,0.30794131649145046,1.425531022212841e-05,0.03456199963355033
202611,2026-11-18,0.13424657534246576,48490.0,39900.0,call,0,8650.0,0.28916305163274597,1.2935035661989482e-05,0.0
202611,2026-11-18,0.13424657534246576,48490.0,39900.0,put,7,81.0,0.30539920934823817,1.4591222933257354e-05,0.049526988002355436
202611,2026-11-18,0.13424657534246576,48490.0,40000.0,call,0,8550.0,0.28603625217651124,1.3184186481262538e-05,0.0
202611,2026-11-18,0.13424657534246576,48490.0,40000.0,put,97,86.0,0.30560837199033775,1.5206739644494174e-05,0.7152535612006767
202611,2026-11-18,0.13424657534246576,48490.0,40100.0,call,0,8450.0,0.2829132496324807,1.3440495978763873e-05,0.0
202611,2026-11-18,0.13424657534246576,48490.0,40100.0,put,7,87.0,0.30300131672211894,1.5561320127673677e-05,0.05281978890936276
202611,2026-11-18,0.13424657534246576,48490.0,40200.0,call,0,8360.0,0.2876834329202939,1.4589412873036368e-05,0.0
202611,2026-11-18,0.13424657534246576,48490.0,40200.0,put,14,88.0,0.3003828508426387,1.592529448801532e-05,0.10811045416134082
202611,2026-11-18,0.13424657534246576,48490.0,40300.0,call,0,8260.0,0.2845021527710221,1.4875221027524587e-05,0.0
202611,2026-11-18,0.13424657534246576,48490.0,40300.0,put,6,91.0,0.29905054351157895,1.6431393818908754e-05,0.04780549717673313
202611,2026-11-18,0.13424657534246576,48490.0,40400.0,call,0,8160.0,0.2813243750670095,1.5169431422638164e-05,0.0
202611,2026-11-18,0.13424657534246576,48490.0,40400.0,put,10,93.0,0.29702489710982233,1.688109794649247e-05,0.08185644394254199
202611,2026-11-18,0.13424657534246576,48490.0,40500.0,call,0,8070.0,0.2852301112115286,1.628711054230817e-05,0.0
202611,2026-11-18,0.13424657534246576,48490.0,40500.0,put,28,99.0,0.2974162426959709,1.759388115986083e-05,0.23887564328366245
202611,2026-11-18,0.13424657534246576,48490.0,40600.0,call,0,7970.0,0.28199956495584905,1.6612180864862583e-05,0.0
202611,2026-11-18,0.13424657534246576,48490.0,40600.0,put,3,100.0,0.29468430345352714,1.800122861785185e-05,0.026186387270389085
202611,2026-11-18,0.13424657534246576,48490.0,40700.0,call,0,7870.0,0.278772194686496,1.6947046457133746e-05,0.0
202611,2026-11-18,0.13424657534246576,48490.0,40700.0,put,6,102.0,0.29252998376770795,1.8482007197575747e-05,0.05377155174062688
202611,2026-11-18,0.13424657534246576,48490.0,40800.0,call,0,7770.0,0.27554789557513326,1.7292120795013667e-05,0.0
202611,2026-11-18,0.13424657534246576,48490.0,40800.0,put,5,105.0,0.2909204134461111,1.9035508281250534e-05,0.046151589827891915
202611,2026-11-18,0.13424657534246576,48490.0,40900.0,call,0,7680.0,0.27870168064380185,1.8416188895086518e-05,0.0
202611,2026-11-18,0.13424657534246576,48490.0,40900.0,put,1,108.0,0.28925878252298337,1.959984490426522e-05,0.009503964794078206
202611,2026-11-18,0.13424657534246576,48490.0,41000.0,call,0,7580.0,0.27542848630500316,1.8795171679112887e-05,0.0
202611,2026-11-18,0.13424657534246576,48490.0,41000.0,put,42,114.0,0.28917358497874773,2.0349217124343012e-05,0.41442808611094484
202611,2026-11-18,0.13424657534246576,48490.0,41100.0,call,0,7490.0,0.27805030424526855,1.9892800608280845e-05,0.0
202611,2026-11-18,0.13424657534246576,48490.0,41100.0,put,7,115.0,0.28631942803622057,2.0820828627765867e-05,0.07067213861122569
202611,2026-11-18,0.13424657534246576,48490.0,41200.0,call,0,7390.0,0.2747315997835123,2.0306941545460476e-05,0.0
202611,2026-11-18,0.13424657534246576,48490.0,41200.0,put,5,119.0,0.2850194873443597,2.1476299737040966e-05,0.05206928871245582
202611,2026-11-18,0.13424657534246576,48490.0,41300.0,call,0,7290.0,0.27141531444691924,2.0734259932835945e-05,0.0
202611,2026-11-18,0.13424657534246576,48490.0,41300.0,put,5,123.0,0.2836504087013501,2.214271668264805e-05,0.05368501659708021
202611,2026-11-18,0.13424657534246576,48490.0,41400.0,call,0,7200.0,0.2735394258207865,2.183858655856748e-05,0.0
202611,2026-11-18,0.13424657534246576,48490.0,41400.0,put,6,127.0,0.28221515022015664,2.2820810158256476e-05,0.06639486507443139
202611,2026-11-18,0.13424657534246576,48490.0,41500.0,call,0,7100.0,0.2701799994747285,2.2304048347829316e-05,0.0
202611,2026-11-18,0.13424657534246576,48490.0,41500.0,put,18,130.0,0.2802354641962118,2.3459296479721114e-05,0.20475743153430184
202611,2026-11-18,0.13424657534246576,48490.0,41600.0,call,0,7010.0,0.2719147398229549,2.3399920718670272e-05,0.0
202611,2026-11-18,0.13424657534246576,48490.0,41600.0,put,10,136.0,0.27962445800235813,2.4265279071376677e-05,0.1176623382171055
202611,2026-11-18,0.13424657534246576,48490.0,41700.0,call,0,6910.0,0.2685142705545921,2.3905533160569783e-05,0.0
202611,2026-11-18,0.13424657534246576,48490.0,41700.0,put,5,141.0,0.2784505602407224,2.503027527426294e-05,0.0606859024024505
202611,2026-11-18,0.13424657534246576,48490.0,41800.0,call,0,6820.0,0.26990664309401424,2.4999962646313034e-05,0.0
202611,2026-11-18,0.13424657534246576,48490.0,41800.0,put,8,146.0,0.27719850818865766,2.5807230527109594e-05,0.10011140866076354
202611,2026-11-18,0.13424657534246576,48490.0,41900.0,call,0,6720.0,0.2664667852777355,2.5548072207875336e-05,0.0
202611,2026-11-18,0.13424657534246576,48490.0,41900.0,put,8,151.0,0.27587173593923675,2.6597067693856942e-05,0.10317534499800986
202611,2026-11-18,0.13424657534246576,48490.0,42000.0,call,0,6630.0,0.26755427927329034,2.6647318799088556e-05,0.0
202611,2026-11-18,0.13424657534246576,48490.0,42000.0,put,63,157.0,0.27489394921233345,2.7444207715966416e-05,0.8383848682527433
202611,2026-11-18,0.13424657534246576,48490.0,42100.0,call,0,6530.0,0.264076320924543,2.7240629386809668e-05,0.0
202611,2026-11-18,0.13424657534246576,48490.0,42100.0,put,15,161.0,0.27300624024459624,2.821912079414912e-05,0.20525177509624362
202611,2026-11-18,0.13424657534246576,48490.0,42200.0,call,0,6440.0,0.26488933273515947,2.835047062699513e-05,0.0
202611,2026-11-18,0.13424657534246576,48490.0,42200.0,put,10,167.0,0.27187405185062646,2.9093834339365863e-05,0.14107600271158507
202611,2026-11-18,0.13424657534246576,48490.0,42300.0,call,0,6350.0,0.26548949277418993,2.944850451206072e-05,0.0
202611,2026-11-18,0.13424657534246576,48490.0,42300.0,put,10,175.0,0.27143751252056764,3.005872901133868e-05,0.14575477697598127
202611,2026-11-18,0.13424657534246576,48490.0,42400.0,call,0,6250.0,0.26193776131318697,3.0118005286497004e-05,0.0
202611,2026-11-18,0.13424657534246576,48490.0,42400.0,put,5,180.0,0.2697444615348188,3.092180813098329e-05,0.074969923813569
202611,2026-11-18,0.13424657534246576,48490.0,42500.0,call,0,6160.0,0.2623082484680768,3.123601461352012e-05,0.0
202611,2026-11-18,0.13424657534246576,48490.0,42500.0,put,31,188.0,0.2691041847340484,3.190824946296861e-05,0.47964161510239794
202611,2026-11-18,0.13424657534246576,48490.0,42600.0,call,0,6070.0,0.2625013440141444,3.234932902295576e-05,0.0
202611,2026-11-18,0.13424657534246576,48490.0,42600.0,put,13,190.0,0.2661855388679786,3.270547948153042e-05,0.20616553100772333
202611,2026-11-18,0.13424657534246576,48490.0,42700.0,call,0,5980.0,0.26253041659423676,3.346082499239439e-05,0.0
202611,2026-11-18,0.13424657534246576,48490.0,42700.0,put,1,203.0,0.26714840145649654,3.388066033846396e-05,0.016428732198121174
202611,2026-11-18,0.13424657534246576,48490.0,42800.0,call,0,5880.0,0.25887470778093247,3.4243786722348966e-05,0.0
202611,2026-11-18,0.13424657534246576,48490.0,42800.0,put,3,216.0,0.267898433537768,3.504069357789974e-05,0.05097369694777075
202611,2026-11-18,0.13424657534246576,48490.0,42900.0,call,0,5790.0,0.25871826451926555,3.538699769562305e-05,0.0
202611,2026-11-18,0.13424657534246576,48490.0,42900.0,put,5,220.0,0.26549282939072155,3.596320702145394e-05,0.08719279542351509
202611,2026-11-18,0.13424657534246576,48490.0,43000.0,call,1,5700.0,0.25842001645517465,3.653404348975491e-05,0.017715357688182155
202611,2026-11-18,0.13424657534246576,48490.0,43000.0,put,123,225.0,0.2633776040562816,3.6937485289547035e-05,2.203051353878867
202611,2026-11-18,0.13424657534246576,48490.0,43100.0,call,0,5610.0,0.25798862958733926,3.768720625310481e-05,0.0
202611,2026-11-18,0.13424657534246576,48490.0,43100.0,put,10,235.0,0.26280696745139914,3.805390522309434e-05,0.18452338642678448
202611,2026-11-18,0.13424657534246576,48490.0,43200.0,call,1,5520.0,0.2574317227242695,3.8848630710853e-05,0.01883770103169262
202611,2026-11-18,0.13424657534246576,48490.0,43200.0,put,10,244.0,0.2618112925030252,3.9159607585042366e-05,0.18988493717987043
202611,2026-11-18,0.13424657534246576,48490.0,43300.0,call,0,5430.0,0.2567560271117503,4.002035566097381e-05,0.0
202611,2026-11-18,0.13424657534246576,48490.0,43300.0,put,15,254.0,0.2610216099185504,4.02997363272187e-05,0.2931201321760252
202611,2026-11-18,0.13424657534246576,48490.0,43400.0,call,0,5340.0,0.25596751539750706,4.1204340308970755e-05,0.0
202611,2026-11-18,0.13424657534246576,48490.0,43400.0,put,10,263.0,0.25983200167390147,4.1436682134784016e-05,0.20092647167156769
202611,2026-11-18,0.13424657534246576,48490.0,43500.0,call,0,5250.0,0.2550715067699039,4.240248666303818e-05,0.0
202611,2026-11-18,0.13424657534246576,48490.0,43500.0,put,13,274.0,0.25912916716721146,4.26218341646716e-05,0.26867525602384035
202611,2026-11-18,0.13424657534246576,48490.0,43600.0,call,0,5160.0,0.25407275337571184,4.361665891642779e-05,0.0
202611,2026-11-18,0.13424657534246576,48490.0,43600.0,put,2,286.0,0.25859495212182776,4.383186118930476e-05,0.04250813898138776
202611,2026-11-18,0.13424657534246576,48490.0,43700.0,call,0,5070.0,0.2529755118757113,4.4848700531407034e-05,0.0
202611,2026-11-18,0.13424657534246576,48490.0,43700.0,put,5,297.0,0.25766831774380794,4.504211342729413e-05,0.10920460400447461
202611,2026-11-18,0.13424657534246576,48490.0,43800.0,call,1,4990.0,0.2544953462221458,4.6199715125730384e-05,0.022402241864466665
202611,2026-11-18,0.13424657534246576,48490.0,43800.0,put,5,309.0,0.256906873911201,4.627679105371753e-05,0.11219807990973815
202611,2026-11-18,0.13424657534246576,48490.0,43900.0,call,0,4900.0,0.25315370243823765,4.745342553061984e-05,0.0
202611,2026-11-18,0.13424657534246576,48490.0,43900.0,put,6,322.0,0.2562961197450687,4.7531454889820286e-05,0.13828801485644313
202611,2026-11-18,0.13424657534246576,48490.0,44000.0,call,1,4810.0,0.2517267383003098,4.873078809067756e-05,0.02362955914516955
202611,2026-11-18,0.13424657534246576,48490.0,44000.0,put,56,330.0,0.25429493374626927,4.877857580422027e-05,1.3245529588181189
202611,2026-11-18,0.13424657534246576,48490.0,44100.0,call,0,4730.0,0.25273409834550775,5.006303003631616e-05,0.0
202611,2026-11-18,0.13424657534246576,48490.0,44100.0,put,0,347.0,0.2544805104385963,5.007712029346493e-05,0.0
202611,2026-11-18,0.13424657534246576,48490.0,44200.0,call,0,4640.0,0.25109502261867583,5.137489186040705e-05,0.0
202611,2026-11-18,0.13424657534246576,48490.0,44200.0,put,2,370.0,0.25595967544480763,5.136743107421249e-05,0.04981613465577127
202611,2026-11-18,0.13424657534246576,48490.0,44300.0,call,0,4550.0,0.24937961223860747,5.2716041715685615e-05,0.0
202611,2026-11-18,0.13424657534246576,48490.0,44300.0,put,40,376.0,0.2532069857050304,5.2685045897070955e-05,1.0218791502195883
202611,2026-11-18,0.13424657534246576,48490.0,44400.0,call,1,4470.0,0.2499447788561437,5.405392591262306e-05,0.026210748675030923
202611,2026-11-18,0.13424657534246576,48490.0,44400.0,put,8,391.0,0.2525120567859989,5.400662531323959e-05,0.20950250091511902
202611,2026-11-18,0.13424657534246576,48490.0,44500.0,call,0,4390.0,0.2503342277481448,5.538170593727314e-05,0.0
202611,2026-11-18,0.13424657534246576,48490.0,44500.0,put,64,408.0,0.2521565410765436,5.5328706725583006e-05,1.7170489530390527
202611,2026-11-18,0.13424657534246576,48490.0,44600.0,call,0,4300.0,0.24832011110354935,5.678708230199078e-05,0.0
202611,2026-11-18,0.13424657534246576,48490.0,44600.0,put,24,411.0,0.24854468827897686,5.677896812240259e-05,0.6607709194212723
202611,2026-11-18,0.13424657534246576,48490.0,44700.0,call,0,4220.0,0.24843987461180572,5.81283083245616e-05,0.0
202611,2026-11-18,0.13424657534246576,48490.0,44700.0,put,21,428.0,0.24800081863864032,5.814901027886745e-05,0.5921255567686793
202611,2026-11-18,0.13424657534246576,48490.0,44800.0,call,0,4140.0,0.2484075305134109,5.946863835289971e-05,0.0
202611,2026-11-18,0.13424657534246576,48490.0,44800.0,put,5,455.0,0.24947807998376284,5.940497398442127e-05,0.14402735942522937
202611,2026-11-18,0.13424657534246576,48490.0,44900.0,call,0,4060.0,0.24823042312410554,6.081110205374392e-05,0.0
202611,2026-11-18,0.13424657534246576,48490.0,44900.0,put,3,476.0,0.2494873942827411,6.072196365081419e-05,0.0883322405228394
202611,2026-11-18,0.13424657534246576,48490.0,45000.0,call,8,3980.0,0.24791501951697067,6.21585179887234e-05,0.24112532298185582
202611,2026-11-18,0.13424657534246576,48490.0,45000.0,put,182,496.0,0.24914646856746903,6.205720628009234e-05,5.476660157189453
202611,2026-11-18,0.13424657534246576,48490.0,45100.0,call,0,3900.0,0.2474670288604572,6.351353786758496e-05,0.0
202611,2026-11-18,0.13424657534246576,48490.0,45100.0,put,2,515.0,0.2484735397333242,6.341932056044093e-05,0.06150405707951561
202611,2026-11-18,0.13424657534246576,48490.0,45200.0,call,0,3820.0,0.24689149989359588,6.487868361654751e-05,0.0
202611,2026-11-18,0.13424657534246576,48490.0,45200.0,put,0,535.0,0.24787922012055336,6.477484287281766e-05,0.0
202611,2026-11-18,0.13424657534246576,48490.0,45300.0,call,0,3740.0,0.24619290105504313,6.62563789059114e-05,0.0
202611,2026-11-18,0.13424657534246576,48490.0,45300.0,put,16,540.0,0.24424632996907636,6.648205305027947e-05,0.5157943603852881
202611,2026-11-18,0.13424657534246576,48490.0,45400.0,call,0,3660.0,0.24537518669849825,6.764897639745353e-05,0.0
202611,2026-11-18,0.13424657534246576,48490.0,45400.0,put,10,575.0,0.24632846874505526,6.75264054147725e-05,0.32743553985623186
202611,2026-11-18,0.13424657534246576,48490.0,45500.0,call,1,3580.0,0.2444418520236256,6.905878169305149e-05,0.03348660324296067
202611,2026-11-18,0.13424657534246576,48490.0,45500.0,put,32,600.0,0.24631497862472923,6.879524056747494e-05,1.0674819888373952
202611,2026-11-18,0.13424657534246576,48490.0,45600.0,call,1,3500.0,0.24339597876550173,7.048807475918228e-05,0.03417966745072749
202611,2026-11-18,0.13424657534246576,48490.0,45600.0,put,10,620.0,0.24523925948388817,7.020637376355166e-05,0.340430706379462
202611,2026-11-18,0.13424657534246576,48490.0,45700.0,call,0,3430.0,0.2440552206361615,7.163930359954348e-05,0.0
202611,2026-11-18,0.13424657534246576,48490.0,45700.0,put,20,645.0,0.24496047808117663,7.148974591876197e-05,0.6933075559201536
202611,2026-11-18,0.13424657534246576,48490.0,45800.0,call,0,3350.0,0.2427651125644098,7.309624565995159e-05,0.0
202611,2026-11-18,0.13424657534246576,48490.0,45800.0,put,22,670.0,0.2445477473349777,7.277965524297395e-05,0.7763988062009975
202611,2026-11-18,0.13424657534246576,48490.0,45900.0,call,0,3280.0,0.2431283457671165,7.424501770124474e-05,0.0
202611,2026-11-18,0.13424657534246576,48490.0,45900.0,put,23,695.0,0.24400527531910232,7.407849833555411e-05,0.8261752683869344
202611,2026-11-18,0.13424657534246576,48490.0,46000.0,call,7,3210.0,0.24333675589211798,7.538857240466081e-05,0.2558914313131402
202611,2026-11-18,0.13424657534246576,48490.0,46000.0,put,52,725.0,0.24419969952571013,7.521433503300908e-05,1.8965144149903173
202611,2026-11-18,0.13424657534246576,48490.0,46100.0,call,1,3130.0,0.2416935925316861,7.689512471675762e-05,0.03728644597515577
202611,2026-11-18,0.13424657534246576,48490.0,46100.0,put,1,750.0,0.2433962861746783,7.652974386018025e-05,0.03710927279780141
202611,2026-11-18,0.13424657534246576,48490.0,46200.0,call,2,3060.0,0.24163407654468697,7.805125452526107e-05,0.07569410663859819
202611,2026-11-18,0.13424657534246576,48490.0,46200.0,put,2,775.0,0.2424735391211743,7.78608112060713e-05,0.07550941470764795
202611,2026-11-18,0.13424657534246576,48490.0,46300.0,call,1,2990.0,0.24143383345541053,7.920964308621292e-05,0.038408755932504646
202611,2026-11-18,0.13424657534246576,48490.0,46300.0,put,3,805.0,0.24226174726499625,7.901195928245228e-05,0.11493869716818333
202611,2026-11-18,0.13424657534246576,48490.0,46400.0,call,1,2920.0,0.24109698813384758,8.037261569754549e-05,0.03897268135173981
202611,2026-11-18,0.13424657534246576,48490.0,46400.0,put,5,835.0,0.24191409998494567,8.016782660196631e-05,0.1943668955964673
202611,2026-11-18,0.13424657534246576,48490.0,46500.0,call,4,2850.0,0.2406271298932306,8.154235942719653e-05,0.1581595603449904
202611,2026-11-18,0.13424657534246576,48490.0,46500.0,put,8,865.0,0.2414341270218487,8.133056128415538e-05,0.31549751333349557
202611,2026-11-18,0.13424657534246576,48490.0,46600.0,call,0,2780.0,0.2400273632002112,8.272095057646473e-05,0.0
202611,2026-11-18,0.13424657534246576,48490.0,46600.0,put,12,895.0,0.2408248813566615,8.250220441609458e-05,0.4800638270563712
202611,2026-11-18,0.13424657534246576,48490.0,46700.0,call,5,2710.0,0.23930034910740894,8.391037809989429e-05,0.20344071170319372
202611,2026-11-18,0.13424657534246576,48490.0,46700.0,put,6,930.0,0.2408771415927721,8.34601922339074e-05,0.2428190832853302
202611,2026-11-18,0.13424657534246576,48490.0,46800.0,call,2,2640.0,0.23844833886351136,8.511256377551682e-05,0.08254216434949621
202611,2026-11-18,0.13424657534246576,48490.0,46800.0,put,4,960.0,0.2400085178198895,8.464860644063085e-05,0.16418443705224758
202611,2026-11-18,0.13424657534246576,48490.0,46900.0,call,6,2580.0,0.23901780007149398,8.585159186544807e-05,0.24977662137333462
202611,2026-11-18,0.13424657534246576,48490.0,46900.0,put,6,995.0,0.23978956292959036,8.561461047004374e-05,0.24908714770154528
202611,2026-11-18,0.13424657534246576,48490.0,47000.0,call,16,2530.0,0.24096273292894316,8.610344554056164e-05,0.6680249718818934
202611,2026-11-18,0.13424657534246576,48490.0,47000.0,put,83,1030.0,0.2394351934770554,8.658455555748437e-05,3.484742632155406
202611,2026-11-18,0.13424657534246576,48490.0,47100.0,call,1,2450.0,0.23819079479057387,8.780818078338778e-05,0.042578186861864736
202611,2026-11-18,0.13424657534246576,48490.0,47100.0,put,7,1070.0,0.2397049930480182,8.731348638211405e-05,0.2963681668268097
202611,2026-11-18,0.13424657534246576,48490.0,47200.0,call,1,2380.0,0.2368285229055002,8.905147996695301e-05,0.043181062635975515
202611,2026-11-18,0.13424657534246576,48490.0,47200.0,put,5,1090.0,0.23682852290550074,8.905147996695282e-05,0.21590531317987713
202611,2026-11-18,0.13424657534246576,48490.0,47300.0,call,1,2320.0,0.23683887013264446,8.979363655937796e-05,0.04354093436764237
202611,2026-11-18,0.13424657534246576,48490.0,47300.0,put,7,1130.0,0.23683887013264407,8.979363655937808e-05,0.304786540573497
202611,2026-11-18,0.13424657534246576,48490.0,47400.0,call,1,2260.0,0.2367095598097834,9.05364241691086e-05,0.043901112079600756
202611,2026-11-18,0.13424657534246576,48490.0,47400.0,put,6,1170.0,0.23670955980978314,9.05364241691087e-05,0.26340667247760485
202611,2026-11-18,0.13424657534246576,48490.0,47500.0,call,44,2200.0,0.23644308476884565,9.128124455807634e-05,1.9475401213932935
202611,2026-11-18,0.13424657534246576,48490.0,47500.0,put,19,1210.0,0.23644308476884623,9.128124455807612e-05,0.8409832342380112
202611,2026-11-18,0.13424657534246576,48490.0,47600.0,call,3,2140.0,0.23604149045609701,9.202936632243455e-05,0.13387511918924555
202611,2026-11-18,0.13424657534246576,48490.0,47600.0,put,0,1250.0,0.23604149045609701,9.202936632243455e-05,0.0
202611,2026-11-18,0.13424657534246576,48490.0,47700.0,call,6,2080.0,0.23550640042805526,9.278194041106465e-05,0.26993977743195147
202611,2026-11-18,0.13424657534246576,48490.0,47700.0,put,8,1290.0,0.235506400428056,9.278194041106435e-05,0.3599197032426008
202611,2026-11-18,0.13424657534246576,48490.0,47800.0,call,7,2020.0,0.23483903525942595,9.354001203110372e-05,0.3175028628371754
202611,2026-11-18,0.13424657534246576,48490.0,47800.0,put,6,1330.0,0.23483903525942632,9.354001203110357e-05,0.27214531100329276
202611,2026-11-18,0.13424657534246576,48490.0,47900.0,call,17,1960.0,0.2340402254770567,9.430452931055021e-05,0.7773805264656585
202611,2026-11-18,0.13424657534246576,48490.0,47900.0,put,15,1370.0,0.23404022547705666,9.430452931055021e-05,0.6859239939402869
202611,2026-11-18,0.13424657534246576,48490.0,48000.0,call,48,1910.0,0.23453977999719355,9.450398198092095e-05,2.199599081402331
202611,2026-11-18,0.13424657534246576,48490.0,48000.0,put,9,1420.0,0.23453977999719422,9.450398198092069e-05,0.412424827762936
202611,2026-11-18,0.13424657534246576,48490.0,48100.0,call,7,1850.0,0.23347391719299082,9.527566489577444e-05,0.32339418935572717
202611,2026-11-18,0.13424657534246576,48490.0,48100.0,put,5,1470.0,0.23489809021198738,9.470205533973707e-05,0.22960513317119252
202611,2026-11-18,0.13424657534246576,48490.0,48200.0,call,23,1800.0,0.23369751913238881,9.547416521745048e-05,1.06479472242066
202611,2026-11-18,0.13424657534246576,48490.0,48200.0,put,18,1510.0,0.2336975191323887,9.547416521745052e-05,0.8333176088509516
202611,2026-11-18,0.13424657534246576,48490.0,48300.0,call,12,1750.0,0.23378304298127894,9.567230819092236e-05,0.5566980269013391
202611,2026-11-18,0.13424657534246576,48490.0,48300.0,put,0,1560.0,0.23378304298127908,9.567230819092229e-05,0.0
202611,2026-11-18,0.13424657534246576,48490.0,48400.0,call,5,1700.0,0.23373187904415668,9.5870410229601e-05,0.2324378096016676
202611,2026-11-18,0.13424657534246576,48490.0,48400.0,put,0,1610.0,0.23373187904415613,9.587041022960123e-05,0.0
202611,2026-11-18,0.13424657534246576,48490.0,48500.0,call,12,1650.0,0.233545005953529,9.606865352952572e-05,0.5590042811576043
202611,2026-11-18,0.13424657534246576,48490.0,48500.0,put,4,1660.0,0.23354500595352903,9.60686535295257e-05,0.18633476038586805
202611,2026-11-18,0.13424657534246576,48490.0,48600.0,call,37,1600.0,0.2332230008223331,9.62670898594274e-05,1.727156739294945
202611,2026-11-18,0.13424657534246576,48490.0,48600.0,put,5,1710.0,0.23322300082233333,9.626708985942729e-05,0.2333995593641815
202611,2026-11-18,0.13424657534246576,48490.0,48700.0,call,5,1550.0,0.232766043583083,9.646564066982614e-05,0.2338809458039935
202611,2026-11-18,0.13424657534246576,48490.0,48700.0,put,0,1760.0,0.23276604358308364,9.646564066982589e-05,0.0
202611,2026-11-18,0.13424657534246576,48490.0,48800.0,call,7,1500.0,0.23217391563154854,9.666409353474685e-05,0.32810693268499125
202611,2026-11-18,0.13424657534246576,48490.0,48800.0,put,1,1810.0,0.23217391563154785,9.666409353474712e-05,0.046872418954998885
202611,2026-11-18,0.13424657534246576,48490.0,48900.0,call,8,1450.0,0.23144599270178115,9.686209477160645e-05,0.37574743803801575
202611,2026-11-18,0.13424657534246576,48490.0,48900.0,put,0,1860.0,0.23144599270178068,9.686209477160667e-05,0.0
202611,2026-11-18,0.13424657534246576,48490.0,49000.0,call,70,1420.0,0.23341214398436796,9.589758217965634e-05,3.255051631924075
202611,2026-11-18,0.13424657534246576,48490.0,49000.0,put,4,1920.0,0.23199674546721552,9.647487750470038e-05,0.18712267240811686
202611,2026-11-18,0.13424657534246576,48490.0,49100.0,call,4,1360.0,0.23099696309428178,9.666921169016945e-05,0.18749960299425267
202611,2026-11-18,0.13424657534246576,48490.0,49100.0,put,0,1970.0,0.2309969630942819,9.666921169016941e-05,0.0
202611,2026-11-18,0.13424657534246576,48490.0,49200.0,call,6,1320.0,0.23128066545256037,9.628178061047927e-05,0.2801222125081284
202611,2026-11-18,0.13424657534246576,48490.0,49200.0,put,0,2030.0,0.23128066545255968,9.628178061047954e-05,0.0
202611,2026-11-18,0.13424657534246576,48490.0,49300.0,call,6,1280.0,0.23143262660610234,9.58959933389804e-05,0.2789998030204296
202611,2026-11-18,0.13424657534246576,48490.0,49300.0,put,1,2090.0,0.2314326266061016,9.58959933389807e-05,0.04649996717007174
202611,2026-11-18,0.13424657534246576,48490.0,49400.0,call,1,1240.0,0.23145275736629747,9.551088749261556e-05,0.04631322934516928
202611,2026-11-18,0.13424657534246576,48490.0,49400.0,put,0,2140.0,0.23001944844443037,9.607823434164377e-05,0.0
202611,2026-11-18,0.13424657534246576,48490.0,49500.0,call,9,1190.0,0.22990072068443904,9.568665119194472e-05,0.4175861144667659
202611,2026-11-18,0.13424657534246576,48490.0,49500.0,put,0,2200.0,0.2299007206844391,9.56866511919447e-05,0.0
202611,2026-11-18,0.13424657534246576,48490.0,49600.0,call,32,1150.0,0.22964791108743224,9.529335158795226e-05,1.4786478779199377
202611,2026-11-18,0.13424657534246576,48490.0,49600.0,put,0,2260.0,0.22964791108743246,9.529335158795216e-05,0.0
202611,2026-11-18,0.13424657534246576,48490.0,49700.0,call,5,1120.0,0.23071548790035942,9.434816110950775e-05,0.22874711661000152
202611,2026-11-18,0.13424657534246576,48490.0,49700.0,put,0,2320.0,0.22925970370453222,9.489692843734413e-05,0.0
202611,2026-11-18,0.13424657534246576,48490.0,49800.0,call,5,1080.0,0.2301995912443057,9.395355579625487e-05,0.22779039602801993
202611,2026-11-18,0.13424657534246576,48490.0,49800.0,put,0,2380.0,0.22873434324773126,9.449579961880967e-05,0.0
202611,2026-11-18,0.13424657534246576,48490.0,49900.0,call,32,1040.0,0.22954540653780928,9.355271989892854e-05,1.4516388441276944
202611,2026-11-18,0.13424657534246576,48490.0,49900.0,put,0,2450.0,0.22954540653780883,9.35527198989287e-05,0.0
202611,2026-11-18,0.13424657534246576,48490.0,50000.0,call,259,1000.0,0.22875028044130247,9.314370491582099e-05,11.697834071043534
202611,2026-11-18,0.13424657534246576,48490.0,50000.0,put,0,2510.0,0.22875028044130308,9.314370491582074e-05,0.0
202611,2026-11-18,0.13424657534246576,48490.0,50100.0,call,8,970.0,0.22931004241544597,9.220904831277523e-05,0.3576973402149177
202611,2026-11-18,0.13424657534246576,48490.0,50100.0,put,0,2570.0,0.22781101616103608,9.272429853500627e-05,0.0
202611,2026-11-18,0.13424657534246576,48490.0,50200.0,call,6,930.0,0.22823696890509576,9.17845488462156e-05,0.2670379664131797
202611,2026-11-18,0.13424657534246576,48490.0,50200.0,put,0,2640.0,0.22823696890509595,9.178454884621555e-05,0.0
202611,2026-11-18,0.13424657534246576,48490.0,50300.0,call,27,900.0,0.22853975467859933,9.085088915215305e-05,1.1894470960467336
202611,2026-11-18,0.13424657534246576,48490.0,50300.0,put,0,2710.0,0.22853975467859897,9.085088915215319e-05,0.0
202611,2026-11-18,0.13424657534246576,48490.0,50400.0,call,22,870.0,0.2287181625504203,8.99213249050804e-05,0.9592627098224168
202611,2026-11-18,0.13424657534246576,48490.0,50400.0,put,0,2770.0,0.22717667643584008,9.040163829025902e-05,0.0
202611,2026-11-18,0.13424657534246576,48490.0,50500.0,call,21,815.0,0.22487253742578936,9.01681897545367e-05,0.9181736594514719
202611,2026-11-18,0.13424657534246576,48490.0,50500.0,put,0,2840.0,0.2272132820403273,8.946022039478391e-05,0.0
202611,2026-11-18,0.13424657534246576,48490.0,50600.0,call,12,810.0,0.2286951060186763,8.806599119088344e-05,0.5124383895415126
202611,2026-11-18,0.13424657534246576,48490.0,50600.0,put,0,2910.0,0.22712071142651613,8.85182863674226e-05,0.0
202611,2026-11-18,0.13424657534246576,48490.0,50700.0,call,6,765.0,0.226098853461915,8.779363065801433e-05,0.2554267890364269
202611,2026-11-18,0.13424657534246576,48490.0,50700.0,put,0,2980.0,0.2268964466118147,8.757338384422703e-05,0.0
202611,2026-11-18,0.13424657534246576,48490.0,50800.0,call,24,745.0,0.2273442499893637,8.641111942490427e-05,1.005618043419266
202611,2026-11-18,0.13424657534246576,48490.0,50800.0,put,0,3050.0,0.2265374816458341,8.662286902921896e-05,0.0
202611,2026-11-18,0.13424657534246576,48490.0,50900.0,call,25,720.0,0.22767436377426153,8.525685306497607e-05,1.0335262012801723
202611,2026-11-18,0.13424657534246576,48490.0,50900.0,put,0,3120.0,0.22604027018130296,8.566386624276783e-05,0.0
202611,2026-11-18,0.13424657534246576,48490.0,51000.0,call,67,680.0,0.22540066085294128,8.46932192805772e-05,2.7515387159531763
202611,2026-11-18,0.13424657534246576,48490.0,51000.0,put,0,3200.0,0.22705795388090816,8.430262314787913e-05,0.0
202611,2026-11-18,0.13424657534246576,48490.0,51100.0,call,65,665.0,0.2271356056961344,8.314820469821622e-05,2.6207066897807283
202611,2026-11-18,0.13424657534246576,48490.0,51100.0,put,0,3270.0,0.22629625678213,8.33341564966936e-05,0.0
202611,2026-11-18,0.13424657534246576,48490.0,51200.0,call,5,640.0,0.22708805375695235,8.199411041185766e-05,0.19879472069354892
202611,2026-11-18,0.13424657534246576,48490.0,51200.0,put,0,3350.0,0.2270880537569513,8.199411041185788e-05,0.0
202611,2026-11-18,0.13424657534246576,48490.0,51300.0,call,5,615.0,0.22691211052460042,8.08375421114135e-05,0.19599062084912203
202611,2026-11-18,0.13424657534246576,48490.0,51300.0,put,0,3420.0,0.22604779692517388,8.100457050489265e-05,0.0
202611,2026-11-18,0.13424657534246576,48490.0,51400.0,call,11,590.0,0.22660406388083595,7.967550544980877e-05,0.42498117851873496
202611,2026-11-18,0.13424657534246576,48490.0,51400.0,put,0,3490.0,0.22484600539787897,7.998957920459852e-05,0.0
202611,2026-11-18,0.13424657534246576,48490.0,51500.0,call,27,575.0,0.22794029924296524,7.82112356722691e-05,1.0239649607920487
202611,2026-11-18,0.13424657534246576,48490.0,51500.0,put,0,3570.0,0.22526650158724565,7.865133290464274e-05,0.0
202611,2026-11-18,0.13424657534246576,48490.0,51600.0,call,7,545.0,0.22648093040316516,7.718590102973504e-05,0.26199210386522964
202611,2026-11-18,0.13424657534246576,48490.0,51600.0,put,0,3650.0,0.22557377584707625,7.732178727887127e-05,0.0
202611,2026-11-18,0.13424657534246576,48490.0,51700.0,call,10,525.0,0.22668725019341707,7.587330692386165e-05,0.36790966527380514
202611,2026-11-18,0.13424657534246576,48490.0,51700.0,put,0,3730.0,0.2257651610149593,7.599824882912881e-05,0.0
202611,2026-11-18,0.13424657534246576,48490.0,51800.0,call,7,500.0,0.22583756280581402,7.467791998191865e-05,0.2534792637946265
202611,2026-11-18,0.13424657534246576,48490.0,51800.0,put,0,3800.0,0.22395407240082343,7.490310510988504e-05,0.0
202611,2026-11-18,0.13424657534246576,48490.0,51900.0,call,10,481.0,0.22597862464986476,7.333753682043647e-05,0.35561371604229647
202611,2026-11-18,0.13424657534246576,48490.0,51900.0,put,0,3880.0,0.223869191653533,7.355907445400342e-05,0.0
202611,2026-11-18,0.13424657534246576,48490.0,52000.0,call,40,480.0,0.22948586436020663,7.16690714883411e-05,1.3900933105878641
202611,2026-11-18,0.13424657534246576,48490.0,52000.0,put,0,3960.0,0.22365515933476768,7.221119609202511e-05,0.0
202611,2026-11-18,0.13424657534246576,48490.0,52100.0,call,15,443.0,0.22589840111812834,7.065979304768339e-05,0.5139440047323252
202611,2026-11-18,0.13424657534246576,48490.0,52100.0,put,0,4050.0,0.2253023829867239,7.070592486424542e-05,0.0
202611,2026-11-18,0.13424657534246576,48490.0,52200.0,call,22,414.0,0.22363603577000812,6.944139495774414e-05,0.7407869131302229
202611,2026-11-18,0.13424657534246576,48490.0,52200.0,put,0,4130.0,0.22485735804418855,6.936710496380021e-05,0.0
202611,2026-11-18,0.13424657534246576,48490.0,52300.0,call,11,403.0,0.22489161888465387,6.798504554805923e-05,0.36262543444879314
202611,2026-11-18,0.13424657534246576,48490.0,52300.0,put,0,4210.0,0.22426927038305233,6.801457739932723e-05,0.0
202611,2026-11-18,0.13424657534246576,48490.0,52400.0,call,11,391.0,0.22585944645867884,6.656504119266153e-05,0.3550512732175374
202611,2026-11-18,0.13424657534246576,48490.0,52400.0,put,0,4290.0,0.22353091712626785,6.664398498146418e-05,0.0
202611,2026-11-18,0.13424657534246576,48490.0,52500.0,call,16,390.0,0.22908948227303264,6.510225957467764e-05,0.505089370684179
202611,2026-11-18,0.13424657534246576,48490.0,52500.0,put,0,4380.0,0.22480481347386919,6.521117825424063e-05,0.0
202611,2026-11-18,0.13424657534246576,48490.0,52600.0,call,2,359.0,0.2257852040357261,6.380920190563045e-05,0.061882164008080415
202611,2026-11-18,0.13424657534246576,48490.0,52600.0,put,0,4460.0,0.22379766008919647,6.382381779152872e-05,0.0
202611,2026-11-18,0.13424657534246576,48490.0,52700.0,call,1,344.0,0.22578599581738945,6.242739787374161e-05,0.03027104522897731
202611,2026-11-18,0.13424657534246576,48490.0,52700.0,put,0,4540.0,0.22261664369699782,6.240477789830763e-05,0.0
202611,2026-11-18,0.13424657534246576,48490.0,52800.0,call,7,329.0,0.22566530955330671,6.104405885435828e-05,0.20720184896934832
202611,2026-11-18,0.13424657534246576,48490.0,52800.0,put,0,4630.0,0.22358530553304545,6.100515739698175e-05,0.0
202611,2026-11-18,0.13424657534246576,48490.0,52900.0,call,4,315.0,0.2256531516386565,5.9662651350874386e-05,0.11572167856015596
202611,2026-11-18,0.13424657534246576,48490.0,52900.0,put,0,4710.0,0.2220920244075992,5.954454210189368e-05,0.0
202611,2026-11-18,0.13424657534246576,48490.0,53000.0,call,50,292.0,0.22333795873709428,5.818424170926113e-05,1.4106769402410362
202611,2026-11-18,0.13424657534246576,48490.0,53000.0,put,0,4800.0,0.22284973882593692,5.8161061546717024e-05,0.0
202611,2026-11-18,0.13424657534246576,48490.0,53100.0,call,0,288.0,0.22550601021297678,5.690394875100482e-05,0.0
202611,2026-11-18,0.13424657534246576,48490.0,53100.0,put,0,4890.0,0.2235203396339681,5.6794714507214955e-05,0.0
202611,2026-11-18,0.13424657534246576,48490.0,53200.0,call,3,275.0,0.22537163635506072,5.5526635633795615e-05,0.08077459685648247
202611,2026-11-18,0.13424657534246576,48490.0,53200.0,put,0,4970.0,0.22153270484372034,5.52596874578048e-05,0.0
202611,2026-11-18,0.13424657534246576,48490.0,53300.0,call,4,263.0,0.22537023568728298,5.416368100542441e-05,0.10505587567812119
202611,2026-11-18,0.13424657534246576,48490.0,53300.0,put,0,5060.0,0.22196229662253192,5.389170240714326e-05,0.0
202611,2026-11-18,0.13424657534246576,48490.0,53400.0,call,7,251.0,0.2252493871937333,5.2799190963305526e-05,0.17921629388674795
202611,2026-11-18,0.13424657534246576,48490.0,53400.0,put,0,5150.0,0.2222925428275076,5.2533086545980675e-05,0.0
202611,2026-11-18,0.13424657534246576,48490.0,53500.0,call,10,240.0,0.22527648577517484,5.145620989027505e-05,0.24951116175794372
202611,2026-11-18,0.13424657534246576,48490.0,53500.0,put,0,5240.0,0.22251942436338165,5.11813511193889e-05,0.0
202611,2026-11-18,0.13424657534246576,48490.0,53600.0,call,1,227.0,0.22462388381837947,5.005275640270751e-05,0.024270581579672875
202611,2026-11-18,0.13424657534246576,48490.0,53600.0,put,0,5330.0,0.22263838318896587,4.983390457469429e-05,0.0
202611,2026-11-18,0.13424657534246576,48490.0,53700.0,call,4,226.0,0.2272653387659335,4.90205450991203e-05,0.09508024927425374
202611,2026-11-18,0.13424657534246576,48490.0,53700.0,put,0,5420.0,0.22264423652438486,4.8488020084691465e-05,0.0
202611,2026-11-18,0.13424657534246576,48490.0,53800.0,call,2,210.0,0.22551871388019598,4.7520279582498814e-05,0.046085167139107354
202611,2026-11-18,0.13424657534246576,48490.0,53800.0,put,0,5510.0,0.2225310714090527,4.7140797187778076e-05,0.0
202611,2026-11-18,0.13424657534246576,48490.0,53900.0,call,1,201.0,0.22567281404140854,4.624730526232941e-05,0.02242531832170353
202611,2026-11-18,0.13424657534246576,48490.0,53900.0,put,0,5600.0,0.2222921139569504,4.578911574237578e-05,0.0
202611,2026-11-18,0.13424657534246576,48490.0,54000.0,call,125,193.0,0.22603046892302533,4.501946624092372e-05,2.7287423975279888
202611,2026-11-18,0.13424657534246576,48490.0,54000.0,put,0,5690.0,0.2219195656486499,4.4429579783467605e-05,0.0
202611,2026-11-18,0.13424657534246576,48490.0,54100.0,call,0,183.0,0.22565093134678912,4.370575060380403e-05,0.0
202611,2026-11-18,0.13424657534246576,48490.0,54100.0,put,0,5780.0,0.22140439605967538,4.3058447992634505e-05,0.0
202611,2026-11-18,0.13424657534246576,48490.0,54200.0,call,1,174.0,0.22546282224611958,4.2431852983866334e-05,0.020575205511876787
202611,2026-11-18,0.13424657534246576,48490.0,54200.0,put,0,5870.0,0.22073607717443758,4.167154622783473e-05,0.0
202611,2026-11-18,0.13424657534246576,48490.0,54300.0,call,4,166.0,0.22548846384686785,4.120672670378697e-05,0.0799245671146652
202611,2026-11-18,0.13424657534246576,48490.0,54300.0,put,0,5960.0,0.2199022380713025,4.026415568871443e-05,0.0
202611,2026-11-18,0.13424657534246576,48490.0,54400.0,call,0,158.0,0.2254001944223536,3.998090583497507e-05,0.0
202611,2026-11-18,0.13424657534246576,48490.0,54400.0,put,0,6050.0,0.21888820900725336,3.8830867464675496e-05,0.0
202611,2026-11-18,0.13424657534246576,48490.0,54500.0,call,27,151.0,0.22555356212267139,3.8814125875395215e-05,0.5081661801984367
202611,2026-11-18,0.13424657534246576,48490.0,54500.0,put,0,6150.0,0.2214997984393957,3.809305865311631e-05,0.0
202611,2026-11-18,0.13424657534246576,48490.0,54600.0,call,0,144.0,0.22560179036553193,3.764948569032243e-05,0.0
202611,2026-11-18,0.13424657534246576,48490.0,54600.0,put,0,6240.0,0.2202482191503461,3.6659143200609955e-05,0.0
202611,2026-11-18,0.13424657534246576,48490.0,54700.0,call,0,137.0,0.22553879922770853,3.648469727500097e-05,0.0
202611,2026-11-18,0.13424657534246576,48490.0,54700.0,put,0,6330.0,0.21877655392733264,3.518567211832404e-05,0.0
202611,2026-11-18,0.13424657534246576,48490.0,54800.0,call,3,131.0,0.22575490191052577,3.53913673802938e-05,0.05148382212811339
202611,2026-11-18,0.13424657534246576,48490.0,54800.0,put,0,6430.0,0.221296528760673,3.453375727147673e-05,0.0
202611,2026-11-18,0.13424657534246576,48490.0,54900.0,call,12,125.0,0.2258714069222888,3.430131824994819e-05,0.1995925106327985
202611,2026-11-18,0.13424657534246576,48490.0,54900.0,put,0,6520.0,0.21953672424436604,3.3042628518450555e-05,0.0
202611,2026-11-18,0.13424657534246576,48490.0,55000.0,call,65,124.0,0.2279716637817307,3.361054502785856e-05,1.0593539634605598
202611,2026-11-18,0.13424657534246576,48490.0,55000.0,put,0,6610.0,0.21749571265137402,3.149290179332277e-05,0.0
202611,2026-11-18,0.13424657534246576,48490.0,55100.0,call,4,112.0,0.225343910857669,3.203637254920127e-05,0.06213774819643078
202611,2026-11-18,0.13424657534246576,48490.0,55100.0,put,0,6710.0,0.21992092479018074,3.0922104495601536e-05,0.0
202611,2026-11-18,0.13424657534246576,48490.0,55200.0,call,3,111.0,0.22735441537959147,3.138537948169476e-05,0.04565631153202136
202611,2026-11-18,0.13424657534246576,48490.0,55200.0,put,0,6800.0,0.21751147237675156,2.9331268130082083e-05,0.0
202611,2026-11-18,0.13424657534246576,48490.0,55300.0,call,1,103.0,0.2261477328639045,3.0120980593293623e-05,0.014605663489688078
202611,2026-11-18,0.13424657534246576,48490.0,55300.0,put,0,6900.0,0.21988257570539127,2.8808522609482714e-05,0.0
202611,2026-11-18,0.13424657534246576,48490.0,55400.0,call,32,98.0,0.22618042754014658,2.9123201665551305e-05,0.4518988956040265
202611,2026-11-18,0.13424657534246576,48490.0,55400.0,put,0,6990.0,0.21704446734373975,2.7160555050452947e-05,0.0
202612,2026-12-16,0.21095890410958903,48620.0,25200.0,call,5,23350.0,0.2381302686857614,7.796983419297426e-13,1.8954466692312042e-09
202612,2026-12-16,0.21095890410958903,48620.0,25200.0,put,210,23.0,0.5877911802902318,1.120369176473969e-06,0.1143919336563452
202612,2026-12-16,0.21095890410958903,48620.0,25400.0,call,0,23150.0,0.2381302686857614,1.205360735464051e-12,0.0
202612,2026-12-16,0.21095890410958903,48620.0,25400.0,put,6,25.0,0.5871280040795995,1.200902491851758e-06,0.003503272749229948
202612,2026-12-16,0.21095890410958903,48620.0,25600.0,call,0,22950.0,0.2381302686857614,1.8474875069715646e-12,0.0
202612,2026-12-16,0.21095890410958903,48620.0,25600.0,put,15,25.5,0.5820003408115982,1.2404336839934772e-06,0.00904648285736443
202612,2026-12-16,0.21095890410958903,48620.0,25800.0,call,0,22750.0,0.2381302686857614,2.8079889466080932e-12,0.0
202612,2026-12-16,0.21095890410958903,48620.0,25800.0,put,10,26.0,0.5768754401630446,1.2810058488395512e-06,0.006228250437057898
202612,2026-12-16,0.21095890410958903,48620.0,26000.0,call,1,22560.0,0.2381302686857614,4.2328419298485275e-12,2.058007746292354e-09
202612,2026-12-16,0.21095890410958903,48620.0,26000.0,put,124,26.5,0.5717539667960617,1.3226527577197513e-06,0.07974114757961455
202612,2026-12-16,0.21095890410958903,48620.0,26200.0,call,0,22360.0,0.2381302686857614,6.32940512340623e-12,0.0
202612,2026-12-16,0.21095890410958903,48620.0,26200.0,put,7,27.5,0.5679241908320736,1.3797844350822775e-06,0.004695958346359023
202612,2026-12-16,0.21095890410958903,48620.0,26400.0,call,0,22160.0,0.2381302686857614,9.38982413155844e-12,0.0
202612,2026-12-16,0.21095890410958903,48620.0,26400.0,put,13,28.0,0.5627827524268522,1.4238343829730113e-06,0.008999487601019216
202612,2026-12-16,0.21095890410958903,48620.0,26600.0,call,0,21960.0,0.2381302686857614,1.3822400022098245e-11,0.0
202612,2026-12-16,0.21095890410958903,48620.0,26600.0,put,1,28.5,0.5576473304818167,1.46907240773112e-06,0.0007142630046388706
202612,2026-12-16,0.21095890410958903,48620.0,26800.0,call,119,21760.0,0.2381302686857614,2.0193279140679876e-11,1.168338705865628e-06
202612,2026-12-16,0.21095890410958903,48620.0,26800.0,put,42,29.5,0.5537086621132103,1.5302231544580236e-06,0.03124776890329463
202612,2026-12-16,0.21095890410958903,48620.0,27000.0,call,1,21560.0,0.2381302686857614,2.928140345386052e-11,1.4236618359266986e-08
202612,2026-12-16,0.21095890410958903,48620.0,27000.0,put,7,30.0,0.5485610792162746,1.578116395042783e-06,0.005370961338888608
202612,2026-12-16,0.21095890410958903,48620.0,27200.0,call,0,21360.0,0.2381302686857614,4.215035022795326e-11,0.0
202612,2026-12-16,0.21095890410958903,48620.0,27200.0,put,1,30.5,0.5434214251189873,1.627324959163718e-06,0.0007912053951453997
202612,2026-12-16,0.21095890410958903,48620.0,27400.0,call,0,21170.0,0.2381302686857614,6.024149819455222e-11,0.0
202612,2026-12-16,0.21095890410958903,48620.0,27400.0,put,16,31.5,0.5393939951270709,1.6929291146478314e-06,0.013169634168668409
202612,2026-12-16,0.21095890410958903,48620.0,27600.0,call,0,20970.0,0.2381302686857614,8.549389344541724e-11,0.0
202612,2026-12-16,0.21095890410958903,48620.0,27600.0,put,2,32.5,0.5353179764639875,1.7601461788527126e-06,0.0017115661443163777
202612,2026-12-16,0.21095890410958903,48620.0,27800.0,call,0,20770.0,0.2381302686857614,1.204972586652976e-10,0.0
202612,2026-12-16,0.21095890410958903,48620.0,27800.0,put,12,33.0,0.5301598314073407,1.8139269207898973e-06,0.010583175226656577
202612,2026-12-16,0.21095890410958903,48620.0,28000.0,call,0,20570.0,0.2381302686857614,1.6868579703183274e-10,0.0
202612,2026-12-16,0.21095890410958903,48620.0,28000.0,put,44,34.0,0.5260283059197114,1.8845136410511237e-06,0.04031502342027848
202612,2026-12-16,0.21095890410958903,48620.0,28200.0,call,0,20370.0,0.2381302686857614,2.345817857155009e-10,0.0
202612,2026-12-16,0.21095890410958903,48620.0,28200.0,put,8,35.0,0.5218568873061609,1.9569030682735205e-06,0.007611570174356685
202612,2026-12-16,0.21095890410958903,48620.0,28400.0,call,0,20170.0,0.2381302686857614,3.2409942619398364e-10,0.0
202612,2026-12-16,0.21095890410958903,48620.0,28400.0,put,3,35.5,0.5166904242840449,2.0157619552297488e-06,0.0029401903878981117
202612,2026-12-16,0.21095890410958903,48620.0,28600.0,call,0,19980.0,0.2381302686857614,4.4492100539741777e-10,0.0
202612,2026-12-16,0.21095890410958903,48620.0,28600.0,put,7,36.5,0.5124749863680701,2.091904021396162e-06,0.007119586146419698
202612,2026-12-16,0.21095890410958903,48620.0,28800.0,call,0,19780.0,0.2381302686857614,6.06959100718406e-10,0.0
202612,2026-12-16,0.21095890410958903,48620.0,28800.0,put,6,37.5,0.5082265658993617,2.1700595830504825e-06,0.006330497815674869
202612,2026-12-16,0.21095890410958903,48620.0,29000.0,call,0,19580.0,0.2381302686857614,8.229203015837487e-10,0.0
202612,2026-12-16,0.21095890410958903,48620.0,29000.0,put,3,38.5,0.5039475389487523,2.250306265536863e-06,0.0032822967189120684
202612,2026-12-16,0.21095890410958903,48620.0,29200.0,call,0,19380.0,0.2381302686857614,1.1089876788018803e-09,0.0
202612,2026-12-16,0.21095890410958903,48620.0,29200.0,put,3,39.5,0.4996400922042977,2.332724633562999e-06,0.003402512150514991
202612,2026-12-16,0.21095890410958903,48620.0,29400.0,call,0,19180.0,0.2381302686857614,1.4856409575342374e-09,0.0
202612,2026-12-16,0.21095890410958903,48620.0,29400.0,put,5,40.5,0.4953062406332356,2.4173983968678353e-06,0.0058766955027857075
202612,2026-12-16,0.21095890410958903,48620.0,29600.0,call,0,18980.0,0.2381302686857614,1.9786349764065993e-09,0.0
202612,2026-12-16,0.21095890410958903,48620.0,29600.0,put,1,41.0,0.4901290922494239,2.4884193725147188e-06,0.0012098694989166562
202612,2026-12-16,0.21095890410958903,48620.0,29800.0,call,0,18790.0,0.2381302686857614,2.620158468552624e-09,0.0
202612,2026-12-16,0.21095890410958903,48620.0,29800.0,put,6,41.5,0.484965179466718,2.5615590463391427e-06,0.007472580049980547
202612,2026-12-16,0.21095890410958903,48620.0,30000.0,call,0,18590.0,0.2381302686857614,3.4501963939870616e-09,0.0
202612,2026-12-16,0.21095890410958903,48620.0,30000.0,put,78,42.0,0.4798144031279185,2.6368970085118284e-06,0.10000062739199916
202612,2026-12-16,0.21095890410958903,48620.0,30200.0,call,0,18390.0,0.2381302686857614,4.518119890552656e-09,0.0
202612,2026-12-16,0.21095890410958903,48620.0,30200.0,put,2,44.5,0.4777419023908519,2.7804439350803147e-06,0.002703703682472098
202612,2026-12-16,0.21095890410958903,48620.0,30400.0,call,0,18190.0,0.2381302686857614,5.884528288531811e-09,0.0
202612,2026-12-16,0.21095890410958903,48620.0,30400.0,put,3,45.5,0.473301241916111,2.87777594929706e-06,0.0041975239996446916
202612,2026-12-16,0.21095890410958903,48620.0,30600.0,call,0,17990.0,0.2381302686857614,7.62336744177025e-09,0.0
202612,2026-12-16,0.21095890410958903,48620.0,30600.0,put,2,46.5,0.4688434237416332,2.977944391520512e-06,0.002895753126314546
202612,2026-12-16,0.21095890410958903,48620.0,30800.0,call,1,17800.0,0.2381302686857614,9.824347752840712e-09,4.776597877431154e-06
202612,2026-12-16,0.21095890410958903,48620.0,30800.0,put,10,47.5,0.464369613951854,3.0810616091982027e-06,0.01498012154392166
202612,2026-12-16,0.21095890410958903,48620.0,31000.0,call,0,17600.0,0.2381302686857614,1.2595683599098551e-08,0.0
202612,2026-12-16,0.21095890410958903,48620.0,31000.0,put,25,48.5,0.4598808934094042,3.1872451515719032e-06,0.038740964817356484
202612,2026-12-16,0.21095890410958903,48620.0,31200.0,call,0,17400.0,0.2381302686857614,1.6067173293048965e-08,0.0
202612,2026-12-16,0.21095890410958903,48620.0,31200.0,put,4,50.0,0.4560439634283311,3.313424369464271e-06,0.0064439477137341146
202612,2026-12-16,0.21095890410958903,48620.0,31400.0,call,0,17200.0,0.2381302686857614,2.0393635136419034e-08,0.0
202612,2026-12-16,0.21095890410958903,48620.0,31400.0,put,3,52.0,0.45280091794042904,3.459815731639942e-06,0.005046487226170019
202612,2026-12-16,0.21095890410958903,48620.0,31600.0,call,0,17000.0,0.2381302686857614,2.57587104694831e-08,0.0
202612,2026-12-16,0.21095890410958903,48620.0,31600.0,put,2,53.0,0.4482287449622126,3.5763978406448267e-06,0.0034776892602430293
202612,2026-12-16,0.21095890410958903,48620.0,31800.0,call,0,16810.0,0.2381302686857614,3.237903881218696e-08,0.0
202612,2026-12-16,0.21095890410958903,48620.0,31800.0,put,1,54.0,0.44364667809278097,3.696591367340967e-06,0.0017972827228011784
202612,2026-12-16,0.21095890410958903,48620.0,32000.0,call,0,16610.0,0.2381302686857614,4.050880320331984e-08,0.0
202612,2026-12-16,0.21095890410958903,48620.0,32000.0,put,14,55.0,0.4390553845887132,3.8205454637310804e-06,0.02600568886252472
202612,2026-12-16,0.21095890410958903,48620.0,32200.0,call,0,16410.0,0.2381302686857614,5.044463566056928e-08,0.0
202612,2026-12-16,0.21095890410958903,48620.0,32200.0,put,2,56.0,0.43445548190781147,3.948416859927942e-06,0.003839440554593931
202612,2026-12-16,0.21095890410958903,48620.0,32400.0,call,0,16210.0,0.2381302686857614,6.253086333500829e-08,0.0
202612,2026-12-16,0.21095890410958903,48620.0,32400.0,put,3,57.0,0.42984754087551214,4.080370358618305e-06,0.0059516282050806595
202612,2026-12-16,0.21095890410958903,48620.0,32600.0,call,0,16010.0,0.2381302686857614,7.716506548475418e-08,0.0
202612,2026-12-16,0.21095890410958903,48620.0,32600.0,put,11,58.0,0.42523208857911715,4.216579366637157e-06,0.022551109768648842
202612,2026-12-16,0.21095890410958903,48620.0,32800.0,call,0,15820.0,0.01,0.0,0.0
202612,2026-12-16,0.21095890410958903,48620.0,32800.0,put,8,60.0,0.421697938774214,4.392624760391762e-06,0.0170855532680198
202612,2026-12-16,0.21095890410958903,48620.0,33000.0,call,0,15620.0,0.01,0.0,0.0
202612,2026-12-16,0.21095890410958903,48620.0,33000.0,put,15,61.0,0.4170455976246545,4.538270544936492e-06,0.03309760708422184
202612,2026-12-16,0.21095890410958903,48620.0,33200.0,call,0,15420.0,0.01,0.0,0.0
202612,2026-12-16,0.21095890410958903,48620.0,33200.0,put,1,62.0,0.4123877311609939,4.688761129578837e-06,0.0022796756612012306
202612,2026-12-16,0.21095890410958903,48620.0,33400.0,call,0,15220.0,0.01,0.0,0.0
202612,2026-12-16,0.21095890410958903,48620.0,33400.0,put,9,63.0,0.40772468716975974,4.844310752595778e-06,0.021197734991208604
202612,2026-12-16,0.21095890410958903,48620.0,33600.0,call,0,15020.0,0.01,0.0,0.0
202612,2026-12-16,0.21095890410958903,48620.0,33600.0,put,5,65.0,0.40404595987197517,5.041662487543678e-06,0.012256281507218683
202612,2026-12-16,0.21095890410958903,48620.0,33800.0,call,0,14830.0,0.3108062903779135,1.8660847959208582e-06,0.0
202612,2026-12-16,0.21095890410958903,48620.0,33800.0,put,0,67.0,0.40031252163655345,5.244950476759348e-06,0.0
202612,2026-12-16,0.21095890410958903,48620.0,34000.0,call,0,14630.0,0.3062174666105631,1.918156477420226e-06,0.0
202612,2026-12-16,0.21095890410958903,48620.0,34000.0,put,20,68.0,0.39559610325058675,5.4179377345742e-06,0.05268402653099953
202612,2026-12-16,0.21095890410958903,48620.0,34200.0,call,0,14430.0,0.301651462780904,1.9721970309976138e-06,0.0
202612,2026-12-16,0.21095890410958903,48620.0,34200.0,put,1,69.0,0.390876584308243,5.59699439105374e-06,0.0027212586729303285
202612,2026-12-16,0.21095890410958903,48620.0,34400.0,call,0,14230.0,0.29710791224348354,2.0283072864258137e-06,0.0
202612,2026-12-16,0.21095890410958903,48620.0,34400.0,put,0,70.0,0.3861541321402522,5.782404242046518e-06,0.0
202612,2026-12-16,0.21095890410958903,48620.0,34600.0,call,0,14040.0,0.31781229629212565,3.1294485396413027e-06,0.0
202612,2026-12-16,0.21095890410958903,48620.0,34600.0,put,7,72.0,0.38230505593256814,6.01234127436621e-06,0.02046240229317796
202612,2026-12-16,0.21095890410958903,48620.0,34800.0,call,0,13840.0,0.31298906693141043,3.218275447113518e-06,0.0
202612,2026-12-16,0.21095890410958903,48620.0,34800.0,put,1,73.0,0.3775596072303188,6.211851582212535e-06,0.0030202022392717344
202612,2026-12-16,0.21095890410958903,48620.0,35000.0,call,0,13640.0,0.30818831737502805,3.3105646960591893e-06,0.0
202612,2026-12-16,0.21095890410958903,48620.0,35000.0,put,91,77.0,0.37529548728806417,6.532742814407143e-06,0.28903597962919253
202612,2026-12-16,0.21095890410958903,48620.0,35200.0,call,0,13440.0,0.3034096604473899,3.4065002945761606e-06,0.0
202612,2026-12-16,0.21095890410958903,48620.0,35200.0,put,2,78.0,0.3704969543263236,6.748747481052113e-06,0.006562482050575074
202612,2026-12-16,0.21095890410958903,48620.0,35400.0,call,0,13250.0,0.31523808556009786,4.368352531468678e-06,0.0
202612,2026-12-16,0.21095890410958903,48620.0,35400.0,put,0,79.0,0.36569742077968576,6.972861708249387e-06,0.0
202612,2026-12-16,0.21095890410958903,48620.0,35600.0,call,0,13050.0,0.3102875150840101,4.4956326257522075e-06,0.0
202612,2026-12-16,0.21095890410958903,48620.0,35600.0,put,1,80.0,0.36089687873505566,7.2054940114063576e-06,0.003503311188345771
202612,2026-12-16,0.21095890410958903,48620.0,35800.0,call,1,12850.0,0.30535852209627834,4.628074765269078e-06,0.002250169950873826
202612,2026-12-16,0.21095890410958903,48620.0,35800.0,put,1,82.0,0.35684868827989796,7.486345289683259e-06,0.0036398610798440006
202612,2026-12-16,0.21095890410958903,48620.0,36000.0,call,0,12650.0,0.30045070460552226,4.7659660160337e-06,0.0
202612,2026-12-16,0.21095890410958903,48620.0,36000.0,put,70,85.0,0.3534933170767572,7.816321255905366e-06,0.26602067762348325
202612,2026-12-16,0.21095890410958903,48620.0,36200.0,call,0,12460.0,0.308099768048917,5.6840020676487875e-06,0.0
202612,2026-12-16,0.21095890410958903,48620.0,36200.0,put,0,86.0,0.34864726262667484,8.078902425385398e-06,0.0
202612,2026-12-16,0.21095890410958903,48620.0,36400.0,call,0,12260.0,0.30306735786612515,5.855048907451685e-06,0.0
202612,2026-12-16,0.21095890410958903,48620.0,36400.0,put,1,88.0,0.3444968095632489,8.391711873582675e-06,0.004080050312935897
202612,2026-12-16,0.21095890410958903,48620.0,36600.0,call,0,12060.0,0.29805533036110426,6.033359161439288e-06,0.0
202612,2026-12-16,0.21095890410958903,48620.0,36600.0,put,5,91.0,0.34098868257278353,8.75587935031334e-06,0.02128554270061173
202612,2026-12-16,0.21095890410958903,48620.0,36800.0,call,0,11870.0,0.30329102615835074,6.925197164781013e-06,0.0
202612,2026-12-16,0.21095890410958903,48620.0,36800.0,put,51,94.0,0.33741226163100707,9.132531547323806e-06,0.22645207875375054
202612,2026-12-16,0.21095890410958903,48620.0,37000.0,call,4,11670.0,0.29818125608538837,7.138865236835988e-06,0.01388366511259863
202612,2026-12-16,0.21095890410958903,48620.0,37000.0,put,101,96.0,0.33313815229341426,9.483195520439527e-06,0.4656836958658075
202612,2026-12-16,0.21095890410958903,48620.0,37200.0,call,0,11470.0,0.29309089533499494,7.361934146382022e-06,0.0
202612,2026-12-16,0.21095890410958903,48620.0,37200.0,put,10,100.0,0.3300679427698176,9.926277600059704e-06,0.048261561691490276
202612,2026-12-16,0.21095890410958903,48620.0,37400.0,call,0,11280.0,0.29667143703239535,8.254800439016105e-06,0.0
202612,2026-12-16,0.21095890410958903,48620.0,37400.0,put,11,104.0,0.3268983899402367,1.0383579710242431e-05,0.05553346100631857
202612,2026-12-16,0.21095890410958903,48620.0,37600.0,call,2,11080.0,0.2915002709572058,8.51681235912652e-06,0.008281748338014629
202612,2026-12-16,0.21095890410958903,48620.0,37600.0,put,7,107.0,0.3230630127857816,1.0817892653895015e-05,0.036817615858266296
202612,2026-12-16,0.21095890410958903,48620.0,37800.0,call,0,10890.0,0.2939429948690518,9.401303802885738e-06,0.0
202612,2026-12-16,0.21095890410958903,48620.0,37800.0,put,14,111.0,0.31973048350176303,1.1306950190739243e-05,0.07696414855832387
202612,2026-12-16,0.21095890410958903,48620.0,38000.0,call,18,10690.0,0.28870306379290844,9.704996345334689e-06,0.08493424601583106
202612,2026-12-16,0.21095890410958903,48620.0,38000.0,put,145,115.0,0.3163131601957801,1.1813210964095665e-05,0.8328195597577802
202612,2026-12-16,0.21095890410958903,48620.0,38200.0,call,0,10500.0,0.29025953971840374,1.0594673201562713e-05,0.0
202612,2026-12-16,0.21095890410958903,48620.0,38200.0,put,7,120.0,0.31333368457419786,1.2374793870256676e-05,0.04211637345803157
202612,2026-12-16,0.21095890410958903,48620.0,38400.0,call,0,10300.0,0.2849594317450094,1.0943598308272097e-05,0.0
202612,2026-12-16,0.21095890410958903,48620.0,38400.0,put,4,125.0,0.310243099292884,1.2954895485720068e-05,0.02519468074062839
202612,2026-12-16,0.21095890410958903,48620.0,38600.0,call,3,10110.0,0.28579942930711283,1.184960022504687e-05,0.017283826888253365
202612,2026-12-16,0.21095890410958903,48620.0,38600.0,put,11,131.0,0.30752854733518703,1.3590293816769724e-05,0.07268360939084784
202612,2026-12-16,0.21095890410958903,48620.0,38800.0,call,0,9920.0,0.2861080363633055,1.2748571905718894e-05,0.0
202612,2026-12-16,0.21095890410958903,48620.0,38800.0,put,2,136.0,0.30421804355381576,1.4210943116727641e-05,0.013818721086705957
202612,2026-12-16,0.21095890410958903,48620.0,38900.0,call,0,9820.0,0.2833967650625686,1.2961891925183503e-05,0.0
202612,2026-12-16,0.21095890410958903,48620.0,38900.0,put,0,140.0,0.30320987937142907,1.4581064815688076e-05,0.0
202612,2026-12-16,0.21095890410958903,48620.0,39000.0,call,4,9720.0,0.28068935381460636,1.318044244242899e-05,0.0256333244620359
202612,2026-12-16,0.21095890410958903,48620.0,39000.0,put,75,143.0,0.30170852726664943,1.4922167033626851e-05,0.5441368208812031
202612,2026-12-16,0.21095890410958903,48620.0,39100.0,call,0,9630.0,0.28322378236090345,1.3876707444636623e-05,0.0
202612,2026-12-16,0.21095890410958903,48620.0,39100.0,put,1,147.0,0.30061449336592433,1.5302142440510443e-05,0.0074399016545761785
202612,2026-12-16,0.21095890410958903,48620.0,39200.0,call,0,9530.0,0.2804864099574424,1.411252585869975e-05,0.0
202612,2026-12-16,0.21095890410958903,48620.0,39200.0,put,1,149.0,0.29861846452379925,1.5621893741350687e-05,0.007595364737044705
202612,2026-12-16,0.21095890410958903,48620.0,39300.0,call,0,9440.0,0.2826619201935855,1.4796096405491898e-05,0.0
202612,2026-12-16,0.21095890410958903,48620.0,39300.0,put,0,154.0,0.2978733400541288,1.6045397736720363e-05,0.0
202612,2026-12-16,0.21095890410958903,48620.0,39400.0,call,0,9340.0,0.27989656383339645,1.5049679105636046e-05,0.0
202612,2026-12-16,0.21095890410958903,48620.0,39400.0,put,1,158.0,0.29665670795240207,1.6441648922736568e-05,0.007993929706234519
202612,2026-12-16,0.21095890410958903,48620.0,39500.0,call,0,9240.0,0.2771347201627131,1.5309690350873606e-05,0.0
202612,2026-12-16,0.21095890410958903,48620.0,39500.0,put,1,161.0,0.29499547843797613,1.6812731992632026e-05,0.008174350294817691
202612,2026-12-16,0.21095890410958903,48620.0,39600.0,call,0,9150.0,0.27896687586859814,1.599646002875934e-05,0.0
202612,2026-12-16,0.21095890410958903,48620.0,39600.0,put,3,167.0,0.2944966446535464,1.7281717441201733e-05,0.025207113059736847
202612,2026-12-16,0.21095890410958903,48620.0,39700.0,call,0,9050.0,0.2761785315162506,1.627539378723576e-05,0.0
202612,2026-12-16,0.21095890410958903,48620.0,39700.0,put,0,169.0,0.2923783481852778,1.763611376870609e-05,0.0
202612,2026-12-16,0.21095890410958903,48620.0,39800.0,call,0,8960.0,0.2777349986532838,1.6956941223454816e-05,0.0
202612,2026-12-16,0.21095890410958903,48620.0,39800.0,put,7,175.0,0.29177413729984436,1.8115679843895536e-05,0.061654904780714066
202612,2026-12-16,0.21095890410958903,48620.0,39900.0,call,0,8860.0,0.2749215059928314,1.725553970711983e-05,0.0
202612,2026-12-16,0.21095890410958903,48620.0,39900.0,put,2,179.0,0.2903588045736875,1.8542784659602717e-05,0.018031003802997683
202612,2026-12-16,0.21095890410958903,48620.0,40000.0,call,12,8770.0,0.276231569904404,1.7934872124225778e-05,0.10463921792158287
202612,2026-12-16,0.21095890410958903,48620.0,40000.0,put,92,180.0,0.28780704078362007,1.889260245007432e-05,0.8450736646328043
202612,2026-12-16,0.21095890410958903,48620.0,40100.0,call,0,8680.0,0.27734531450350985,1.860209700490236e-05,0.0
202612,2026-12-16,0.21095890410958903,48620.0,40100.0,put,5,190.0,0.2884987521130914,1.9499749954552887e-05,0.04740389213951807
202612,2026-12-16,0.21095890410958903,48620.0,40200.0,call,0,8580.0,0.274481872932803,1.8933797805355403e-05,0.0
202612,2026-12-16,0.21095890410958903,48620.0,40200.0,put,1,195.0,0.28731361443535347,1.9973772913398882e-05,0.009711248390494536
202612,2026-12-16,0.21095890410958903,48620.0,40300.0,call,0,8490.0,0.2753925828546402,1.9603629423863265e-05,0.0
202612,2026-12-16,0.21095890410958903,48620.0,40300.0,put,0,200.0,0.2860844605600134,2.0454692087672773e-05,0.0
202612,2026-12-16,0.21095890410958903,48620.0,40400.0,call,1,8390.0,0.27250702038183033,1.9957149821579827e-05,0.009703166243252112
202612,2026-12-16,0.21095890410958903,48620.0,40400.0,put,3,206.0,0.28514850599594466,2.0967487750669166e-05,0.030583177633126048
202612,2026-12-16,0.21095890410958903,48620.0,40500.0,call,0,8300.0,0.2732318600991742,2.0631839416480816e-05,0.0
202612,2026-12-16,0.21095890410958903,48620.0,40500.0,put,1,212.0,0.28415807687263256,2.1486421356169073e-05,0.010446698063369403
202612,2026-12-16,0.21095890410958903,48620.0,40600.0,call,0,8210.0,0.2738087430117547,2.1300143911789413e-05,0.0
202612,2026-12-16,0.21095890410958903,48620.0,40600.0,put,1,218.0,0.2831151990677795,2.2011894887565326e-05,0.010702183294334262
202612,2026-12-16,0.21095890410958903,48620.0,40700.0,call,0,8110.0,0.2708784128825384,2.169001334249299e-05,0.0
202612,2026-12-16,0.21095890410958903,48620.0,40700.0,put,0,223.0,0.2817060203638579,2.2522045174844787e-05,0.0
202612,2026-12-16,0.21095890410958903,48620.0,40800.0,call,16,8020.0,0.271295982857507,2.2366893375992313e-05,0.17399653695051942
202612,2026-12-16,0.21095890410958903,48620.0,40800.0,put,300,230.0,0.28087945383824514,2.308407409420225e-05,3.3670430473803408
202612,2026-12-16,0.21095890410958903,48620.0,40900.0,call,0,7930.0,0.2715871824866726,2.3040316961492832e-05,0.0
202612,2026-12-16,0.21095890410958903,48620.0,40900.0,put,3,238.0,0.28029552943480934,2.3672700522260137e-05,0.034529000981768636
202612,2026-12-16,0.21095890410958903,48620.0,41000.0,call,5,7830.0,0.26861452399036573,2.3468947335356895e-05,0.05705301097225261
202612,2026-12-16,0.21095890410958903,48620.0,41000.0,put,16,243.0,0.27875212956943257,2.4207184497771123e-05,0.18831252964506112
202612,2026-12-16,0.21095890410958903,48620.0,41100.0,call,0,7740.0,0.2687664170935621,2.415430748241621e-05,0.0
202612,2026-12-16,0.21095890410958903,48620.0,41100.0,put,0,251.0,0.27804955394172404,2.4808730637075334e-05,0.0
202612,2026-12-16,0.21095890410958903,48620.0,41200.0,call,0,7650.0,0.2688083950980919,2.483871962667777e-05,0.0
202612,2026-12-16,0.21095890410958903,48620.0,41200.0,put,31,256.0,0.2764254988196256,2.5361699954536447e-05,0.38225661405476424
202612,2026-12-16,0.21095890410958903,48620.0,41300.0,call,0,7560.0,0.26874701704251464,2.5523229746147162e-05,0.0
202612,2026-12-16,0.21095890410958903,48620.0,41300.0,put,0,266.0,0.2761712207150714,2.6012489269453966e-05,0.0
202612,2026-12-16,0.21095890410958903,48620.0,41400.0,call,30,7460.0,0.26571329447847086,2.6008567333808485e-05,0.3793609631309306
202612,2026-12-16,0.21095890410958903,48620.0,41400.0,put,20,271.0,0.27446248569574494,2.658456276045396e-05,0.2585082882826544
202612,2026-12-16,0.21095890410958903,48620.0,41500.0,call,0,7370.0,0.2655343183658767,2.670942633456847e-05,0.0
202612,2026-12-16,0.21095890410958903,48620.0,41500.0,put,0,280.0,0.27380297342826837,2.723135596507402e-05,0.0
202612,2026-12-16,0.21095890410958903,48620.0,41600.0,call,11,7280.0,0.2652634470792748,2.741251919757034e-05,0.14660763517244568
202612,2026-12-16,0.21095890410958903,48620.0,41600.0,put,12,289.0,0.2730752961969894,2.78840498538649e-05,0.1626867004673894
202612,2026-12-16,0.21095890410958903,48620.0,41700.0,call,0,7190.0,0.26490534211981326,2.8118722604651592e-05,0.0
202612,2026-12-16,0.21095890410958903,48620.0,41700.0,put,1,296.0,0.27176533941419395,2.8515808903496696e-05,0.013864386288880093
202612,2026-12-16,0.21095890410958903,48620.0,41800.0,call,15,7100.0,0.26446420812600846,2.8828869439812916e-05,0.2102489448245556
202612,2026-12-16,0.21095890410958903,48620.0,41800.0,put,11,307.0,0.2714258640830628,2.9209523711907213e-05,0.15621837471602218
202612,2026-12-16,0.21095890410958903,48620.0,41900.0,call,0,7010.0,0.26394385029278566,2.9543756854490008e-05,0.0
202612,2026-12-16,0.21095890410958903,48620.0,41900.0,put,1,315.0,0.2702605674879092,2.9871661389227937e-05,0.014523601767442624
202612,2026-12-16,0.21095890410958903,48620.0,42000.0,call,71,6920.0,0.26334772266207335,3.0264153217953465e-05,1.0447246219143973
202612,2026-12-16,0.21095890410958903,48620.0,42000.0,put,99,325.0,0.26953296218853484,3.056568644114426e-05,1.4712426380207495
202612,2026-12-16,0.21095890410958903,48620.0,42100.0,call,0,6830.0,0.26267896898029186,3.099080416989311e-05,0.0
202612,2026-12-16,0.21095890410958903,48620.0,42100.0,put,0,336.0,0.2689775769931733,3.127655566679787e-05,0.0
202612,2026-12-16,0.21095890410958903,48620.0,42200.0,call,2,6740.0,0.26194045746398964,3.172443794835172e-05,0.030848843460977216
202612,2026-12-16,0.21095890410958903,48620.0,42200.0,put,19,349.0,0.2688155381173323,3.201053738520482e-05,0.2957069422570451
202612,2026-12-16,0.21095890410958903,48620.0,42300.0,call,0,6650.0,0.26113481053543686,3.246577013200802e-05,0.0
202612,2026-12-16,0.21095890410958903,48620.0,42300.0,put,0,357.0,0.26742070410950414,3.270809846086182e-05,0.0
202612,2026-12-16,0.21095890410958903,48620.0,42400.0,call,0,6560.0,0.2602644303776995,3.321550790968263e-05,0.0
202612,2026-12-16,0.21095890410958903,48620.0,42400.0,put,1,368.0,0.2666580852959018,3.343898594099334e-05,0.016258034964510962
202612,2026-12-16,0.21095890410958903,48620.0,42500.0,call,0,6480.0,0.26159498437500806,3.405151848189029e-05,0.0
202612,2026-12-16,0.21095890410958903,48620.0,42500.0,put,0,381.0,0.266270728142807,3.418937509496984e-05,0.0
202612,2026-12-16,0.21095890410958903,48620.0,42600.0,call,2,6390.0,0.2605605086590238,3.481058758147586e-05,0.033849815364227126
202612,2026-12-16,0.21095890410958903,48620.0,42600.0,put,2,392.0,0.26537088442831375,3.493447306521832e-05,0.03397028160861829
202612,2026-12-16,0.21095890410958903,48620.0,42700.0,call,0,6300.0,0.2594690612318992,3.558029758445433e-05,0.0
202612,2026-12-16,0.21095890410958903,48620.0,42700.0,put,0,405.0,0.2648344520132961,3.5696517760120204e-05,0.0
202612,2026-12-16,0.21095890410958903,48620.0,42800.0,call,1,6220.0,0.26044709871645316,3.640358638759852e-05,0.0176994237016504
202612,2026-12-16,0.21095890410958903,48620.0,42800.0,put,5,419.0,0.2644314003499775,3.646734008385227e-05,0.08865210374384487
202612,2026-12-16,0.21095890410958903,48620.0,42900.0,call,0,6130.0,0.2592111213118374,3.7187696646424475e-05,0.0
202612,2026-12-16,0.21095890410958903,48620.0,42900.0,put,0,430.0,0.2633358669855363,3.723725197534798e-05,0.0
202612,2026-12-16,0.21095890410958903,48620.0,43000.0,call,65,6040.0,0.25792388929525384,3.798457930742184e-05,1.2004266598524524
202612,2026-12-16,0.21095890410958903,48620.0,43000.0,put,73,433.0,0.26057026409536294,3.800811813932176e-05,1.3490069338716915
202612,2026-12-16,0.21095890410958903,48620.0,43100.0,call,0,5960.0,0.2585929261956495,3.880523405898914e-05,0.0
202612,2026-12-16,0.21095890410958903,48620.0,43100.0,put,5,458.0,0.2621648244490575,3.8811588880998216e-05,0.09435097256970668
202612,2026-12-16,0.21095890410958903,48620.0,43200.0,call,0,5870.0,0.2571758349510402,3.962118702736869e-05,0.0
202612,2026-12-16,0.21095890410958903,48620.0,43200.0,put,5,472.0,0.26146995906689197,3.960891356534777e-05,0.09628926887736045
202612,2026-12-16,0.21095890410958903,48620.0,43300.0,call,0,5790.0,0.2576432840915044,4.044071653023708e-05,0.0
202612,2026-12-16,0.21095890410958903,48620.0,43300.0,put,0,486.0,0.2607053573406786,4.041405101644954e-05,0.0
202612,2026-12-16,0.21095890410958903,48620.0,43400.0,call,0,5700.0,0.2561049809587559,4.127882934427115e-05,0.0
202612,2026-12-16,0.21095890410958903,48620.0,43400.0,put,2,500.0,0.25987314121346167,4.1227770098597925e-05,0.04008988364387662
202612,2026-12-16,0.21095890410958903,48620.0,43500.0,call,0,5620.0,0.2563859854654255,4.210136670965104e-05,0.0
202612,2026-12-16,0.21095890410958903,48620.0,43500.0,put,0,520.0,0.26007803356558107,4.202723223190557e-05,0.0
202612,2026-12-16,0.21095890410958903,48620.0,43600.0,call,1,5540.0,0.2565601711566127,4.292109561134602e-05,0.020868236686236434
202612,2026-12-16,0.21095890410958903,48620.0,43600.0,put,0,535.0,0.25927950310666015,4.285001632259649e-05,0.0
202612,2026-12-16,0.21095890410958903,48620.0,43700.0,call,0,5450.0,0.2548408158365031,4.3794046231628444e-05,0.0
202612,2026-12-16,0.21095890410958903,48620.0,43700.0,put,4,550.0,0.2584138071698189,4.368190258714135e-05,0.0849525641514725
202612,2026-12-16,0.21095890410958903,48620.0,43800.0,call,1,5370.0,0.2548484361189231,4.462270982939573e-05,0.021695561519052203
202612,2026-12-16,0.21095890410958903,48620.0,43800.0,put,12,570.0,0.258356174245253,4.448948199673109e-05,0.25956943376172786
202612,2026-12-16,0.21095890410958903,48620.0,43900.0,call,0,5290.0,0.2547605745580021,4.545186280870099e-05,0.0
202612,2026-12-16,0.21095890410958903,48620.0,43900.0,put,1,590.0,0.2582066060462347,4.5298263360261705e-05,0.022024015645759242
202612,2026-12-16,0.21095890410958903,48620.0,44000.0,call,4,5210.0,0.25458095309989187,4.628262621352704e-05,0.09001045146006738
202612,2026-12-16,0.21095890410958903,48620.0,44000.0,put,21,615.0,0.25881047034761123,4.606486205803971e-05,0.47033145458499703
202612,2026-12-16,0.21095890410958903,48620.0,44100.0,call,0,5130.0,0.25431294213323846,4.711606020772169e-05,0.0
202612,2026-12-16,0.21095890410958903,48620.0,44100.0,put,0,630.0,0.2576450066407228,4.692348107855298e-05,0.0
202612,2026-12-16,0.21095890410958903,48620.0,44200.0,call,2,5050.0,0.2539595990778899,4.7953174439463145e-05,0.04662966682493396
202612,2026-12-16,0.21095890410958903,48620.0,44200.0,put,65,650.0,0.2572388928692304,4.77418240878517e-05,1.5087848666483772
202612,2026-12-16,0.21095890410958903,48620.0,44300.0,call,0,4970.0,0.2535237012627345,4.879493703553645e-05,0.0
202612,2026-12-16,0.21095890410958903,48620.0,44300.0,put,0,665.0,0.2559478723390753,4.8623009710862186e-05,0.0
202612,2026-12-16,0.21095890410958903,48620.0,44400.0,call,1,4890.0,0.2530077740561859,4.9642282480443554e-05,0.024136077741991658
202612,2026-12-16,0.21095890410958903,48620.0,44400.0,put,38,685.0,0.25539583134222393,4.945672099406424e-05,0.9137425943979333
202612,2026-12-16,0.21095890410958903,48620.0,44500.0,call,0,4810.0,0.2524141150253641,5.0496118586157196e-05,0.0
202612,2026-12-16,0.21095890410958903,48620.0,44500.0,put,0,705.0,0.2547676897766737,5.029712280794501e-05,0.0
202612,2026-12-16,0.21095890410958903,48620.0,44600.0,call,11,4730.0,0.2517448147503959,5.135733272023165e-05,0.27466928685434294
202612,2026-12-16,0.21095890410958903,48620.0,44600.0,put,12,730.0,0.254836390174279,5.107411705457761e-05,0.29798682854322767
202612,2026-12-16,0.21095890410958903,48620.0,44700.0,call,0,4650.0,0.25100177480275687,5.222679743021979e-05,0.0
202612,2026-12-16,0.21095890410958903,48620.0,44700.0,put,1,745.0,0.25329082931093,5.200137047303117e-05,0.025283066323987757
202612,2026-12-16,0.21095890410958903,48620.0,44800.0,call,2,4580.0,0.2516937272257656,5.29463805483831e-05,0.05148506044524773
202612,2026-12-16,0.21095890410958903,48620.0,44800.0,put,8,775.0,0.25394587112508565,5.270788707885622e-05,0.20501259758191917
202612,2026-12-16,0.21095890410958903,48620.0,44900.0,call,0,4500.0,0.25078882305860956,5.382620450342446e-05,0.0
202612,2026-12-16,0.21095890410958903,48620.0,44900.0,put,0,800.0,0.2537515908903286,5.3491310418593716e-05,0.0
202612,2026-12-16,0.21095890410958903,48620.0,45000.0,call,4,4430.0,0.25128074791302546,5.454077899784939e-05,0.1060709069950175
202612,2026-12-16,0.21095890410958903,48620.0,45000.0,put,59,830.0,0.2541995795849307,5.418974822241421e-05,1.5544762795585296
202612,2026-12-16,0.21095890410958903,48620.0,45100.0,call,0,4360.0,0.25166684836656544,5.525046495581044e-05,0.0
202612,2026-12-16,0.21095890410958903,48620.0,45100.0,put,0,850.0,0.2531072777304019,5.50669169590364e-05,0.0
202612,2026-12-16,0.21095890410958903,48620.0,45200.0,call,1,4280.0,0.25052710243113957,5.6148330844288995e-05,0.02729931845649331
202612,2026-12-16,0.21095890410958903,48620.0,45200.0,put,11,875.0,0.2526618214279324,5.58608716783691e-05,0.2987551139102536
202612,2026-12-16,0.21095890410958903,48620.0,45300.0,call,0,4200.0,0.24932370370662743,5.705948241736202e-05,0.0
202612,2026-12-16,0.21095890410958903,48620.0,45300.0,put,5,895.0,0.25143467584368223,5.675958213358847e-05,0.1379825441667536
202612,2026-12-16,0.21095890410958903,48620.0,45400.0,call,1,4130.0,0.24945021110962773,5.777620138953389e-05,0.02809078911559138
202612,2026-12-16,0.21095890410958903,48620.0,45400.0,put,10,925.0,0.251534188167005,5.746528585852506e-05,0.27939621984414886
202612,2026-12-16,0.21095890410958903,48620.0,45500.0,call,0,4060.0,0.24948250179836548,5.849207715106941e-05,0.0
202612,2026-12-16,0.21095890410958903,48620.0,45500.0,put,5,950.0,0.2508554079250184,5.8277359643653316e-05,0.1416722612937212
202612,2026-12-16,0.21095890410958903,48620.0,45600.0,call,3,3990.0,0.24942333055271695,5.920809249111674e-05,0.08636092370754288
202612,2026-12-16,0.21095890410958903,48620.0,45600.0,put,3,980.0,0.2507800492794425,5.898635966660198e-05,0.08603750420970566
202612,2026-12-16,0.21095890410958903,48620.0,45700.0,call,0,3920.0,0.249275186101093,5.9925169927443095e-05,0.0
202612,2026-12-16,0.21095890410958903,48620.0,45700.0,put,0,1010.0,0.2506165529848941,5.9696560724748384e-05,0.0
202612,2026-12-16,0.21095890410958903,48620.0,45800.0,call,7,3840.0,0.2477116138857646,6.0881119214270605e-05,0.20720280113384856
202612,2026-12-16,0.21095890410958903,48620.0,45800.0,put,2,1040.0,0.2503671085031045,6.040880815831906e-05,0.05874152505314946
202612,2026-12-16,0.21095890410958903,48620.0,45900.0,call,0,3770.0,0.24740605873231555,6.160968370665707e-05,0.0
202612,2026-12-16,0.21095890410958903,48620.0,45900.0,put,1,1060.0,0.248720744668953,6.136595231339893e-05,0.02983612601477456
202612,2026-12-16,0.21095890410958903,48620.0,46000.0,call,256,3700.0,0.24701693205544956,6.234172735642051e-05,7.759500247217064
202612,2026-12-16,0.21095890410958903,48620.0,46000.0,put,34,1090.0,0.24831829686711396,6.209127573474447e-05,1.026418460915914
202612,2026-12-16,0.21095890410958903,48620.0,46100.0,call,0,3630.0,0.24654591136309686,6.30780309339384e-05,0.0
202612,2026-12-16,0.21095890410958903,48620.0,46100.0,put,0,1120.0,0.2478346074186507,6.282091090293291e-05,0.0
202612,2026-12-16,0.21095890410958903,48620.0,46200.0,call,2,3560.0,0.24599449510177812,6.381934814150053e-05,0.06205793413279511
202612,2026-12-16,0.21095890410958903,48620.0,46200.0,put,2,1150.0,0.24727113714477678,6.355559219098642e-05,0.06180145784651519
202612,2026-12-16,0.21095890410958903,48620.0,46300.0,call,0,3500.0,0.24662918351501084,6.429603302633875e-05,0.0
202612,2026-12-16,0.21095890410958903,48620.0,46300.0,put,0,1180.0,0.24662918351501065,6.429603302633882e-05,0.0
202612,2026-12-16,0.21095890410958903,48620.0,46400.0,call,3,3430.0,0.24590989016813283,6.504293006112704e-05,0.09487161778715988
202612,2026-12-16,0.21095890410958903,48620.0,46400.0,put,2,1220.0,0.2471630635252547,6.476815174248026e-05,0.06298055075438781
202612,2026-12-16,0.21095890410958903,48620.0,46500.0,call,0,3360.0,0.24511425493557035,6.579696692221018e-05,0.0
202612,2026-12-16,0.21095890410958903,48620.0,46500.0,put,1,1250.0,0.24635713572148046,6.551564616573433e-05,0.03185370716578003
202612,2026-12-16,0.21095890410958903,48620.0,46600.0,call,50,3300.0,0.2454762175915222,6.627091886577062e-05,1.6110460376268838
202612,2026-12-16,0.21095890410958903,48620.0,46600.0,put,7,1280.0,0.24547621759152216,6.627091886577062e-05,0.22554644526776374
202612,2026-12-16,0.21095890410958903,48620.0,46700.0,call,0,3230.0,0.2445210135664976,6.703462276002921e-05,0.0
202612,2026-12-16,0.21095890410958903,48620.0,46700.0,put,0,1320.0,0.24574399880078387,6.674258809808032e-05,0.0
202612,2026-12-16,0.21095890410958903,48620.0,46800.0,call,12,3170.0,0.24470629544351705,6.750877721792085e-05,0.39387320980023743
202612,2026-12-16,0.21095890410958903,48620.0,46800.0,put,6,1360.0,0.24591981500316515,6.721270369119397e-05,0.19607289920795107
202612,2026-12-16,0.21095890410958903,48620.0,46900.0,call,0,3110.0,0.2448010057464727,6.798196612073555e-05,0.0
202612,2026-12-16,0.21095890410958903,48620.0,46900.0,put,5,1390.0,0.2448010057464728,6.798196612073554e-05,0.16526415963950808
202612,2026-12-16,0.21095890410958903,48620.0,47000.0,call,236,3040.0,0.2436101057658155,6.876142679871063e-05,7.889906147449813
202612,2026-12-16,0.21095890410958903,48620.0,47000.0,put,46,1430.0,0.2448069510544177,6.845481768418403e-05,1.5310056884703125
202612,2026-12-16,0.21095890410958903,48620.0,47100.0,call,0,2980.0,0.2435367451161392,6.92384269265843e-05,0.0
202612,2026-12-16,0.21095890410958903,48620.0,47100.0,put,5,1490.0,0.247102398514858,6.831504058094552e-05,0.16607386365227852
202612,2026-12-16,0.21095890410958903,48620.0,47200.0,call,62,2920.0,0.24337713141251152,6.971616566350076e-05,2.101551984226832
202612,2026-12-16,0.21095890410958903,48620.0,47200.0,put,5,1500.0,0.24337713141251144,6.971616566350079e-05,0.16947999872797043
202612,2026-12-16,0.21095890410958903,48620.0,47300.0,call,0,2860.0,0.24313252876029878,7.019514909113127e-05,0.0
202612,2026-12-16,0.21095890410958903,48620.0,47300.0,put,0,1540.0,0.24313252876029837,7.019514909113141e-05,0.0
202612,2026-12-16,0.21095890410958903,48620.0,47400.0,call,68,2800.0,0.24280403131760075,7.067584635481587e-05,2.3366565618443804
202612,2026-12-16,0.21095890410958903,48620.0,47400.0,put,1,1580.0,0.2428040313176002,7.067584635481602e-05,0.03436259649771155
202612,2026-12-16,0.21095890410958903,48620.0,47500.0,call,0,2740.0,0.24239257136971334,7.115869314780726e-05,0.0
202612,2026-12-16,0.21095890410958903,48620.0,47500.0,put,0,1620.0,0.24239257136971432,7.1158693147807e-05,0.0
202612,2026-12-16,0.21095890410958903,48620.0,47600.0,call,53,2680.0,0.24189892585729256,7.164409456677282e-05,1.8461680152533424
202612,2026-12-16,0.21095890410958903,48620.0,47600.0,put,6,1660.0,0.24189892585729253,7.164409456677284e-05,0.2090001526701897
202612,2026-12-16,0.21095890410958903,48620.0,47700.0,call,0,2620.0,0.2413237214795129,7.21324273968093e-05,0.0
202612,2026-12-16,0.21095890410958903,48620.0,47700.0,put,1,1700.0,0.24132372147951286,7.213242739680932e-05,0.03507078620032869
202612,2026-12-16,0.21095890410958903,48620.0,47800.0,call,9,2570.0,0.24181467575257296,7.228653838839316e-05,0.3163114346799308
202612,2026-12-16,0.21095890410958903,48620.0,47800.0,put,2,1750.0,0.24181467575257262,7.228653838839327e-05,0.0702914299288736
202612,2026-12-16,0.21095890410958903,48620.0,47900.0,call,0,2510.0,0.24107339512304732,7.277784260813254e-05,0.0
202612,2026-12-16,0.21095890410958903,48620.0,47900.0,put,1,1790.0,0.24107339512304726,7.277784260813257e-05,0.03538458707607405
202612,2026-12-16,0.21095890410958903,48620.0,48000.0,call,60,2460.0,0.24139103603122972,7.293084559851537e-05,2.1275386277998907
202612,2026-12-16,0.21095890410958903,48620.0,48000.0,put,61,1840.0,0.24139103603122986,7.293084559851532e-05,2.162997604929887
202612,2026-12-16,0.21095890410958903,48620.0,48100.0,call,0,2400.0,0.2404860675728727,7.342621122184752e-05,0.0
202612,2026-12-16,0.21095890410958903,48620.0,48100.0,put,0,1880.0,0.24048606757287228,7.342621122184765e-05,0.0
202612,2026-12-16,0.21095890410958903,48620.0,48200.0,call,7,2340.0,0.23950129369272888,7.392591307331853e-05,0.2515994525537323
202612,2026-12-16,0.21095890410958903,48620.0,48200.0,put,5,1920.0,0.23950129369272855,7.392591307331864e-05,0.1797138946812376
202612,2026-12-16,0.21095890410958903,48620.0,48300.0,call,1,2290.0,0.23956640179124966,7.407932684527467e-05,0.036017368712172544
202612,2026-12-16,0.21095890410958903,48620.0,48300.0,put,1,1970.0,0.23956640179124938,7.407932684527476e-05,0.036017368712172586
202612,2026-12-16,0.21095890410958903,48620.0,48400.0,call,5,2240.0,0.23954658244582835,7.423270724286738e-05,0.18045971130741062
202612,2026-12-16,0.21095890410958903,48620.0,48400.0,put,4,2010.0,0.23841890314743408,7.458427411866086e-05,0.14505149630597164
202612,2026-12-16,0.21095890410958903,48620.0,48500.0,call,3,2190.0,0.23944250091548258,7.438615399165294e-05,0.108499644212225
202612,2026-12-16,0.21095890410958903,48620.0,48500.0,put,1,2070.0,0.23944250091548264,7.438615399165293e-05,0.036166548070741655
202612,2026-12-16,0.21095890410958903,48620.0,48600.0,call,5,2130.0,0.238130268685761,7.48927451892544e-05,0.18206426355507746
202612,2026-12-16,0.21095890410958903,48620.0,48600.0,put,0,2110.0,0.2381302686857614,7.489274518925428e-05,0.0
202612,2026-12-16,0.21095890410958903,48620.0,48700.0,call,0,2070.0,0.23673674214117799,7.540428722033334e-05,0.0
202612,2026-12-16,0.21095890410958903,48620.0,48700.0,put,0,2150.0,0.2367367421411784,7.540428722033321e-05,0.0
202612,2026-12-16,0.21095890410958903,48620.0,48800.0,call,0,2020.0,0.2363836232245268,7.555961799504217e-05,0.0
202612,2026-12-16,0.21095890410958903,48620.0,48800.0,put,1,2200.0,0.2363836232245266,7.555961799504224e-05,0.03673708626918954
202612,2026-12-16,0.21095890410958903,48620.0,48900.0,call,0,1970.0,0.23594658828529597,7.571504206644493e-05,0.0
202612,2026-12-16,0.21095890410958903,48620.0,48900.0,put,0,2250.0,0.23594658828529547,7.571504206644508e-05,0.0
202612,2026-12-16,0.21095890410958903,48620.0,49000.0,call,422,1920.0,0.23542554443415334,7.58704684439466e-05,15.566829581642564
202612,2026-12-16,0.21095890410958903,48620.0,49000.0,put,6,2300.0,0.23542554443415312,7.587046844394667e-05,0.22132933054468124
202612,2026-12-16,0.21095890410958903,48620.0,49100.0,call,0,1880.0,0.2359434770547728,7.566576144218041e-05,0.0
202612,2026-12-16,0.21095890410958903,48620.0,49100.0,put,0,2360.0,0.23594347705477323,7.566576144218028e-05,0.0
202612,2026-12-16,0.21095890410958903,48620.0,49200.0,call,16,1830.0,0.23525451660564758,7.582003526232888e-05,0.5898192183127088
202612,2026-12-16,0.21095890410958903,48620.0,49200.0,put,1,2410.0,0.23525451660564764,7.582003526232885e-05,0.03686370114454429
202612,2026-12-16,0.21095890410958903,48620.0,49300.0,call,0,1790.0,0.23560635565751809,7.561576293512316e-05,0.0
202612,2026-12-16,0.21095890410958903,48620.0,49300.0,put,0,2470.0,0.23560635565751772,7.561576293512328e-05,0.0
202612,2026-12-16,0.21095890410958903,48620.0,49400.0,call,5,1750.0,0.2358762630031269,7.541270251656035e-05,0.1833282798177582
202612,2026-12-16,0.21095890410958903,48620.0,49400.0,put,3,2520.0,0.23474890214590505,7.576805358865723e-05,0.11051528296441544
202612,2026-12-16,0.21095890410958903,48620.0,49500.0,call,0,1700.0,0.23493509370577959,7.556326440025131e-05,0.0
202612,2026-12-16,0.21095890410958903,48620.0,49500.0,put,0,2580.0,0.23493509370577942,7.556326440025135e-05,0.0
202612,2026-12-16,0.21095890410958903,48620.0,49600.0,call,10,1660.0,0.23503953571674605,7.535910886029131e-05,0.3663959872787364
202612,2026-12-16,0.21095890410958903,48620.0,49600.0,put,0,2640.0,0.23503953571674616,7.535910886029129e-05,0.0
202612,2026-12-16,0.21095890410958903,48620.0,49700.0,call,0,1610.0,0.23392710280891366,7.550580282556543e-05,0.0
202612,2026-12-16,0.21095890410958903,48620.0,49700.0,put,0,2680.0,0.23279169309818357,7.585962283413502e-05,0.0
202612,2026-12-16,0.21095890410958903,48620.0,49800.0,call,0,1570.0,0.23386471430807795,7.529911280244169e-05,0.0
202612,2026-12-16,0.21095890410958903,48620.0,49800.0,put,0,2740.0,0.23272586153166372,7.565015439270299e-05,0.0
202612,2026-12-16,0.21095890410958903,48620.0,49900.0,call,0,1530.0,0.23371992527312035,7.509188943037121e-05,0.0
202612,2026-12-16,0.21095890410958903,48620.0,49900.0,put,0,2800.0,0.23257719712634883,7.544012391225907e-05,0.0
202612,2026-12-16,0.21095890410958903,48620.0,50000.0,call,162,1490.0,0.23349235324899745,7.488366554405199e-05,5.8981669863779285
202612,2026-12-16,0.21095890410958903,48620.0,50000.0,put,14,2860.0,0.23234530305481077,7.522905235440516e-05,0.512069113565965
202612,2026-12-16,0.21095890410958903,48620.0,50100.0,call,0,1450.0,0.2331814598035961,7.467392907126162e-05,0.0
202612,2026-12-16,0.21095890410958903,48620.0,50100.0,put,0,2920.0,0.2320296238341153,7.501641440254929e-05,0.0
202612,2026-12-16,0.21095890410958903,48620.0,50200.0,call,5,1410.0,0.23278654433357734,7.446211833611617e-05,0.1810174096750984
202612,2026-12-16,0.21095890410958903,48620.0,50200.0,put,2,2980.0,0.23162943890011103,7.480163356965841e-05,0.07273710848313585
202612,2026-12-16,0.21095890410958903,48620.0,50300.0,call,0,1370.0,0.2323067362344012,7.424761645420529e-05,0.0
202612,2026-12-16,0.21095890410958903,48620.0,50300.0,put,0,3040.0,0.23114385449361835,7.45840763580394e-05,0.0
202612,2026-12-16,0.21095890410958903,48620.0,50400.0,call,40,1330.0,0.23174098526341805,7.402974468240415e-05,1.439730474583396
202612,2026-12-16,0.21095890410958903,48620.0,50400.0,put,4,3110.0,0.2317409852634171,7.402974468240441e-05,0.1439730474583401
202612,2026-12-16,0.21095890410958903,48620.0,50500.0,call,0,1300.0,0.2322633680888623,7.348058281065948e-05,0.0
202612,2026-12-16,0.21095890410958903,48620.0,50500.0,put,0,3170.0,0.2310880498680449,7.380775455437954e-05,0.0
202612,2026-12-16,0.21095890410958903,48620.0,50600.0,call,1,1260.0,0.23152917408827123,7.32570126296218e-05,0.03561755954052212
202612,2026-12-16,0.21095890410958903,48620.0,50600.0,put,2,3230.0,0.23034648319949136,7.358081858875294e-05,0.07154998799570336
202612,2026-12-16,0.21095890410958903,48620.0,50700.0,call,0,1230.0,0.23189505909829647,7.271015173156321e-05,0.0
202612,2026-12-16,0.21095890410958903,48620.0,50700.0,put,0,3300.0,0.23070530901448824,7.302774936788695e-05,0.0
202612,2026-12-16,0.21095890410958903,48620.0,50800.0,call,8,1190.0,0.23098821210351797,7.24778628283448e-05,0.28190989525712995
202612,2026-12-16,0.21095890410958903,48620.0,50800.0,put,0,3360.0,0.2297899070274426,7.279180260498538e-05,0.0
202612,2026-12-16,0.21095890410958903,48620.0,50900.0,call,0,1160.0,0.23119481294104496,7.193043854605271e-05,0.0
202612,2026-12-16,0.21095890410958903,48620.0,50900.0,put,0,3430.0,0.22998841557056718,7.223801259432277e-05,0.0
202612,2026-12-16,0.21095890410958903,48620.0,51000.0,call,33,1130.0,0.23132459794325386,7.13847320040241e-05,1.1453394711117653
202612,2026-12-16,0.21095890410958903,48620.0,51000.0,put,0,3500.0,0.23010960481726203,7.168588512870826e-05,0.0
202612,2026-12-16,0.21095890410958903,48620.0,51100.0,call,5,1100.0,0.23137691413214823,7.083997004651866e-05,0.17221196718308687
202612,2026-12-16,0.21095890410958903,48620.0,51100.0,put,0,3570.0,0.23015279501510155,7.113462605566967e-05,0.0
202612,2026-12-16,0.21095890410958903,48620.0,51200.0,call,0,1070.0,0.2313509624732704,7.029534577620174e-05,0.0
202612,2026-12-16,0.21095890410958903,48620.0,51200.0,put,0,3630.0,0.22888178474871904,7.087358444172713e-05,0.0
202612,2026-12-16,0.21095890410958903,48620.0,51300.0,call,0,1030.0,0.23000170338882214,7.003135364365044e-05,0.0
202612,2026-12-16,0.21095890410958903,48620.0,51300.0,put,0,3700.0,0.22875589738236946,7.03146807984878e-05,0.0
202612,2026-12-16,0.21095890410958903,48620.0,51400.0,call,2,1010.0,0.23106027887343278,6.920307869672116e-05,0.06729307372469165
202612,2026-12-16,0.21095890410958903,48620.0,51400.0,put,0,3770.0,0.2285483932481285,6.975386854786817e-05,0.0
202612,2026-12-16,0.21095890410958903,48620.0,51500.0,call,0,975.0,0.23016009829972395,6.878709687345383e-05,0.0
202612,2026-12-16,0.21095890410958903,48620.0,51500.0,put,0,3840.0,0.22825789198221275,6.919014184264427e-05,0.0
202612,2026-12-16,0.21095890410958903,48620.0,51600.0,call,0,950.0,0.23044288278002453,6.810056175307678e-05,0.0
202612,2026-12-16,0.21095890410958903,48620.0,51600.0,put,0,3910.0,0.2278828127792517,6.862242654972296e-05,0.0
202612,2026-12-16,0.21095890410958903,48620.0,51700.0,call,0,920.0,0.23000782844510625,6.754289159888135e-05,0.0
202612,2026-12-16,0.21095890410958903,48620.0,51700.0,put,0,3990.0,0.22871583245960872,6.779554505963943e-05,0.0
202612,2026-12-16,0.21095890410958903,48620.0,51800.0,call,4,895.0,0.23013802700108577,6.685744594826843e-05,0.13002436088019245
202612,2026-12-16,0.21095890410958903,48620.0,51800.0,put,0,4060.0,0.22818013217404107,6.722428108273661e-05,0.0
202612,2026-12-16,0.21095890410958903,48620.0,51900.0,call,1,865.0,0.2295347186549951,6.629091641841849e-05,0.032230643562635074
202612,2026-12-16,0.21095890410958903,48620.0,51900.0,put,0,4130.0,0.227554650057226,6.664562781377469e-05,0.0
202612,2026-12-16,0.21095890410958903,48620.0,52000.0,call,558,840.0,0.2295069120080612,6.560254372794475e-05,17.797943872373917
202612,2026-12-16,0.21095890410958903,48620.0,52000.0,put,0,4210.0,0.2281734887463711,6.582995381972504e-05,0.0
202612,2026-12-16,0.21095890410958903,48620.0,52100.0,call,5,815.0,0.229401280251876,6.491328470587931e-05,0.1578041951199926
202612,2026-12-16,0.21095890410958903,48620.0,52100.0,put,0,4280.0,0.22737751340865778,6.524107982779221e-05,0.0
202612,2026-12-16,0.21095890410958903,48620.0,52200.0,call,1,795.0,0.22989692465410427,6.41176643680611e-05,0.03117400841575131
202612,2026-12-16,0.21095890410958903,48620.0,52200.0,put,0,4360.0,0.2278522267004873,6.44311663795371e-05,0.0
202612,2026-12-16,0.21095890410958903,48620.0,52300.0,call,0,770.0,0.22963901425383287,6.342804983356215e-05,0.0
202612,2026-12-16,0.21095890410958903,48620.0,52300.0,put,0,4430.0,0.22687759684398437,6.382708898435622e-05,0.0
202612,2026-12-16,0.21095890410958903,48620.0,52400.0,call,15,740.0,0.22860096883972011,6.282913642836363e-05,0.45821289197205606
202612,2026-12-16,0.21095890410958903,48620.0,52400.0,put,0,4510.0,0.22720264163450393,6.301874787224392e-05,0.0
202612,2026-12-16,0.21095890410958903,48620.0,52500.0,call,1,720.0,0.22887324535918058,6.203514013778541e-05,0.030161485134991266
202612,2026-12-16,0.21095890410958903,48620.0,52500.0,put,0,4580.0,0.2260391557743395,6.239373275213217e-05,0.0
202612,2026-12-16,0.21095890410958903,48620.0,52600.0,call,1,695.0,0.2283607999511302,6.132921823461515e-05,0.029818265905669886
202612,2026-12-16,0.21095890410958903,48620.0,52600.0,put,0,4660.0,0.22620736558669913,6.158229128589179e-05,0.0
202612,2026-12-16,0.21095890410958903,48620.0,52700.0,call,0,675.0,0.22848402601574871,6.053581954465028e-05,0.0
202612,2026-12-16,0.21095890410958903,48620.0,52700.0,put,0,4740.0,0.22630319143847,6.0772836328622174e-05,0.0
202612,2026-12-16,0.21095890410958903,48620.0,52800.0,call,6,655.0,0.22853477430052543,5.9743698033076775e-05,0.17428431590209156
202612,2026-12-16,0.21095890410958903,48620.0,52800.0,put,0,4820.0,0.22632513417430894,5.996427526091869e-05,0.0
202612,2026-12-16,0.21095890410958903,48620.0,52900.0,call,0,635.0,0.22851147541836522,5.895178009475607e-05,0.0
202612,2026-12-16,0.21095890410958903,48620.0,52900.0,put,0,4890.0,0.22477010232080322,5.928922963060441e-05,0.0
202612,2026-12-16,0.21095890410958903,48620.0,53000.0,call,392,610.0,0.2276567740496953,5.8221512023355827e-05,11.096461265136195
202612,2026-12-16,0.21095890410958903,48620.0,53000.0,put,0,4970.0,0.22461708992672982,5.846695882929939e-05,0.0
202612,2026-12-16,0.21095890410958903,48620.0,53100.0,call,2,595.0,0.2282355038246868,5.73640172037269e-05,0.05578077032890404
202612,2026-12-16,0.21095890410958903,48620.0,53100.0,put,0,5050.0,0.22438327247123516,5.764157373417812e-05,0.0
202612,2026-12-16,0.21095890410958903,48620.0,53200.0,call,15,575.0,0.22797867774924716,5.6565752667714394e-05,0.41253403420564116
202612,2026-12-16,0.21095890410958903,48620.0,53200.0,put,0,5140.0,0.22563728634583285,5.6715378152160743e-05,0.0
202612,2026-12-16,0.21095890410958903,48620.0,53300.0,call,1,555.0,0.22763944987623494,5.576282990772481e-05,0.027111887901135806
202612,2026-12-16,0.21095890410958903,48620.0,53300.0,put,0,5220.0,0.22526022365927292,5.589301092221426e-05,0.0
202612,2026-12-16,0.21095890410958903,48620.0,53400.0,call,2,540.0,0.22801693984215513,5.491549093574437e-05,0.05339982338591782
202612,2026-12-16,0.21095890410958903,48620.0,53400.0,put,0,5300.0,0.22479569090963156,5.5063689579620705e-05,0.0
202612,2026-12-16,0.21095890410958903,48620.0,53500.0,call,0,520.0,0.22751826028879774,5.41057590376862e-05,0.0
202612,2026-12-16,0.21095890410958903,48620.0,53500.0,put,0,5380.0,0.22424040050062616,5.4225767961087345e-05,0.0
202612,2026-12-16,0.21095890410958903,48620.0,53600.0,call,3,505.0,0.22775672468332717,5.326179919404484e-05,0.0776876603044338
202612,2026-12-16,0.21095890410958903,48620.0,53600.0,put,0,5460.0,0.22359066616989923,5.33774541941464e-05,0.0
202612,2026-12-16,0.21095890410958903,48620.0,53700.0,call,0,488.0,0.2275931438952562,5.242872401331216e-05,0.0
202612,2026-12-16,0.21095890410958903,48620.0,53700.0,put,0,5550.0,0.22454969803810554,5.2489908225679056e-05,0.0
202612,2026-12-16,0.21095890410958903,48620.0,53800.0,call,2,472.0,0.22752156447862895,5.158995210154529e-05,0.05016606942354264
202612,2026-12-16,0.21095890410958903,48620.0,53800.0,put,0,5630.0,0.22373327156621065,5.163173635059472e-05,0.0
202612,2026-12-16,0.21095890410958903,48620.0,53900.0,call,0,456.0,0.22737438139144137,5.0749450588994215e-05,0.0
202612,2026-12-16,0.21095890410958903,48620.0,53900.0,put,0,5710.0,0.2228109898470245,5.075779243740355e-05,0.0
202612,2026-12-16,0.21095890410958903,48620.0,54000.0,call,321,443.0,0.2276791485735789,4.990676209907498e-05,7.788958342155053
202612,2026-12-16,0.21095890410958903,48620.0,54000.0,put,0,5800.0,0.22358269804512643,4.9885909149059666e-05,0.0
202612,2026-12-16,0.21095890410958903,48620.0,54100.0,call,0,427.0,0.2273828273075704,4.906348612930783e-05,0.0
202612,2026-12-16,0.21095890410958903,48620.0,54100.0,put,0,5880.0,0.22247365543770736,4.899261265053081e-05,0.0
202612,2026-12-16,0.21095890410958903,48620.0,54200.0,call,1,409.0,0.2266363830463423,4.8208076604970505e-05,0.02343876684533666
202612,2026-12-16,0.21095890410958903,48620.0,54200.0,put,0,5960.0,0.2212430103414343,4.807661609299858e-05,0.0
202612,2026-12-16,0.21095890410958903,48620.0,54300.0,call,0,400.0,0.2274690671029611,4.738228563906175e-05,0.0
202612,2026-12-16,0.21095890410958903,48620.0,54300.0,put,0,6060.0,0.2237130712217976,4.727625864008368e-05,0.0
202612,2026-12-16,0.21095890410958903,48620.0,54400.0,call,4,387.0,0.2275005116493462,4.6544566384889733e-05,0.09051987270533356
202612,2026-12-16,0.21095890410958903,48620.0,54400.0,put,0,6140.0,0.2223183945895985,4.6351905071711096e-05,0.0
202612,2026-12-16,0.21095890410958903,48620.0,54500.0,call,1,374.0,0.22746140444119417,4.5706789408089006e-05,0.022222641010212874
202612,2026-12-16,0.21095890410958903,48620.0,54500.0,put,0,6230.0,0.22277405521017118,4.5501023882469526e-05,0.0
202612,2026-12-16,0.21095890410958903,48620.0,54600.0,call,1,361.0,0.22734933649578978,4.4867833924747456e-05,0.021814740854212214
202612,2026-12-16,0.21095890410958903,48620.0,54600.0,put,0,6320.0,0.22317337763509693,4.465663392987648e-05,0.0
202612,2026-12-16,0.21095890410958903,48620.0,54700.0,call,0,349.0,0.2273620259560346,4.403705916709269e-05,0.0
202612,2026-12-16,0.21095890410958903,48620.0,54700.0,put,0,6400.0,0.2214549642458662,4.368539641364958e-05,0.0
202612,2026-12-16,0.21095890410958903,48620.0,54800.0,call,12,338.0,0.2275082399444341,4.321794666409171e-05,0.2521507880169767
202612,2026-12-16,0.21095890410958903,48620.0,54800.0,put,0,6490.0,0.22169935976376068,4.283617946629039e-05,0.0
202612,2026-12-16,0.21095890410958903,48620.0,54900.0,call,0,326.0,0.22738140193359244,4.2387004049694756e-05,0.0
202612,2026-12-16,0.21095890410958903,48620.0,54900.0,put,0,6580.0,0.22188084992012522,4.1990291401847574e-05,0.0
202612,2026-12-16,0.21095890410958903,48620.0,55000.0,call,49,321.0,0.2286590942839351,4.165740199594222e-05,0.9924376136709283
202612,2026-12-16,0.21095890410958903,48620.0,55000.0,put,0,6670.0,0.22199738998890572,4.1146739252145774e-05,0.0
202612,2026-12-16,0.21095890410958903,48620.0,55100.0,call,0,306.0,0.22776328209073002,4.078339838926934e-05,0.0
202612,2026-12-16,0.21095890410958903,48620.0,55100.0,put,0,6760.0,0.22204671859830608,4.030449318226342e-05,0.0
202612,2026-12-16,0.21095890410958903,48620.0,55200.0,call,1,295.0,0.22763961250121417,3.996668336070693e-05,0.01943180144997571
202612,2026-12-16,0.21095890410958903,48620.0,55200.0,put,0,6850.0,0.2220263306541289,3.9462478162046575e-05,0.0
202612,2026-12-16,0.21095890410958903,48620.0,55300.0,call,0,286.0,0.22789069970081308,3.918720460673408e-05,0.0
202612,2026-12-16,0.21095890410958903,48620.0,55300.0,put,0,6940.0,0.22193344545836344,3.861956444420457e-05,0.0
202612,2026-12-16,0.21095890410958903,48620.0,55400.0,call,6,276.0,0.22785338162993307,3.8389526727933894e-05,0.11198992737072877
202612,2026-12-16,0.21095890410958903,48620.0,55400.0,put,0,7030.0,0.22176496896757011,3.777455657120657e-05,0.0
202612,2026-12-16,0.21095890410958903,48620.0,55600.0,call,20,259.0,0.22828002096858682,3.686392249809561e-05,0.3584647823714817
202612,2026-12-16,0.21095890410958903,48620.0,55600.0,put,0,7210.0,0.22118702057240436,3.6073068829031096e-05,0.0
202612,2026-12-16,0.21095890410958903,48620.0,55800.0,call,17,242.0,0.2284629209444846,3.53466941358539e-05,0.29215456571048687
202612,2026-12-16,0.21095890410958903,48620.0,55800.0,put,0,7390.0,0.22025951629875393,3.434658879419314e-05,0.0
202612,2026-12-16,0.21095890410958903,48620.0,56000.0,call,9,228.0,0.22915987174209473,3.392357696671561e-05,0.14844278809095415
202612,2026-12-16,0.21095890410958903,48620.0,56000.0,put,0,7580.0,0.22171695931374183,3.297294201832528e-05,0.0
202612,2026-12-16,0.21095890410958903,48620.0,56200.0,call,1,213.0,0.22937296918545705,3.248148369622194e-05,0.015792497373103107
202612,2026-12-16,0.21095890410958903,48620.0,56200.0,put,0,7760.0,0.22013448419157552,3.121362340009813e-05,0.0
202612,2026-12-16,0.21095890410958903,48620.0,56400.0,call,1,199.0,0.22961326574032706,3.1079006081690176e-05,0.015110612756917764
202612,2026-12-16,0.21095890410958903,48620.0,56400.0,put,0,7950.0,0.22115201764723208,2.9872490517346042e-05,0.0
202612,2026-12-16,0.21095890410958903,48620.0,56600.0,call,3,186.0,0.22989822203637528,2.972017736283859e-05,0.04334985070143637
202612,2026-12-16,0.21095890410958903,48620.0,56600.0,put,0,8130.0,0.2187672103809005,2.8036566451780478e-05,0.0
202612,2026-12-16,0.21095890410958903,48620.0,56800.0,call,1,173.0,0.2299406452745923,2.8365363947806595e-05,0.013791239951423567
202612,2026-12-16,0.21095890410958903,48620.0,56800.0,put,0,8320.0,0.21925018333275037,2.6698867605474142e-05,0.0
202612,2026-12-16,0.21095890410958903,48620.0,57000.0,call,555,165.0,0.23132222514817138,2.7244769409994022e-05,7.351755822362197
202612,2026-12-16,0.21095890410958903,48620.0,57000.0,put,0,8510.0,0.21950199887783134,2.5370303941037997e-05,0.0
202612,2026-12-16,0.21095890410958903,48620.0,57200.0,call,4,152.0,0.23089725678068682,2.5900509106900855e-05,0.05037131011110078
202612,2026-12-16,0.21095890410958903,48620.0,57200.0,put,121,8700.0,0.21950108037138694,2.404490033944001e-05,1.414566295949324
202612,2026-12-16,0.21095890410958903,48620.0,57400.0,call,262,145.0,0.23226751562597767,2.486619639045977e-05,3.1675655074808837
202612,2026-12-16,0.21095890410958903,48620.0,57400.0,put,0,8890.0,0.21922065572333554,2.2716016955869526e-05,0.0
202703,2027-03-17,0.4602739726027397,49130.0,31800.0,call,1,17290.0,0.23885131829245687,1.0944811747926576e-06,0.0005377186011756327
202703,2027-03-17,0.4602739726027397,49130.0,31800.0,put,105,106.0,0.341097640894925,4.791901020079421e-06,0.2471974019723271
202703,2027-03-17,0.4602739726027397,49130.0,32000.0,call,0,17100.0,0.23885131829245687,1.2171718343171834e-06,0.0
202703,2027-03-17,0.4602739726027397,49130.0,32000.0,put,19,113.0,0.3405722807886037,5.037381851468988e-06,0.047022448368907566
202703,2027-03-17,0.4602739726027397,49130.0,32200.0,call,0,16900.0,0.23885131829245687,1.3507156559627827e-06,0.0
202703,2027-03-17,0.4602739726027397,49130.0,32200.0,put,1,116.0,0.33783505962073473,5.210360924977217e-06,0.002559850322441307
202703,2027-03-17,0.4602739726027397,49130.0,32400.0,call,0,16710.0,0.23885131829245687,1.4957531531736186e-06,0.0
202703,2027-03-17,0.4602739726027397,49130.0,32400.0,put,0,120.0,0.335563323356436,5.406515088530643e-06,0.0
202703,2027-03-17,0.4602739726027397,49130.0,32600.0,call,0,16510.0,0.23885131829245687,1.6529322415634783e-06,0.0
202703,2027-03-17,0.4602739726027397,49130.0,32600.0,put,0,123.0,0.3327517977754677,5.588594679602634e-06,0.0
202703,2027-03-17,0.4602739726027397,49130.0,32800.0,call,0,16320.0,0.23885131829245687,1.8229055045377882e-06,0.0
202703,2027-03-17,0.4602739726027397,49130.0,32800.0,put,1,126.0,0.3299119953061795,5.775532597191573e-06,0.00283751916500022
202703,2027-03-17,0.4602739726027397,49130.0,33000.0,call,0,16120.0,0.23885131829245687,2.0063272732565835e-06,0.0
202703,2027-03-17,0.4602739726027397,49130.0,33000.0,put,11,129.0,0.32704527525439886,5.967530092989817e-06,0.03225032288154487
202703,2027-03-17,0.4602739726027397,49130.0,33200.0,call,0,15930.0,0.01,0.0,0.0
202703,2027-03-17,0.4602739726027397,49130.0,33200.0,put,2,133.0,0.32460233618791046,6.183270257704177e-06,0.006075681355220125
202703,2027-03-17,0.4602739726027397,49130.0,33400.0,call,0,15740.0,0.22190106142380517,1.6593717731634601e-06,0.0
202703,2027-03-17,0.4602739726027397,49130.0,33400.0,put,0,137.0,0.3221123817514104,6.404351581715339e-06,0.0
202703,2027-03-17,0.4602739726027397,49130.0,33600.0,call,0,15540.0,0.21877036014333365,1.70366545166589e-06,0.0
202703,2027-03-17,0.4602739726027397,49130.0,33600.0,put,1,141.0,0.3195778842483038,6.6310214058860474e-06,0.003257820816711815
202703,2027-03-17,0.4602739726027397,49130.0,33800.0,call,0,15350.0,0.23395362281575272,2.634107543087879e-06,0.0
202703,2027-03-17,0.4602739726027397,49130.0,33800.0,put,21,146.0,0.31741400096107575,6.8815057667885505e-06,0.07099855944768753
202703,2027-03-17,0.4602739726027397,49130.0,34000.0,call,0,15150.0,0.2306339047128737,2.7041630527687215e-06,0.0
202703,2027-03-17,0.4602739726027397,49130.0,34000.0,put,7,151.0,0.3151873679331713,7.137763307992927e-06,0.024547481792518474
202703,2027-03-17,0.4602739726027397,49130.0,34200.0,call,0,14960.0,0.23966559717843633,3.471967477362759e-06,0.0
202703,2027-03-17,0.4602739726027397,49130.0,34200.0,put,1,155.0,0.31251208180907797,7.382568460571227e-06,0.0036270558846786443
202703,2027-03-17,0.4602739726027397,49130.0,34400.0,call,0,14770.0,0.24591499586896112,4.143433277839179e-06,0.0
202703,2027-03-17,0.4602739726027397,49130.0,34400.0,put,0,161.0,0.310559646778557,7.668817012153776e-06,0.0
202703,2027-03-17,0.4602739726027397,49130.0,34600.0,call,0,14570.0,0.24238237331636436,4.253663728626049e-06,0.0
202703,2027-03-17,0.4602739726027397,49130.0,34600.0,put,3,166.0,0.30816470667559526,7.944245535927652e-06,0.011709023495403766
202703,2027-03-17,0.4602739726027397,49130.0,34800.0,call,0,14380.0,0.24687628458240676,4.8822768639764065e-06,0.0
202703,2027-03-17,0.4602739726027397,49130.0,34800.0,put,2,172.0,0.30607668448218306,8.243552164616686e-06,0.008100114356952355
202703,2027-03-17,0.4602739726027397,49130.0,35000.0,call,0,14190.0,0.2502380215215618,5.470782267792769e-06,0.0
202703,2027-03-17,0.4602739726027397,49130.0,35000.0,put,42,178.0,0.3039210528158732,8.549789070636307e-06,0.17642147755695195
202703,2027-03-17,0.4602739726027397,49130.0,35200.0,call,0,14000.0,0.2527657408834992,6.031568244579568e-06,0.0
202703,2027-03-17,0.4602739726027397,49130.0,35200.0,put,3,185.0,0.30203760639329036,8.879541051421877e-06,0.013087555555690704
202703,2027-03-17,0.4602739726027397,49130.0,35400.0,call,0,13810.0,0.25464706238417345,6.572878037303389e-06,0.0
202703,2027-03-17,0.4602739726027397,49130.0,35400.0,put,10,192.0,0.3000741393858082,9.216406877771e-06,0.04528020699048893
202703,2027-03-17,0.4602739726027397,49130.0,35600.0,call,0,13620.0,0.2560087382964196,7.1005603505993925e-06,0.0
202703,2027-03-17,0.4602739726027397,49130.0,35600.0,put,28,200.0,0.2983507116113271,9.576267715855386e-06,0.13173496920639305
202703,2027-03-17,0.4602739726027397,49130.0,35800.0,call,0,13420.0,0.2521994323719654,7.292434926561841e-06,0.0
202703,2027-03-17,0.4602739726027397,49130.0,35800.0,put,0,206.0,0.2959250957717869,9.913261359967383e-06,0.0
202703,2027-03-17,0.4602739726027397,49130.0,36000.0,call,0,13230.0,0.2530923447378547,7.825578012090535e-06,0.0
202703,2027-03-17,0.4602739726027397,49130.0,36000.0,put,60,214.0,0.294045321089959,1.0288985845639227e-05,0.30329872475775316
202703,2027-03-17,0.4602739726027397,49130.0,36200.0,call,0,13050.0,0.2577685885418397,8.640887951057528e-06,0.0
202703,2027-03-17,0.4602739726027397,49130.0,36200.0,put,1,223.0,0.29237293897381655,1.0687361579994174e-05,0.005250700744251138
202703,2027-03-17,0.4602739726027397,49130.0,36400.0,call,0,12860.0,0.2577550378127767,9.149358153505837e-06,0.0
202703,2027-03-17,0.4602739726027397,49130.0,36400.0,put,2,232.0,0.2906068346251597,1.1093755956685075e-05,0.010900724603038755
202703,2027-03-17,0.4602739726027397,49130.0,36600.0,call,4,12670.0,0.2575019563178201,9.65883912958374e-06,0.018981550657457966
202703,2027-03-17,0.4602739726027397,49130.0,36600.0,put,17,242.0,0.2890230469255198,1.1522198033497996e-05,0.09623455019557861
202703,2027-03-17,0.4602739726027397,49130.0,36800.0,call,0,12480.0,0.25703544160709507,1.01710016679755e-05,0.0
202703,2027-03-17,0.4602739726027397,49130.0,36800.0,put,1,252.0,0.287339712003068,1.1958960816550626e-05,0.005875437449171322
202703,2027-03-17,0.4602739726027397,49130.0,37000.0,call,0,12290.0,0.2563770729793137,1.0687335002638256e-05,0.0
202703,2027-03-17,0.4602739726027397,49130.0,37000.0,put,30,261.0,0.28530832612831963,1.2392151572972058e-05,0.18264792203403515
202703,2027-03-17,0.4602739726027397,49130.0,37200.0,call,0,12110.0,0.25863923276166134,1.141832844987912e-05,0.0
202703,2027-03-17,0.4602739726027397,49130.0,37200.0,put,2,279.0,0.28541336782715776,1.2943034940792448e-05,0.01271782613282266
202703,2027-03-17,0.4602739726027397,49130.0,37400.0,call,0,11930.0,0.2604122384882836,1.2126467105347872e-05,0.0
202703,2027-03-17,0.4602739726027397,49130.0,37400.0,put,4,295.0,0.284830418769092,1.347224494706567e-05,0.026475655769973457
202703,2027-03-17,0.4602739726027397,49130.0,37600.0,call,0,11740.0,0.2590550611421671,1.2647268483855339e-05,0.0
202703,2027-03-17,0.4602739726027397,49130.0,37600.0,put,4,306.0,0.28294637441048365,1.395418734681901e-05,0.027422768973968715
202703,2027-03-17,0.4602739726027397,49130.0,37800.0,call,0,11560.0,0.26020254842051105,1.3341924870966877e-05,0.0
202703,2027-03-17,0.4602739726027397,49130.0,37800.0,put,4,320.0,0.2816424428219442,1.4477026757935872e-05,0.02845025298469558
202703,2027-03-17,0.4602739726027397,49130.0,38000.0,call,1,11370.0,0.25853230303455216,1.3877399329618009e-05,0.006817966290641329
202703,2027-03-17,0.4602739726027397,49130.0,38000.0,put,44,331.0,0.2795775705919517,1.4980344552794032e-05,0.3238331042666591
202703,2027-03-17,0.4602739726027397,49130.0,38200.0,call,0,11190.0,0.2591717598354389,1.4568381613306925e-05,0.0
202703,2027-03-17,0.4602739726027397,49130.0,38200.0,put,1,350.0,0.27910370283538527,1.5567469519871382e-05,0.00764829777511281
202703,2027-03-17,0.4602739726027397,49130.0,38400.0,call,1,11010.0,0.25953412485813715,1.5254244515746433e-05,0.007494410330586223
202703,2027-03-17,0.4602739726027397,49130.0,38400.0,put,2,368.0,0.27825837022078587,1.6150814449708538e-05,0.01586979027828361
202703,2027-03-17,0.4602739726027397,49130.0,38600.0,call,0,10830.0,0.25964801474525145,1.5937729592892567e-05,0.0
202703,2027-03-17,0.4602739726027397,49130.0,38600.0,put,3,384.0,0.27687875008313634,1.672603973080947e-05,0.02465250995924008
202703,2027-03-17,0.4602739726027397,49130.0,38800.0,call,0,10650.0,0.2595371305184706,1.6621212680026912e-05,0.0
202703,2027-03-17,0.4602739726027397,49130.0,38800.0,put,1,403.0,0.27595094848363605,1.7332257111855518e-05,0.008515337919054617
202703,2027-03-17,0.4602739726027397,49130.0,39000.0,call,0,10470.0,0.2592213482198215,1.7306793830299746e-05,0.0
202703,2027-03-17,0.4602739726027397,49130.0,39000.0,put,7,410.0,0.27267964048372045,1.7868836363894884e-05,0.06145271513907089
202703,2027-03-17,0.4602739726027397,49130.0,39200.0,call,0,10290.0,0.2587175157136826,1.7996364111267028e-05,0.0
202703,2027-03-17,0.4602739726027397,49130.0,39200.0,put,1,443.0,0.2740363755746011,1.858020709814237e-05,0.009128455747317347
202703,2027-03-17,0.4602739726027397,49130.0,39400.0,call,0,10110.0,0.2580400467239291,1.8691656370600596e-05,0.0
202703,2027-03-17,0.4602739726027397,49130.0,39400.0,put,4,464.0,0.27304510077373845,1.9221714125189448e-05,0.03777451259882231
202703,2027-03-17,0.4602739726027397,49130.0,39600.0,call,0,9940.0,0.2589963294293217,1.9463055877757377e-05,0.0
202703,2027-03-17,0.4602739726027397,49130.0,39600.0,put,6,487.0,0.2722504235882824,1.9880564979090526e-05,0.058603929445363065
202703,2027-03-17,0.4602739726027397,49130.0,39800.0,call,0,9770.0,0.2596730056363189,2.0225030351340463e-05,0.0
202703,2027-03-17,0.4602739726027397,49130.0,39800.0,put,3,510.0,0.271308264573164,2.054682253737901e-05,0.030283961737842927
202703,2027-03-17,0.4602739726027397,49130.0,40000.0,call,2,9590.0,0.2584398615228103,2.0932841529531334e-05,0.020568610086917488
202703,2027-03-17,0.4602739726027397,49130.0,40000.0,put,39,530.0,0.2697558756089394,2.1212423152514628e-05,0.40644487629838705
202703,2027-03-17,0.4602739726027397,49130.0,40200.0,call,0,9420.0,0.2586911899261057,2.1694408925153555e-05,0.0
202703,2027-03-17,0.4602739726027397,49130.0,40200.0,put,4,560.0,0.26962515666734277,2.1916292756426467e-05,0.04306989852492929
202703,2027-03-17,0.4602739726027397,49130.0,40400.0,call,0,9250.0,0.2587245763467107,2.2454417142702422e-05,0.0
202703,2027-03-17,0.4602739726027397,49130.0,40400.0,put,1,590.0,0.2693091839850333,2.262229348372285e-05,0.011114332788553036
202703,2027-03-17,0.4602739726027397,49130.0,40600.0,call,0,9080.0,0.25855667985661746,2.321516376949524e-05,0.0
202703,2027-03-17,0.4602739726027397,49130.0,40600.0,put,0,615.0,0.2681015666326406,2.3326598520078866e-05,0.0
202703,2027-03-17,0.4602739726027397,49130.0,40800.0,call,0,8910.0,0.2582017925115803,2.397872057585535e-05,0.0
202703,2027-03-17,0.4602739726027397,49130.0,40800.0,put,2,645.0,0.26746984901074566,2.404490656241258e-05,0.023626525188226603
202703,2027-03-17,0.4602739726027397,49130.0,41000.0,call,0,8740.0,0.25767226572018986,2.4746985529514937e-05,0.0
202703,2027-03-17,0.4602739726027397,49130.0,41000.0,put,2,675.0,0.26668366922593173,2.476990228058024e-05,0.024338905980898145
202703,2027-03-17,0.4602739726027397,49130.0,41200.0,call,0,8570.0,0.2569788406574525,2.5521723810261695e-05,0.0
202703,2027-03-17,0.4602739726027397,49130.0,41200.0,put,2,705.0,0.2657513918584404,2.550299664648877e-05,0.02505924450483987
202703,2027-03-17,0.4602739726027397,49130.0,41400.0,call,0,8400.0,0.25613090769068747,2.6304600786945066e-05,0.0
202703,2027-03-17,0.4602739726027397,49130.0,41400.0,put,3,735.0,0.26468040659742265,2.6245548853248034e-05,0.038683314454802276
202703,2027-03-17,0.4602739726027397,49130.0,41600.0,call,0,8240.0,0.2564356381728613,2.7085049365193793e-05,0.0
202703,2027-03-17,0.4602739726027397,49130.0,41600.0,put,0,775.0,0.26473999588812724,2.698005643992322e-05,0.0
202703,2027-03-17,0.4602739726027397,49130.0,41800.0,call,0,8090.0,0.2577894120926349,2.7842823691248765e-05,0.0
202703,2027-03-17,0.4602739726027397,49130.0,41800.0,put,1,815.0,0.26461173190422943,2.771491542665578e-05,0.013616337949115985
202703,2027-03-17,0.4602739726027397,49130.0,42000.0,call,1,7920.0,0.2564359744417134,2.864141863461323e-05,0.01407152897518548
202703,2027-03-17,0.4602739726027397,49130.0,42000.0,put,10,850.0,0.2637077793460091,2.8467535990454118e-05,0.13986100432110107
202703,2027-03-17,0.4602739726027397,49130.0,42200.0,call,0,7760.0,0.25615708244142377,2.9421662103275762e-05,0.0
202703,2027-03-17,0.4602739726027397,49130.0,42200.0,put,1,885.0,0.2626643237012969,2.922955514530539e-05,0.01436048044288854
202703,2027-03-17,0.4602739726027397,49130.0,42400.0,call,0,7600.0,0.2557063991498933,3.0205847265291414e-05,0.0
202703,2027-03-17,0.4602739726027397,49130.0,42400.0,put,1,925.0,0.26206056798392424,2.9981318412308103e-05,0.01472982173596697
202703,2027-03-17,0.4602739726027397,49130.0,42600.0,call,1,7440.0,0.2550929356616141,3.0995728331480695e-05,0.015228201329256464
202703,2027-03-17,0.4602739726027397,49130.0,42600.0,put,1,965.0,0.2613042383474834,3.0739778542026534e-05,0.015102453197697636
202703,2027-03-17,0.4602739726027397,49130.0,42800.0,call,1,7280.0,0.25432460016829406,3.179296000532397e-05,0.015619881250615666
202703,2027-03-17,0.4602739726027397,49130.0,42800.0,put,1,1000.0,0.25985326767355454,3.153277527720006e-05,0.01549205249368839
202703,2027-03-17,0.4602739726027397,49130.0,43000.0,call,0,7130.0,0.25449655912807695,3.254202801629071e-05,0.0
202703,2027-03-17,0.4602739726027397,49130.0,43000.0,put,2,1040.0,0.25882256527071157,3.231152275976423e-05,0.03174930226374433
202703,2027-03-17,0.4602739726027397,49130.0,43200.0,call,1,6980.0,0.25448018501892977,3.329026961582037e-05,0.016355509462252546
202703,2027-03-17,0.4602739726027397,49130.0,43200.0,put,1,1090.0,0.25871108928035935,3.303787673457278e-05,0.016231508839695607
202703,2027-03-17,0.4602739726027397,49130.0,43400.0,call,1,6820.0,0.253244498665997,3.410790465822842e-05,0.01675721355858762
202703,2027-03-17,0.4602739726027397,49130.0,43400.0,put,1,1130.0,0.2573955273917697,3.383456139203202e-05,0.01662292001190533
202703,2027-03-17,0.4602739726027397,49130.0,43600.0,call,1,6670.0,0.25290131209447014,3.4865417883349214e-05,0.01712937980608947
202703,2027-03-17,0.4602739726027397,49130.0,43600.0,put,0,1180.0,0.2569691524128072,3.457138869131849e-05,0.0
202703,2027-03-17,0.4602739726027397,49130.0,43800.0,call,0,6530.0,0.2533948570499431,3.554857551021322e-05,0.0
202703,2027-03-17,0.4602739726027397,49130.0,43800.0,put,1,1240.0,0.25737826657725704,3.5234922647054354e-05,0.017310917496497803
202703,2027-03-17,0.4602739726027397,49130.0,44000.0,call,13,6390.0,0.2536934458414029,3.622780562998485e-05,0.23138337177815022
202703,2027-03-17,0.4602739726027397,49130.0,44000.0,put,19,1290.0,0.25662474407339403,3.597827520306259e-05,0.3358464055380283
202703,2027-03-17,0.4602739726027397,49130.0,44200.0,call,2,6240.0,0.25284544382763446,3.6993247568142354e-05,0.03634956506045668
202703,2027-03-17,0.4602739726027397,49130.0,44200.0,put,1,1340.0,0.25572630331570345,3.6729439615339446e-05,0.01804517368301627
202703,2027-03-17,0.4602739726027397,49130.0,44400.0,call,1,6090.0,0.25185430551880134,3.776768019214218e-05,0.018555261278399453
202703,2027-03-17,0.4602739726027397,49130.0,44400.0,put,1,1390.0,0.2546877278853877,3.7489724687126856e-05,0.018418701738785424
202703,2027-03-17,0.4602739726027397,49130.0,44600.0,call,2,5950.0,0.2516551273910566,3.8454728512423125e-05,0.03778561623630696
202703,2027-03-17,0.4602739726027397,49130.0,44600.0,put,1,1450.0,0.2544406710350162,3.816381454348679e-05,0.018749882085215063
202703,2027-03-17,0.4602739726027397,49130.0,44800.0,call,1,5810.0,0.2512918393151039,3.914437033660225e-05,0.019231629146372685
202703,2027-03-17,0.4602739726027397,49130.0,44800.0,put,4,1510.0,0.2540327478915426,3.884081287943356e-05,0.07632996547066283
202703,2027-03-17,0.4602739726027397,49130.0,45000.0,call,1,5660.0,0.2498690939197257,3.994430143436811e-05,0.019624635294705053
202703,2027-03-17,0.4602739726027397,49130.0,45000.0,put,3,1560.0,0.2525707964141738,3.962689633158659e-05,0.058406082503125484
202703,2027-03-17,0.4602739726027397,49130.0,45200.0,call,2,5530.0,0.25009639126817274,4.053700369737568e-05,0.03983165983304134
202703,2027-03-17,0.4602739726027397,49130.0,45200.0,put,1,1620.0,0.2518705919023084,4.031766593060769e-05,0.019808069271707557
202703,2027-03-17,0.4602739726027397,49130.0,45400.0,call,1,5390.0,0.24927413355648076,4.124258096350595e-05,0.020262480027370473
202703,2027-03-17,0.4602739726027397,49130.0,45400.0,put,2,1680.0,0.25102389137882086,4.10150930551185e-05,0.04030143043595944
202703,2027-03-17,0.4602739726027397,49130.0,45600.0,call,1,5260.0,0.2491714219972297,4.183784390683341e-05,0.020554932711427255
202703,2027-03-17,0.4602739726027397,49130.0,45600.0,put,1,1750.0,0.2508971513685363,4.160345316157827e-05,0.020439776538283404
202703,2027-03-17,0.4602739726027397,49130.0,45800.0,call,2,5130.0,0.2489059352300135,4.243454810777226e-05,0.04169618697069702
202703,2027-03-17,0.4602739726027397,49130.0,45800.0,put,1,1820.0,0.2506093516980683,4.219339847838086e-05,0.02072961667242852
202703,2027-03-17,0.4602739726027397,49130.0,46000.0,call,5,5000.0,0.24848279021780975,4.303388121510733e-05,0.10571272920491118
202703,2027-03-17,0.4602739726027397,49130.0,46000.0,put,8,1890.0,0.2501654679936871,4.278607360414359e-05,0.168166383693726
202703,2027-03-17,0.4602739726027397,49130.0,46200.0,call,1,4870.0,0.24790641864692087,4.363694239159741e-05,0.02143882979699181
202703,2027-03-17,0.4602739726027397,49130.0,46200.0,put,1,1960.0,0.24956981148671564,4.338253963338018e-05,0.021313841721879685
202703,2027-03-17,0.4602739726027397,49130.0,46400.0,call,1,4750.0,0.24800350873216903,4.411390022066932e-05,0.02167315917841484
202703,2027-03-17,0.4602739726027397,49130.0,46400.0,put,1,2030.0,0.24882609033801703,4.3983789039742746e-05,0.02160923555522561
202703,2027-03-17,0.4602739726027397,49130.0,46600.0,call,2,4610.0,0.2463086700408986,4.485829548466471e-05,0.044077761143231545
202703,2027-03-17,0.4602739726027397,49130.0,46600.0,put,1,2100.0,0.24793745904884304,4.45907579425761e-05,0.02190743937718764
202703,2027-03-17,0.4602739726027397,49130.0,46800.0,call,8,4490.0,0.2461000060314101,4.534099970550069e-05,0.1782082652424999
202703,2027-03-17,0.4602739726027397,49130.0,46800.0,put,1,2170.0,0.24690655777410087,4.520433622354461e-05,0.022208890386627465
202703,2027-03-17,0.4602739726027397,49130.0,47000.0,call,150,4370.0,0.2457355429040787,4.5825375837499085e-05,3.377101072344495
202703,2027-03-17,0.4602739726027397,49130.0,47000.0,put,52,2250.0,0.24653477183955141,4.568623285157862e-05,1.16717360239899
202703,2027-03-17,0.4602739726027397,49130.0,47200.0,call,1,4250.0,0.24521875117957168,4.631223250235882e-05,0.02275319982840889
202703,2027-03-17,0.4602739726027397,49130.0,47200.0,put,1,2330.0,0.2460112615047921,4.617062275991008e-05,0.022683626961943825
202703,2027-03-17,0.4602739726027397,49130.0,47400.0,call,1,4130.0,0.24455253806152003,4.680230454302782e-05,0.02299397222198957
202703,2027-03-17,0.4602739726027397,49130.0,47400.0,put,3,2410.0,0.24533890086114565,4.6658229041271896e-05,0.06876956378393065
202703,2027-03-17,0.4602739726027397,49130.0,47600.0,call,1,4010.0,0.2437392836523284,4.729626209148277e-05,0.023236653565545485
202703,2027-03-17,0.4602739726027397,49130.0,47600.0,put,3,2490.0,0.24452004280759337,4.71497114082052e-05,0.06949395964455364
202703,2027-03-17,0.4602739726027397,49130.0,47800.0,call,1,3900.0,0.24355654576643712,4.7645672828926e-05,0.023408319060851345
202703,2027-03-17,0.4602739726027397,49130.0,47800.0,put,3,2580.0,0.2443321720073769,4.749754141028195e-05,0.07000662628461457
202703,2027-03-17,0.4602739726027397,49130.0,48000.0,call,74,3780.0,0.24244979253284177,4.814666420760602e-05,1.750429753264566
202703,2027-03-17,0.4602739726027397,49130.0,48000.0,put,63,2660.0,0.24322086098484763,4.799603375443823e-05,1.4855684371639966
202703,2027-03-17,0.4602739726027397,49130.0,48200.0,call,5,3680.0,0.242734685507989,4.8347808130012605e-05,0.11876639067137595
202703,2027-03-17,0.4602739726027397,49130.0,48200.0,put,1,2750.0,0.2427346855079888,4.8347808130012646e-05,0.02375327813427521
202703,2027-03-17,0.4602739726027397,49130.0,48400.0,call,3,3570.0,0.2420999608468068,4.870138510587447e-05,0.07178097150754839
202703,2027-03-17,0.4602739726027397,49130.0,48400.0,put,1,2840.0,0.2420999608468069,4.870138510587445e-05,0.023926990502516118
202703,2027-03-17,0.4602739726027397,49130.0,48600.0,call,5,3460.0,0.2413181345272162,4.905708388209815e-05,0.1205087265563741
202703,2027-03-17,0.4602739726027397,49130.0,48600.0,put,1,2930.0,0.2413181345272162,4.905708388209815e-05,0.02410174531127482
202703,2027-03-17,0.4602739726027397,49130.0,48800.0,call,20,3350.0,0.2403901730492541,4.9415155646329274e-05,0.4855533193808314
202703,2027-03-17,0.4602739726027397,49130.0,48800.0,put,1,3020.0,0.2403901730492539,4.9415155646329315e-05,0.02427766596904159
202703,2027-03-17,0.4602739726027397,49130.0,49000.0,call,27,3240.0,0.23931656746726,4.977578333534676e-05,0.6602807435217084
202703,2027-03-17,0.4602739726027397,49130.0,49000.0,put,6,3110.0,0.23931656746726,4.977578333534676e-05,0.1467290541159352
202703,2027-03-17,0.4602739726027397,49130.0,49200.0,call,5,3140.0,0.23885131829245687,4.997978229660528e-05,0.12277533521161088
202703,2027-03-17,0.4602739726027397,49130.0,49200.0,put,1,3210.0,0.23885131829245682,4.997978229660529e-05,0.02455506704232218
202703,2027-03-17,0.4602739726027397,49130.0,49400.0,call,6,3050.0,0.23899054669368527,5.002524254047436e-05,0.1474644099608103
202703,2027-03-17,0.4602739726027397,49130.0,49400.0,put,1,3310.0,0.23823768288370034,5.018418506595168e-05,0.02465549012290206
202703,2027-03-17,0.4602739726027397,49130.0,49600.0,call,1,2950.0,0.23822836124112795,5.022933875850102e-05,0.02467767413205155
202703,2027-03-17,0.4602739726027397,49130.0,49600.0,put,1,3410.0,0.23747615480635748,5.038892295945208e-05,0.024756077849978807
202703,2027-03-17,0.4602739726027397,49130.0,49800.0,call,2,2860.0,0.23807080986515902,5.027439467952902e-05,0.04939962021210522
202703,2027-03-17,0.4602739726027397,49130.0,49800.0,put,1,3520.0,0.23731877595227666,5.043361962773892e-05,0.02477803732310813
202703,2027-03-17,0.4602739726027397,49130.0,50000.0,call,26,2760.0,0.23701365889371842,5.047799140706088e-05,0.6447957666355144
202703,2027-03-17,0.4602739726027397,49130.0,50000.0,put,21,3620.0,0.23626131153003666,5.0637845615406836e-05,0.5224458445678368
202703,2027-03-17,0.4602739726027397,49130.0,50200.0,call,2,2680.0,0.23731440357240374,5.0363243389507684e-05,0.04948692295453025
202703,2027-03-17,0.4602739726027397,49130.0,50200.0,put,1,3730.0,0.2358081496633838,5.068120697164971e-05,0.024899676985171506
202703,2027-03-17,0.4602739726027397,49130.0,50400.0,call,1,2590.0,0.23671605992145195,5.040634866057861e-05,0.024764639096942268
202703,2027-03-17,0.4602739726027397,49130.0,50400.0,put,1,3840.0,0.2352072540688744,5.072352894440676e-05,0.024920469770387043
202703,2027-03-17,0.4602739726027397,49130.0,50600.0,call,1,2510.0,0.23672658312652708,5.029124773337967e-05,0.024708090011409434
202703,2027-03-17,0.4602739726027397,49130.0,50600.0,put,1,3960.0,0.23521435006927285,5.060565711727127e-05,0.024862559341715374
202703,2027-03-17,0.4602739726027397,49130.0,50800.0,call,2,2420.0,0.2358351144418252,5.033124529490062e-05,0.04945548162676935
202703,2027-03-17,0.4602739726027397,49130.0,50800.0,put,1,4070.0,0.23431832137085573,5.064477161512203e-05,0.024881776294509453
202703,2027-03-17,0.4602739726027397,49130.0,51000.0,call,1426,2340.0,0.23555557455369866,5.021367496390433e-05,35.1793893549266
202703,2027-03-17,0.4602739726027397,49130.0,51000.0,put,4,4190.0,0.23403337045459446,5.0524336673243835e-05,0.09929042643025877
202703,2027-03-17,0.4602739726027397,49130.0,51200.0,call,2,2260.0,0.2351314705452874,5.009457617563522e-05,0.04922293055017917
202703,2027-03-17,0.4602739726027397,49130.0,51200.0,put,1,4310.0,0.23360283228796136,5.040230906105126e-05,0.024762654441694485
202703,2027-03-17,0.4602739726027397,49130.0,51400.0,call,0,2180.0,0.23456191765424214,4.9973174611637104e-05,0.0
202703,2027-03-17,0.4602739726027397,49130.0,51400.0,put,1,4430.0,0.23302577360459223,5.027788778514522e-05,0.02470152626884185
202703,2027-03-17,0.4602739726027397,49130.0,51600.0,call,3,2100.0,0.2338455340092095,4.9848591344447714e-05,0.0734718387825815
202703,2027-03-17,0.4602739726027397,49130.0,51600.0,put,1,4540.0,0.23152801337010023,5.030228664187976e-05,0.024713513427155526
202703,2027-03-17,0.4602739726027397,49130.0,51800.0,call,1,2030.0,0.23375730910486955,4.957198181437601e-05,0.024354714665402934
202703,2027-03-17,0.4602739726027397,49130.0,51800.0,put,1,4670.0,0.2314257853933979,5.0018098502954296e-05,0.024573891794501448
202703,2027-03-17,0.4602739726027397,49130.0,52000.0,call,11,1960.0,0.23352851934510913,4.929430942778924e-05,0.2664012364406014
202703,2027-03-17,0.4602739726027397,49130.0,52000.0,put,1,4800.0,0.23118135217297459,4.9732705372208035e-05,0.024433678149365805
202703,2027-03-17,0.4602739726027397,49130.0,52200.0,call,1,1900.0,0.23394538962786815,4.887264602689113e-05,0.024011130993011612
202703,2027-03-17,0.4602739726027397,49130.0,52200.0,put,1,4930.0,0.23079340709215723,4.944502730171516e-05,0.024292341913332658
202703,2027-03-17,0.4602739726027397,49130.0,52400.0,call,11,1830.0,0.2334376622401097,4.8592335270434264e-05,0.26260755750200787
202703,2027-03-17,0.4602739726027397,49130.0,52400.0,put,1,5070.0,0.23105518162895441,4.901234608613168e-05,0.024079765632116498
202703,2027-03-17,0.4602739726027397,49130.0,52600.0,call,1,1760.0,0.23278491658961162,4.830768039678942e-05,0.023733563378942647
202703,2027-03-17,0.4602739726027397,49130.0,52600.0,put,1,5190.0,0.22957918939925226,4.885794602647731e-05,0.024003908882808307
202703,2027-03-17,0.4602739726027397,49130.0,52800.0,call,0,1700.0,0.23279218623230702,4.7884423086004644e-05,0.0
202703,2027-03-17,0.4602739726027397,49130.0,52800.0,put,1,5330.0,0.22955770132984268,4.8420130394381084e-05,0.023788810062759427
202703,2027-03-17,0.4602739726027397,49130.0,53000.0,call,12,1640.0,0.23266442183010827,4.746062298163235e-05,0.2798088488505117
202703,2027-03-17,0.4602739726027397,49130.0,53000.0,put,0,5470.0,0.22939868768155336,4.798146196573415e-05,0.0
202703,2027-03-17,0.4602739726027397,49130.0,53200.0,call,1,1590.0,0.23322292974465364,4.69100796912337e-05,0.023046922152303115
202703,2027-03-17,0.4602739726027397,49130.0,53200.0,put,1,5610.0,0.2291001789935309,4.7540577350069014e-05,0.023356685652088906
202703,2027-03-17,0.4602739726027397,49130.0,53400.0,call,6,1530.0,0.232828266048958,4.648512436617911e-05,0.1370288496066228
202703,2027-03-17,0.4602739726027397,49130.0,53400.0,put,1,5750.0,0.22865968935984213,4.709600544414932e-05,0.023138267474710563
202703,2027-03-17,0.4602739726027397,49130.0,53600.0,call,2,1470.0,0.23229252036447184,4.605567925896184e-05,0.04525431043985591
202703,2027-03-17,0.4602739726027397,49130.0,53600.0,put,0,5890.0,0.22807416711166634,4.664614453192769e-05,0.0
202703,2027-03-17,0.4602739726027397,49130.0,53800.0,call,1,1410.0,0.23161240182480655,4.562016455074515e-05,0.022413186843781092
202703,2027-03-17,0.4602739726027397,49130.0,53800.0,put,0,6040.0,0.22819656811278052,4.607460855235691e-05,0.0
202703,2027-03-17,0.4602739726027397,49130.0,54000.0,call,11,1360.0,0.2316467214916043,4.5068557577588114e-05,0.24356400571655945
202703,2027-03-17,0.4602739726027397,49130.0,54000.0,put,0,6180.0,0.22732129513002336,4.561335876326599e-05,0.0
202703,2027-03-17,0.4602739726027397,49130.0,54200.0,call,4,1310.0,0.23155160592770072,4.4516613380183016e-05,0.08748404861473566
202703,2027-03-17,0.4602739726027397,49130.0,54200.0,put,0,6330.0,0.22716931525486603,4.503647538923417e-05,0.0
202703,2027-03-17,0.4602739726027397,49130.0,54400.0,call,11,1270.0,0.232208899539051,4.386462101871932e-05,0.23705757137146477
202703,2027-03-17,0.4602739726027397,49130.0,54400.0,put,0,6480.0,0.22688108811535518,4.4456941181689614e-05,0.0
202703,2027-03-17,0.4602739726027397,49130.0,54600.0,call,3,1220.0,0.2318594885483037,4.331258602619998e-05,0.06383842054401616
202703,2027-03-17,0.4602739726027397,49130.0,54600.0,put,0,6630.0,0.22645314136744027,4.387299199447994e-05,0.0
202703,2027-03-17,0.4602739726027397,49130.0,54800.0,call,3,1170.0,0.23137244147413594,4.2755690705233446e-05,0.06301761253044358
202703,2027-03-17,0.4602739726027397,49130.0,54800.0,put,0,6790.0,0.22680108077366953,4.319486763424536e-05,0.0
202703,2027-03-17,0.4602739726027397,49130.0,55000.0,call,24,1130.0,0.23166722566343262,4.210989123927608e-05,0.4965261495805521
202703,2027-03-17,0.4602739726027397,49130.0,55000.0,put,0,6940.0,0.22609643829173973,4.260228771962899e-05,0.0
202703,2027-03-17,0.4602739726027397,49130.0,55200.0,call,7,1090.0,0.2318448455523312,4.146694286226372e-05,0.14260896319761118
202703,2027-03-17,0.4602739726027397,49130.0,55200.0,put,0,7100.0,0.2261891744828064,4.192388118822493e-05,0.0
202703,2027-03-17,0.4602739726027397,49130.0,55400.0,call,6,1050.0,0.23190298731835857,4.0825431334394556e-05,0.12034520648752828
202703,2027-03-17,0.4602739726027397,49130.0,55400.0,put,0,7250.0,0.2251905649238503,4.1314878005675635e-05,0.0
202703,2027-03-17,0.4602739726027397,49130.0,55600.0,call,1,1010.0,0.23183891149056407,4.01838829060393e-05,0.01974234167173711
202703,2027-03-17,0.4602739726027397,49130.0,55600.0,put,0,7410.0,0.22501270102925489,4.062886292292472e-05,0.0
202703,2027-03-17,0.4602739726027397,49130.0,55800.0,call,4,970.0,0.23164940561384287,3.9540746708208975e-05,0.07770547543097228
202703,2027-03-17,0.4602739726027397,49130.0,55800.0,put,0,7570.0,0.22470123492039157,3.993944172324624e-05,0.0
202703,2027-03-17,0.4602739726027397,49130.0,56000.0,call,1442,930.0,0.23133072650780817,3.889437437780829e-05,27.554898442080425
202703,2027-03-17,0.4602739726027397,49130.0,56000.0,put,0,7730.0,0.22425149649473597,3.924461466706492e-05,0.0
202703,2027-03-17,0.4602739726027397,49130.0,56200.0,call,6,895.0,0.2313878316720199,3.822016437103484e-05,0.1126654005329365
202703,2027-03-17,0.4602739726027397,49130.0,56200.0,put,0,7890.0,0.22365805388781,3.8542206903335994e-05,0.0
202703,2027-03-17,0.4602739726027397,49130.0,56400.0,call,12,860.0,0.23132591736875555,3.75459241699418e-05,0.2213557505363089
202703,2027-03-17,0.4602739726027397,49130.0,56400.0,put,0,8060.0,0.22397986857196217,3.779790773536301e-05,0.0
202703,2027-03-17,0.4602739726027397,49130.0,56600.0,call,7,825.0,0.23114136721201103,3.687008294434772e-05,0.12679990225390625
202703,2027-03-17,0.4602739726027397,49130.0,56600.0,put,0,8220.0,0.223104058504459,3.708174062249349e-05,0.0
202703,2027-03-17,0.4602739726027397,49130.0,56800.0,call,2,790.0,0.23083000436425116,3.6190970290749735e-05,0.03556124740769069
202703,2027-03-17,0.4602739726027397,49130.0,56800.0,put,0,8390.0,0.2231771153292977,3.633554261494909e-05,0.0
202703,2027-03-17,0.4602739726027397,49130.0,57000.0,call,16,760.0,0.23093658570198666,3.549794121713218e-05,0.27904221631963266
202703,2027-03-17,0.4602739726027397,49130.0,57000.0,put,0,8550.0,0.22199373584872556,3.5596328169262465e-05,0.0
202703,2027-03-17,0.4602739726027397,49130.0,57200.0,call,17,730.0,0.23092924828618605,3.4805559212441086e-05,0.2906995110982292
202703,2027-03-17,0.4602739726027397,49130.0,57200.0,put,0,8720.0,0.2217965763132817,3.48400133134372e-05,0.0
202703,2027-03-17,0.4602739726027397,49130.0,57400.0,call,222,705.0,0.23137514330690903,3.4110501126540957e-05,3.720384603170245
202703,2027-03-17,0.4602739726027397,49130.0,57400.0,put,0,8890.0,0.22146788931985598,3.407971769559944e-05,0.0
202703,2027-03-17,0.4602739726027397,49130.0,57600.0,call,0,665.0,0.2299722527820269,3.341399632202033e-05,0.0
202703,2027-03-17,0.4602739726027397,49130.0,57600.0,put,0,9050.0,0.21977520898970157,3.328994462678601e-05,0.0
202703,2027-03-17,0.4602739726027397,49130.0,57800.0,call,11,640.0,0.23018309699876885,3.271666849149687e-05,0.17681069152859652
202703,2027-03-17,0.4602739726027397,49130.0,57800.0,put,0,9230.0,0.22039071896973164,3.25384034309623e-05,0.0
202706,2027-06-16,0.7095890410958904,49640.0,36600.0,call,1,13330.0,0.24893738823279432,1.1384248764111317e-05,0.005651141086504857
202706,2027-06-16,0.7095890410958904,49640.0,36600.0,put,29,480.0,0.2826875750524198,1.268728204146576e-05,0.1826410373561245
202706,2027-06-16,0.7095890410958904,49640.0,36800.0,call,0,13150.0,0.2492906713074972,1.1867891993622428e-05,0.0
202706,2027-06-16,0.7095890410958904,49640.0,36800.0,put,3,494.0,0.28097301827351645,1.3050817305197941e-05,0.01943527713090077
202706,2027-06-16,0.7095890410958904,49640.0,37000.0,call,0,12980.0,0.25129912945719424,1.2434524849438773e-05,0.0
202706,2027-06-16,0.7095890410958904,49640.0,37000.0,put,8,520.0,0.2810260661240362,1.3468538915420272e-05,0.05348626174091698
202706,2027-06-16,0.7095890410958904,49640.0,37200.0,call,0,12800.0,0.25122491055513085,1.290934961032321e-05,0.0
202706,2027-06-16,0.7095890410958904,49640.0,37200.0,put,5,535.0,0.27931429847302325,1.3847825294666865e-05,0.03437030238136316
202706,2027-06-16,0.7095890410958904,49640.0,37400.0,call,0,12630.0,0.25269170508255145,1.3454638754038874e-05,0.0
202706,2027-06-16,0.7095890410958904,49640.0,37400.0,put,5,560.0,0.2789895372913289,1.4267502577137783e-05,0.035411941396455975
202706,2027-06-16,0.7095890410958904,49640.0,37600.0,call,0,12450.0,0.25227142452221435,1.3927244404539115e-05,0.0
202706,2027-06-16,0.7095890410958904,49640.0,37600.0,put,9,585.0,0.27854276732244565,1.4689242198725168e-05,0.06562565844702456
202706,2027-06-16,0.7095890410958904,49640.0,37800.0,call,0,12280.0,0.25329511074272737,1.4459586617611364e-05,0.0
202706,2027-06-16,0.7095890410958904,49640.0,37800.0,put,7,605.0,0.27729956442631504,1.510091237652554e-05,0.05247265032595095
202706,2027-06-16,0.7095890410958904,49640.0,38000.0,call,0,12110.0,0.25409511606163715,1.498449301569174e-05,0.0
202706,2027-06-16,0.7095890410958904,49640.0,38000.0,put,18,630.0,0.2766472124339125,1.5530249469436674e-05,0.13876588505931056
202706,2027-06-16,0.7095890410958904,49640.0,38200.0,call,0,11940.0,0.25469193717942684,1.5503867900207272e-05,0.0
202706,2027-06-16,0.7095890410958904,49640.0,38200.0,put,11,660.0,0.2765399143799221,1.597287654986006e-05,0.08721829511285588
202706,2027-06-16,0.7095890410958904,49640.0,38400.0,call,0,11770.0,0.2551029220979944,1.60193510145237e-05,0.0
202706,2027-06-16,0.7095890410958904,49640.0,38400.0,put,20,685.0,0.275671105320049,1.6408758674302004e-05,0.16290615611847029
202706,2027-06-16,0.7095890410958904,49640.0,38600.0,call,0,11600.0,0.25534290125402476,1.653237438535876e-05,0.0
202706,2027-06-16,0.7095890410958904,49640.0,38600.0,put,17,715.0,0.275327064368966,1.685578162541846e-05,0.1422425699805813
202706,2027-06-16,0.7095890410958904,49640.0,38800.0,call,0,11430.0,0.2554246640717014,1.7044205440739935e-05,0.0
202706,2027-06-16,0.7095890410958904,49640.0,38800.0,put,15,745.0,0.2748665002773553,1.730509698425215e-05,0.1288537521447415
202706,2027-06-16,0.7095890410958904,49640.0,39000.0,call,0,11260.0,0.25535932474310696,1.7555980271807887e-05,0.0
202706,2027-06-16,0.7095890410958904,49640.0,39000.0,put,3,775.0,0.2742957097432192,1.775733730068205e-05,0.026444226708175714
202706,2027-06-16,0.7095890410958904,49640.0,39200.0,call,0,11090.0,0.25515660709891336,1.8068729692968362e-05,0.0
202706,2027-06-16,0.7095890410958904,49640.0,39200.0,put,0,805.0,0.27362034593310414,1.8213102680801002e-05,0.0
202706,2027-06-16,0.7095890410958904,49640.0,39400.0,call,0,10930.0,0.256029523385611,1.8595791156682695e-05,0.0
202706,2027-06-16,0.7095890410958904,49640.0,39400.0,put,7,835.0,0.27284550108614064,1.867296746228636e-05,0.06488482733795264
202706,2027-06-16,0.7095890410958904,49640.0,39600.0,call,0,10770.0,0.2567146476185859,1.9116702079666828e-05,0.0
202706,2027-06-16,0.7095890410958904,49640.0,39600.0,put,10,870.0,0.2725246394423334,1.9135853912579283e-05,0.09499037882204356
202706,2027-06-16,0.7095890410958904,49640.0,39800.0,call,0,10600.0,0.2560909371032774,1.9630195029948243e-05,0.0
202706,2027-06-16,0.7095890410958904,49640.0,39800.0,put,11,895.0,0.27101533554700175,1.9607197243407226e-05,0.1070631398279008
202706,2027-06-16,0.7095890410958904,49640.0,40000.0,call,1,10440.0,0.25647124411787703,2.0147600018028947e-05,0.01000126864894957
202706,2027-06-16,0.7095890410958904,49640.0,40000.0,put,2,940.0,0.27154617808834447,2.0068963819965843e-05,0.01992446728046209
202706,2027-06-16,0.7095890410958904,49640.0,40200.0,call,0,10280.0,0.2566982401098689,2.0662743838067363e-05,0.0
202706,2027-06-16,0.7095890410958904,49640.0,40200.0,put,0,980.0,0.27141284745513394,2.0534203647261455e-05,0.0
202706,2027-06-16,0.7095890410958904,49640.0,40400.0,call,0,10120.0,0.2567815082259168,2.1176755254895955e-05,0.0
202706,2027-06-16,0.7095890410958904,49640.0,40400.0,put,0,1010.0,0.27015377487914516,2.1015975502543355e-05,0.0
202706,2027-06-16,0.7095890410958904,49640.0,40600.0,call,0,9960.0,0.25672950016659357,2.1690656525481136e-05,0.0
202706,2027-06-16,0.7095890410958904,49640.0,40600.0,put,1,1050.0,0.2698072162004602,2.1487126782085623e-05,0.010666209734627303
202706,2027-06-16,0.7095890410958904,49640.0,40800.0,call,0,9810.0,0.25755204305384855,2.2188815681851925e-05,0.0
202706,2027-06-16,0.7095890410958904,49640.0,40800.0,put,1,1090.0,0.26935081000286726,2.1960678305437832e-05,0.01090128071081934
202706,2027-06-16,0.7095890410958904,49640.0,41000.0,call,2,9650.0,0.25722960437349646,2.2701853920139915e-05,0.022538400571914908
202706,2027-06-16,0.7095890410958904,49640.0,41000.0,put,1,1130.0,0.26878946613026095,2.2437253582765973e-05,0.01113785267848503
202706,2027-06-16,0.7095890410958904,49640.0,41200.0,call,0,9490.0,0.2567932847733041,2.3217500414593614e-05,0.0
202706,2027-06-16,0.7095890410958904,49640.0,41200.0,put,1,1150.0,0.2662618069582411,2.2969854839714355e-05,0.011402235942434205
202706,2027-06-16,0.7095890410958904,49640.0,41400.0,call,0,9340.0,0.25718737652721524,2.3709844648148674e-05,0.0
202706,2027-06-16,0.7095890410958904,49640.0,41400.0,put,0,1220.0,0.26828234090803627,2.3372699048433193e-05,0.0
202706,2027-06-16,0.7095890410958904,49640.0,41600.0,call,0,9180.0,0.2565205817765694,2.4229848577257793e-05,0.0
202706,2027-06-16,0.7095890410958904,49640.0,41600.0,put,2,1260.0,0.2674153788894101,2.3859244602919055e-05,0.023687458041778037
202706,2027-06-16,0.7095890410958904,49640.0,41800.0,call,0,9030.0,0.2566573278734963,2.472178373346574e-05,0.0
202706,2027-06-16,0.7095890410958904,49640.0,41800.0,put,4,1310.0,0.2673402050404395,2.431674424168345e-05,0.04828332736628666
202706,2027-06-16,0.7095890410958904,49640.0,42000.0,call,1,8880.0,0.25666544454466106,2.5213227788179114e-05,0.012515846274052111
202706,2027-06-16,0.7095890410958904,49640.0,42000.0,put,2,1350.0,0.2662844008053437,2.4811952262074153e-05,0.024633306205787218
202706,2027-06-16,0.7095890410958904,49640.0,42200.0,call,0,8730.0,0.2565510951258613,2.5705027950223565e-05,0.0
202706,2027-06-16,0.7095890410958904,49640.0,42200.0,put,0,1400.0,0.2659974579647261,2.5274154267473178e-05,0.0
202706,2027-06-16,0.7095890410958904,49640.0,42400.0,call,0,8580.0,0.2563197983034613,2.6197967743207384e-05,0.0
202706,2027-06-16,0.7095890410958904,49640.0,42400.0,put,0,1450.0,0.2656033318729428,2.5738337268410933e-05,0.0
202706,2027-06-16,0.7095890410958904,49640.0,42600.0,call,0,8440.0,0.2568128585860631,2.6648391198768057e-05,0.0
202706,2027-06-16,0.7095890410958904,49640.0,42600.0,put,0,1500.0,0.26510612000707257,2.620508898394914e-05,0.0
202706,2027-06-16,0.7095890410958904,49640.0,42800.0,call,0,8290.0,0.2563482303950086,2.714311156653167e-05,0.0
202706,2027-06-16,0.7095890410958904,49640.0,42800.0,put,0,1550.0,0.26450952927783894,2.66749694453901e-05,0.0
202706,2027-06-16,0.7095890410958904,49640.0,43000.0,call,1,8140.0,0.2557808150729301,2.7641093335225093e-05,0.013721038731605737
202706,2027-06-16,0.7095890410958904,49640.0,43000.0,put,4,1600.0,0.263816916258779,2.7148516307560306e-05,0.053906093980291746
202706,2027-06-16,0.7095890410958904,49640.0,43200.0,call,0,8000.0,0.25591024542976754,2.809084694938283e-05,0.0
202706,2027-06-16,0.7095890410958904,49640.0,43200.0,put,0,1650.0,0.26303132147175684,2.7626249479722555e-05,0.0
202706,2027-06-16,0.7095890410958904,49640.0,43400.0,call,0,7860.0,0.25591937953763816,2.8540180136842767e-05,0.0
202706,2027-06-16,0.7095890410958904,49640.0,43400.0,put,2,1710.0,0.26293121148195375,2.8055302992049576e-05,0.02785330481050682
202706,2027-06-16,0.7095890410958904,49640.0,43600.0,call,0,7720.0,0.2558130697554122,2.898980273576183e-05,0.0
202706,2027-06-16,0.7095890410958904,49640.0,43600.0,put,2,1760.0,0.2619572673170299,2.854066747627135e-05,0.0283351746704422
202706,2027-06-16,0.7095890410958904,49640.0,43800.0,call,0,7580.0,0.2555956797989475,2.944037244347069e-05,0.0
202706,2027-06-16,0.7095890410958904,49640.0,43800.0,put,0,1820.0,0.26165303450973476,2.8974014683299736e-05,0.0
202706,2027-06-16,0.7095890410958904,49640.0,44000.0,call,1,7440.0,0.25527113887372815,2.9892503361426933e-05,0.01483863866861233
202706,2027-06-16,0.7095890410958904,49640.0,44000.0,put,2,1880.0,0.26124632593314595,2.940925287063141e-05,0.029197506249962864
202706,2027-06-16,0.7095890410958904,49640.0,44200.0,call,0,7300.0,0.2548429873248362,3.0346773224086766e-05,0.0
202706,2027-06-16,0.7095890410958904,49640.0,44200.0,put,0,1940.0,0.26074032674166087,2.9846889649327594e-05,0.0
202706,2027-06-16,0.7095890410958904,49640.0,44400.0,call,0,7170.0,0.255044198591774,3.073838281396019e-05,0.0
202706,2027-06-16,0.7095890410958904,49640.0,44400.0,put,4,2010.0,0.2608635422739865,3.022389829748783e-05,0.060012572459491834
202706,2027-06-16,0.7095890410958904,49640.0,44600.0,call,0,7030.0,0.2544091350787897,3.1196446433443704e-05,0.0
202706,2027-06-16,0.7095890410958904,49640.0,44600.0,put,5,2070.0,0.2601587698104853,3.066580739718103e-05,0.07611253395980333
202706,2027-06-16,0.7095890410958904,49640.0,44800.0,call,0,6890.0,0.2536795576519174,3.165823436144923e-05,0.0
202706,2027-06-16,0.7095890410958904,49640.0,44800.0,put,2,2130.0,0.25936293196521587,3.1111520528401904e-05,0.030887517580597414
202706,2027-06-16,0.7095890410958904,49640.0,45000.0,call,1,6770.0,0.2542651277223773,3.1981844124498725e-05,0.015875787423401167
202706,2027-06-16,0.7095890410958904,49640.0,45000.0,put,3,2200.0,0.2591789702241834,3.1492378715201454e-05,0.04689845038267801
202706,2027-06-16,0.7095890410958904,49640.0,45200.0,call,0,6640.0,0.25403346592398424,3.2375596805933694e-05,0.0
202706,2027-06-16,0.7095890410958904,49640.0,45200.0,put,0,2270.0,0.25889289299752544,3.1874312822565134e-05,0.0
202706,2027-06-16,0.7095890410958904,49640.0,45400.0,call,0,6510.0,0.25369949123219265,3.277070423143712e-05,0.0
202706,2027-06-16,0.7095890410958904,49640.0,45400.0,put,0,2330.0,0.25782150882657184,3.233011608649888e-05,0.0
202706,2027-06-16,0.7095890410958904,49640.0,45600.0,call,0,6380.0,0.2532659076466811,3.3167616995349326e-05,0.0
202706,2027-06-16,0.7095890410958904,49640.0,45600.0,put,0,2400.0,0.2573461376001944,3.271708671232261e-05,0.0
202706,2027-06-16,0.7095890410958904,49640.0,45800.0,call,0,6250.0,0.25273513847684326,3.3566760309767785e-05,0.0
202706,2027-06-16,0.7095890410958904,49640.0,45800.0,put,0,2470.0,0.2567758376181544,3.3106351212589906e-05,0.0
202706,2027-06-16,0.7095890410958904,49640.0,46000.0,call,1,6130.0,0.25277707128362004,3.3889289705799545e-05,0.016822643409958895
202706,2027-06-16,0.7095890410958904,49640.0,46000.0,put,5,2550.0,0.25677916139424556,3.3421111871169315e-05,0.08295119966424223
202706,2027-06-16,0.7095890410958904,49640.0,46200.0,call,1,6000.0,0.2520522192840685,3.429241500138433e-05,0.01702275480668718
202706,2027-06-16,0.7095890410958904,49640.0,46200.0,put,0,2610.0,0.25535836136861606,3.389323655908845e-05,0.0
202706,2027-06-16,0.7095890410958904,49640.0,46400.0,call,0,5880.0,0.2518922564263016,3.4616708444457654e-05,0.0
202706,2027-06-16,0.7095890410958904,49640.0,46400.0,put,0,2690.0,0.25516980134869255,3.4211186715916635e-05,0.0
202706,2027-06-16,0.7095890410958904,49640.0,46600.0,call,0,5760.0,0.2516319391244093,3.4941785947432945e-05,0.0
202706,2027-06-16,0.7095890410958904,49640.0,46600.0,put,0,2770.0,0.25488261863413786,3.45299871672299e-05,0.0
202706,2027-06-16,0.7095890410958904,49640.0,46800.0,call,0,5640.0,0.2512734794554883,3.5267986989426826e-05,0.0
202706,2027-06-16,0.7095890410958904,49640.0,46800.0,put,0,2840.0,0.2538540531568241,3.493279139620661e-05,0.0
202706,2027-06-16,0.7095890410958904,49640.0,47000.0,call,0,5510.0,0.25017821629080905,3.568166963791407e-05,0.0
202706,2027-06-16,0.7095890410958904,49640.0,47000.0,put,70,2920.0,0.25338043757521433,3.525544616629127e-05,1.225056243386289
202706,2027-06-16,0.7095890410958904,49640.0,47200.0,call,0,5400.0,0.2502697556623289,3.5924995605455904e-05,0.0
202706,2027-06-16,0.7095890410958904,49640.0,47200.0,put,0,3000.0,0.2528135627085369,3.557983671554827e-05,0.0
202706,2027-06-16,0.7095890410958904,49640.0,47400.0,call,0,5290.0,0.2502596120674039,3.616820934627433e-05,0.0
202706,2027-06-16,0.7095890410958904,49640.0,47400.0,put,0,3090.0,0.2527865354389749,3.5819713432123834e-05,0.0
202706,2027-06-16,0.7095890410958904,49640.0,47600.0,call,0,5170.0,0.24952205336614813,3.650057498265774e-05,0.0
202706,2027-06-16,0.7095890410958904,49640.0,47600.0,put,0,3170.0,0.2520334706329156,3.6147106253215724e-05,0.0
202706,2027-06-16,0.7095890410958904,49640.0,47800.0,call,0,5070.0,0.2499427847507042,3.665533677188869e-05,0.0
202706,2027-06-16,0.7095890410958904,49640.0,47800.0,put,0,3260.0,0.2518153592111849,3.638840005397455e-05,0.0
202706,2027-06-16,0.7095890410958904,49640.0,48000.0,call,1,4960.0,0.24963975157399423,3.6899700125474265e-05,0.018317011142285428
202706,2027-06-16,0.7095890410958904,49640.0,48000.0,put,22,3350.0,0.2515022295348512,3.663030775259037e-05,0.40003226490448895
202706,2027-06-16,0.7095890410958904,49640.0,48200.0,call,0,4840.0,0.2486246145065708,3.72363431085462e-05,0.0
202706,2027-06-16,0.7095890410958904,49640.0,48200.0,put,0,3430.0,0.250477829112902,3.696319250078288e-05,0.0
202706,2027-06-16,0.7095890410958904,49640.0,48400.0,call,0,4730.0,0.24813701927751036,3.7483285826863825e-05,0.0
202706,2027-06-16,0.7095890410958904,49640.0,48400.0,put,2,3510.0,0.24936679643986806,3.72990967542328e-05,0.03703054325760233
202706,2027-06-16,0.7095890410958904,49640.0,48600.0,call,0,4620.0,0.24755718701063747,3.773133556901207e-05,0.0
202706,2027-06-16,0.7095890410958904,49640.0,48600.0,put,1,3600.0,0.24878175389599333,3.7545488785188445e-05,0.018637580632967544
202706,2027-06-16,0.7095890410958904,49640.0,48800.0,call,0,4520.0,0.24749593598443814,3.788663652851454e-05,0.0
202706,2027-06-16,0.7095890410958904,49640.0,48800.0,put,0,3700.0,0.24871579583909853,3.770002838009525e-05,0.0
202706,2027-06-16,0.7095890410958904,49640.0,49000.0,call,28,4420.0,0.24733982361354734,3.804205730405316e-05,0.5287541628804956
202706,2027-06-16,0.7095890410958904,49640.0,49000.0,put,7,3790.0,0.24794764397378957,3.794814787949668e-05,0.1318622242516751
202706,2027-06-16,0.7095890410958904,49640.0,49200.0,call,0,4320.0,0.24709009866061102,3.819767956814247e-05,0.0
202706,2027-06-16,0.7095890410958904,49640.0,49200.0,put,0,3890.0,0.24769605597353975,3.8103390775432945e-05,0.0
202706,2027-06-16,0.7095890410958904,49640.0,49400.0,call,0,4210.0,0.2461434954274851,3.844869023275757e-05,0.0
202706,2027-06-16,0.7095890410958904,49640.0,49400.0,put,0,3980.0,0.24674781280830024,3.835356235042988e-05,0.0
202706,2027-06-16,0.7095890410958904,49640.0,49600.0,call,0,4120.0,0.24631382726715906,3.850974267951843e-05,0.0
202706,2027-06-16,0.7095890410958904,49640.0,49600.0,put,0,4080.0,0.24631382726715897,3.850974267951845e-05,0.0
202706,2027-06-16,0.7095890410958904,49640.0,49800.0,call,15,4000.0,0.24458529450203412,3.885848733102983e-05,0.28934029666684813
202706,2027-06-16,0.7095890410958904,49640.0,49800.0,put,0,4160.0,0.24458529450203415,3.8858487331029825e-05,0.0
202706,2027-06-16,0.7095890410958904,49640.0,50000.0,call,58,3910.0,0.24457243231231232,3.8919310741542033e-05,1.120533659421885
202706,2027-06-16,0.7095890410958904,49640.0,50000.0,put,12,4270.0,0.24457243231231196,3.891931074154209e-05,0.23183455022521793
202706,2027-06-16,0.7095890410958904,49640.0,50200.0,call,22,3820.0,0.2444675159257379,3.898011127252828e-05,0.4256939991850269
202706,2027-06-16,0.7095890410958904,49640.0,50200.0,put,0,4370.0,0.2438673639236161,3.907677051821549e-05,0.0
202706,2027-06-16,0.7095890410958904,49640.0,50400.0,call,24,3720.0,0.24367166561505904,3.9137411709383614e-05,0.4662674681409126
202706,2027-06-16,0.7095890410958904,49640.0,50400.0,put,0,4470.0,0.2430719715745972,3.923445417718712e-05,0.0
202706,2027-06-16,0.7095890410958904,49640.0,50600.0,call,0,3630.0,0.24338514790760252,3.919790512256352e-05,0.0
202706,2027-06-16,0.7095890410958904,49640.0,50600.0,put,0,4580.0,0.24278567206207707,3.929485874668324e-05,0.0
202706,2027-06-16,0.7095890410958904,49640.0,50800.0,call,8,3540.0,0.2430082720381077,3.925815476131533e-05,0.15590198418813545
202706,2027-06-16,0.7095890410958904,49640.0,50800.0,put,0,4690.0,0.24240878493356366,3.935501678126108e-05,0.0
202706,2027-06-16,0.7095890410958904,49640.0,51000.0,call,0,3450.0,0.24254132073548906,3.931804128825841e-05,0.0
202706,2027-06-16,0.7095890410958904,49640.0,51000.0,put,4,4790.0,0.2413418500527987,3.9512040956773004e-05,0.07845510852376848
202706,2027-06-16,0.7095890410958904,49640.0,51200.0,call,0,3360.0,0.2419843977686797,3.937742077703256e-05,0.0
202706,2027-06-16,0.7095890410958904,49640.0,51200.0,put,0,4910.0,0.241384189775936,3.9474085010339475e-05,0.0
202706,2027-06-16,0.7095890410958904,49640.0,51400.0,call,0,3280.0,0.24193832335336452,3.934002921425834e-05,0.0
202706,2027-06-16,0.7095890410958904,49640.0,51400.0,put,0,5020.0,0.24073649981379777,3.953267708439731e-05,0.0
202706,2027-06-16,0.7095890410958904,49640.0,51600.0,call,0,3200.0,0.24180380541046526,3.930245444768263e-05,0.0
202706,2027-06-16,0.7095890410958904,49640.0,51600.0,put,0,5140.0,0.24060014266810453,3.949394933503832e-05,0.0
202706,2027-06-16,0.7095890410958904,49640.0,51800.0,call,0,3130.0,0.24218401733382555,3.9170003515709573e-05,0.0
202706,2027-06-16,0.7095890410958904,49640.0,51800.0,put,0,5260.0,0.24037515250765307,3.945482746138397e-05,0.0
202706,2027-06-16,0.7095890410958904,49640.0,52000.0,call,1,3050.0,0.2418746134872375,3.9132026205466925e-05,0.01942513780839378
202706,2027-06-16,0.7095890410958904,49640.0,52000.0,put,0,5380.0,0.24006161869975243,3.941508471266583e-05,0.0
202706,2027-06-16,0.7095890410958904,49640.0,52200.0,call,1,2960.0,0.24087143168081512,3.918652888668928e-05,0.019452192939352558
202706,2027-06-16,0.7095890410958904,49640.0,52200.0,put,0,5490.0,0.23905335028177963,3.946910042264456e-05,0.0
202706,2027-06-16,0.7095890410958904,49640.0,52400.0,call,1,2870.0,0.23977631197116203,3.92391370841091e-05,0.019478307648551758
202706,2027-06-16,0.7095890410958904,49640.0,52400.0,put,0,5600.0,0.23795229978178442,3.9521147788309744e-05,0.0
202706,2027-06-16,0.7095890410958904,49640.0,52600.0,call,0,2800.0,0.23980799937954075,3.9104055410634804e-05,0.0
202706,2027-06-16,0.7095890410958904,49640.0,52600.0,put,0,5730.0,0.2379778532954304,3.9382835990031436e-05,0.0
202706,2027-06-16,0.7095890410958904,49640.0,52800.0,call,0,2730.0,0.23975463711202658,3.8968934149396485e-05,0.0
202706,2027-06-16,0.7095890410958904,49640.0,52800.0,put,0,5850.0,0.2373050621048726,3.933714143426033e-05,0.0
202706,2027-06-16,0.7095890410958904,49640.0,53000.0,call,2,2660.0,0.2396161853674398,3.883346401756294e-05,0.03855386307663649
202706,2027-06-16,0.7095890410958904,49640.0,53000.0,put,0,5980.0,0.23715648761124528,3.9197262519110214e-05,0.0
202706,2027-06-16,0.7095890410958904,49640.0,53200.0,call,0,2590.0,0.23939244338426802,3.8697314971133795e-05,0.0
202706,2027-06-16,0.7095890410958904,49640.0,53200.0,put,0,6110.0,0.23692161437612422,3.905663699928786e-05,0.0
202706,2027-06-16,0.7095890410958904,49640.0,53400.0,call,0,2520.0,0.23908304505348896,3.856013371133834e-05,0.0
202706,2027-06-16,0.7095890410958904,49640.0,53400.0,put,0,6240.0,0.23660003237982222,3.8914891881197084e-05,0.0
202706,2027-06-16,0.7095890410958904,49640.0,53600.0,call,0,2460.0,0.2393109701951199,3.8334954322478805e-05,0.0
202706,2027-06-16,0.7095890410958904,49640.0,53600.0,put,0,6370.0,0.23619115339549154,3.877162603541549e-05,0.0
202706,2027-06-16,0.7095890410958904,49640.0,53800.0,call,0,2390.0,0.2388320091126925,3.819571256142297e-05,0.0
202706,2027-06-16,0.7095890410958904,49640.0,53800.0,put,0,6500.0,0.23569420255768853,3.862640647838082e-05,0.0
202706,2027-06-16,0.7095890410958904,49640.0,54000.0,call,0,2330.0,0.23889615672313871,3.7970386618702504e-05,0.0
202706,2027-06-16,0.7095890410958904,49640.0,54000.0,put,0,6630.0,0.23510820786603456,3.847876403530904e-05,0.0
202706,2027-06-16,0.7095890410958904,49640.0,54200.0,call,0,2270.0,0.238879650710054,3.774517662635638e-05,0.0
202706,2027-06-16,0.7095890410958904,49640.0,54200.0,put,0,6770.0,0.2350683193034472,3.824389100258643e-05,0.0
202706,2027-06-16,0.7095890410958904,49640.0,54400.0,call,0,2200.0,0.23814356462521613,3.760036981230952e-05,0.0
202706,2027-06-16,0.7095890410958904,49640.0,54400.0,put,0,6900.0,0.23430511539680307,3.8091190970122025e-05,0.0
202706,2027-06-16,0.7095890410958904,49640.0,54600.0,call,0,2140.0,0.23796004588402603,3.7372537950186865e-05,0.0
202706,2027-06-16,0.7095890410958904,49640.0,54600.0,put,0,7040.0,0.23409461348345598,3.785326664136483e-05,0.0
202706,2027-06-16,0.7095890410958904,49640.0,54800.0,call,0,2080.0,0.23769392581369916,3.714351490936753e-05,0.0
202706,2027-06-16,0.7095890410958904,49640.0,54800.0,put,0,7180.0,0.23379965363751293,3.7613921141563214e-05,0.0
202706,2027-06-16,0.7095890410958904,49640.0,55000.0,call,13,2020.0,0.23734430786171992,3.69128214968505e-05,0.23820581968347565
202706,2027-06-16,0.7095890410958904,49640.0,55000.0,put,0,7320.0,0.2334192222839342,3.737262934468595e-05,0.0
202706,2027-06-16,0.7095890410958904,49640.0,55200.0,call,22,1970.0,0.2375680021526609,3.660599597171376e-05,0.3997667608078916
202706,2027-06-16,0.7095890410958904,49640.0,55200.0,put,0,7460.0,0.23295210755856183,3.712883028443093e-05,0.0
202706,2027-06-16,0.7095890410958904,49640.0,55400.0,call,0,1920.0,0.23771667590469459,3.6300291831555484e-05,0.0
202706,2027-06-16,0.7095890410958904,49640.0,55400.0,put,0,7600.0,0.23239688410195503,3.6881921554427687e-05,0.0
202706,2027-06-16,0.7095890410958904,49640.0,55600.0,call,15,1860.0,0.23712138508542724,3.6065115047246375e-05,0.2685408466417965
202706,2027-06-16,0.7095890410958904,49640.0,55600.0,put,0,7750.0,0.2324252564383655,3.6559776532866594e-05,0.0
202706,2027-06-16,0.7095890410958904,49640.0,55800.0,call,1,1810.0,0.23711271410365814,3.575820707221928e-05,0.017750373990649652
202706,2027-06-16,0.7095890410958904,49640.0,55800.0,put,0,7890.0,0.23169544831698083,3.630674983454616e-05,0.0
202706,2027-06-16,0.7095890410958904,49640.0,56000.0,call,4,1760.0,0.23702685182693423,3.545099955255238e-05,0.07039150471154802
202706,2027-06-16,0.7095890410958904,49640.0,56000.0,put,0,8040.0,0.23155906049723074,3.598158423835536e-05,0.0
202706,2027-06-16,0.7095890410958904,49640.0,56200.0,call,2,1710.0,0.23686286660584158,3.514298928781418e-05,0.03488995976494192
202706,2027-06-16,0.7095890410958904,49640.0,56200.0,put,0,8190.0,0.23134161095126177,3.565518305693478e-05,0.0
202706,2027-06-16,0.7095890410958904,49640.0,56400.0,call,1,1660.0,0.2366196610325633,3.4833649077825826e-05,0.01729142340223274
202706,2027-06-16,0.7095890410958904,49640.0,56400.0,put,0,8340.0,0.231041790306519,3.532694282086647e-05,0.0
202706,2027-06-16,0.7095890410958904,49640.0,56600.0,call,2,1610.0,0.23629595947727844,3.4522423482688484e-05,0.03427386203361313
202706,2027-06-16,0.7095890410958904,49640.0,56600.0,put,0,8480.0,0.22994909699613406,3.505574075526381e-05,0.0
202706,2027-06-16,0.7095890410958904,49640.0,56800.0,call,12,1570.0,0.23659854919926995,3.4152212150180155e-05,0.20343789733619316
202706,2027-06-16,0.7095890410958904,49640.0,56800.0,put,0,8640.0,0.2301887570626457,3.466234577947381e-05,0.0
202706,2027-06-16,0.7095890410958904,49640.0,57000.0,call,0,1530.0,0.23683261090934293,3.378385893443626e-05,0.0
202706,2027-06-16,0.7095890410958904,49640.0,57000.0,put,0,8790.0,0.2296318255771295,3.43245771071415e-05,0.0
202706,2027-06-16,0.7095890410958904,49640.0,57200.0,call,0,1480.0,0.23627480580334437,3.346839062045423e-05,0.0
202706,2027-06-16,0.7095890410958904,49640.0,57200.0,put,0,8950.0,0.2297193879314356,3.393092526147744e-05,0.0
202706,2027-06-16,0.7095890410958904,49640.0,57400.0,call,12,1440.0,0.23636197498055492,3.3099767380842026e-05,0.1971686943341998
202706,2027-06-16,0.7095890410958904,49640.0,57400.0,put,0,9100.0,0.22899014183156194,3.3585957324372455e-05,0.0
202706,2027-06-16,0.7095890410958904,49640.0,57600.0,call,1,1400.0,0.23637788070222546,3.273151236073302e-05,0.01624792273586787
202706,2027-06-16,0.7095890410958904,49640.0,57600.0,put,0,9260.0,0.228919743845375,3.318952335072738e-05,0.0
202706,2027-06-16,0.7095890410958904,49640.0,57800.0,call,34,1360.0,0.23632144040133776,3.236311084495628e-05,0.5462116395968342
202706,2027-06-16,0.7095890410958904,49640.0,57800.0,put,0,9410.0,0.2280093040634947,3.283425403737871e-05,0.0
